//===- bert_unicode_tables.hpp ------------------------------*- C++ -*-===//
//
// GENERATED by tools/gen/gen_tokenizer_tables.py -- DO NOT EDIT.
// SPDX-License-Identifier: Apache-2.0
//
// The Unicode facts BERT's BasicTokenizer is defined in terms of, computed
// from Python 3.14.7's unicodedata (UCD 16.0.0) so the C++ agrees with HuggingFace by
// construction rather than by careful reading.
//
//   fold      16327 codepoints whose lower()+NFD-drop-Mn differs
//   punct     193 ranges
//   control   738 ranges
//   space     9 ranges

#pragma once
#include <cstdint>

namespace bert_uni {

inline constexpr const char *kUnicodeVersion = "16.0.0";
inline constexpr uint32_t kGreekCapitalSigma = 0x3A3;
inline constexpr uint32_t kGreekSmallSigma = 0x3C3;
inline constexpr uint32_t kGreekFinalSigma = 0x3C2;

struct CpRange { uint32_t lo, hi; };
struct FoldEntry { uint32_t cp; uint32_t off; uint32_t len; };

inline constexpr uint32_t kFoldData[] = {
    0x61, 0x62, 0x63, 0x64, 0x65, 0x66, 0x67, 0x68, 0x69, 0x6A, 0x6B, 0x6C,
    0x6D, 0x6E, 0x6F, 0x70, 0x71, 0x72, 0x73, 0x74, 0x75, 0x76, 0x77, 0x78,
    0x79, 0x7A, 0x61, 0x61, 0x61, 0x61, 0x61, 0x61, 0xE6, 0x63, 0x65, 0x65,
    0x65, 0x65, 0x69, 0x69, 0x69, 0x69, 0xF0, 0x6E, 0x6F, 0x6F, 0x6F, 0x6F,
    0x6F, 0xF8, 0x75, 0x75, 0x75, 0x75, 0x79, 0xFE, 0x61, 0x61, 0x61, 0x61,
    0x61, 0x61, 0x63, 0x65, 0x65, 0x65, 0x65, 0x69, 0x69, 0x69, 0x69, 0x6E,
    0x6F, 0x6F, 0x6F, 0x6F, 0x6F, 0x75, 0x75, 0x75, 0x75, 0x79, 0x79, 0x61,
    0x61, 0x61, 0x61, 0x61, 0x61, 0x63, 0x63, 0x63, 0x63, 0x63, 0x63, 0x63,
    0x63, 0x64, 0x64, 0x111, 0x65, 0x65, 0x65, 0x65, 0x65, 0x65, 0x65, 0x65,
    0x65, 0x65, 0x67, 0x67, 0x67, 0x67, 0x67, 0x67, 0x67, 0x67, 0x68, 0x68,
    0x127, 0x69, 0x69, 0x69, 0x69, 0x69, 0x69, 0x69, 0x69, 0x69, 0x133, 0x6A,
    0x6A, 0x6B, 0x6B, 0x6C, 0x6C, 0x6C, 0x6C, 0x6C, 0x6C, 0x140, 0x142, 0x6E,
    0x6E, 0x6E, 0x6E, 0x6E, 0x6E, 0x14B, 0x6F, 0x6F, 0x6F, 0x6F, 0x6F, 0x6F,
    0x153, 0x72, 0x72, 0x72, 0x72, 0x72, 0x72, 0x73, 0x73, 0x73, 0x73, 0x73,
    0x73, 0x73, 0x73, 0x74, 0x74, 0x74, 0x74, 0x167, 0x75, 0x75, 0x75, 0x75,
    0x75, 0x75, 0x75, 0x75, 0x75, 0x75, 0x75, 0x75, 0x77, 0x77, 0x79, 0x79,
    0x79, 0x7A, 0x7A, 0x7A, 0x7A, 0x7A, 0x7A, 0x253, 0x183, 0x185, 0x254, 0x188,
    0x256, 0x257, 0x18C, 0x1DD, 0x259, 0x25B, 0x192, 0x260, 0x263, 0x269, 0x268, 0x199,
    0x26F, 0x272, 0x275, 0x6F, 0x6F, 0x1A3, 0x1A5, 0x280, 0x1A8, 0x283, 0x1AD, 0x288,
    0x75, 0x75, 0x28A, 0x28B, 0x1B4, 0x1B6, 0x292, 0x1B9, 0x1BD, 0x1C6, 0x1C6, 0x1C9,
    0x1C9, 0x1CC, 0x1CC, 0x61, 0x61, 0x69, 0x69, 0x6F, 0x6F, 0x75, 0x75, 0x75,
    0x75, 0x75, 0x75, 0x75, 0x75, 0x75, 0x75, 0x61, 0x61, 0x61, 0x61, 0xE6,
    0xE6, 0x1E5, 0x67, 0x67, 0x6B, 0x6B, 0x6F, 0x6F, 0x6F, 0x6F, 0x292, 0x292,
    0x6A, 0x1F3, 0x1F3, 0x67, 0x67, 0x195, 0x1BF, 0x6E, 0x6E, 0x61, 0x61, 0xE6,
    0xE6, 0xF8, 0xF8, 0x61, 0x61, 0x61, 0x61, 0x65, 0x65, 0x65, 0x65, 0x69,
    0x69, 0x69, 0x69, 0x6F, 0x6F, 0x6F, 0x6F, 0x72, 0x72, 0x72, 0x72, 0x75,
    0x75, 0x75, 0x75, 0x73, 0x73, 0x74, 0x74, 0x21D, 0x68, 0x68, 0x19E, 0x223,
    0x225, 0x61, 0x61, 0x65, 0x65, 0x6F, 0x6F, 0x6F, 0x6F, 0x6F, 0x6F, 0x6F,
    0x6F, 0x79, 0x79, 0x2C65, 0x23C, 0x19A, 0x2C66, 0x242, 0x180, 0x289, 0x28C, 0x247,
    0x249, 0x24B, 0x24D, 0x24F, 0x371, 0x373, 0x2B9, 0x377, 0x3B, 0x3F3, 0xA8, 0x3B1,
    0xB7, 0x3B5, 0x3B7, 0x3B9, 0x3BF, 0x3C5, 0x3C9, 0x3B9, 0x3B1, 0x3B2, 0x3B3, 0x3B4,
    0x3B5, 0x3B6, 0x3B7, 0x3B8, 0x3B9, 0x3BA, 0x3BB, 0x3BC, 0x3BD, 0x3BE, 0x3BF, 0x3C0,
    0x3C1, 0x3C3, 0x3C4, 0x3C5, 0x3C6, 0x3C7, 0x3C8, 0x3C9, 0x3B9, 0x3C5, 0x3B1, 0x3B5,
    0x3B7, 0x3B9, 0x3C5, 0x3B9, 0x3C5, 0x3BF, 0x3C5, 0x3C9, 0x3D7, 0x3D2, 0x3D2, 0x3D9,
    0x3DB, 0x3DD, 0x3DF, 0x3E1, 0x3E3, 0x3E5, 0x3E7, 0x3E9, 0x3EB, 0x3ED, 0x3EF, 0x3B8,
    0x3F8, 0x3F2, 0x3FB, 0x37B, 0x37C, 0x37D, 0x435, 0x435, 0x452, 0x433, 0x454, 0x455,
    0x456, 0x456, 0x458, 0x459, 0x45A, 0x45B, 0x43A, 0x438, 0x443, 0x45F, 0x430, 0x431,
    0x432, 0x433, 0x434, 0x435, 0x436, 0x437, 0x438, 0x438, 0x43A, 0x43B, 0x43C, 0x43D,
    0x43E, 0x43F, 0x440, 0x441, 0x442, 0x443, 0x444, 0x445, 0x446, 0x447, 0x448, 0x449,
    0x44A, 0x44B, 0x44C, 0x44D, 0x44E, 0x44F, 0x438, 0x435, 0x435, 0x433, 0x456, 0x43A,
    0x438, 0x443, 0x461, 0x463, 0x465, 0x467, 0x469, 0x46B, 0x46D, 0x46F, 0x471, 0x473,
    0x475, 0x475, 0x475, 0x479, 0x47B, 0x47D, 0x47F, 0x481, 0x48B, 0x48D, 0x48F, 0x491,
    0x493, 0x495, 0x497, 0x499, 0x49B, 0x49D, 0x49F, 0x4A1, 0x4A3, 0x4A5, 0x4A7, 0x4A9,
    0x4AB, 0x4AD, 0x4AF, 0x4B1, 0x4B3, 0x4B5, 0x4B7, 0x4B9, 0x4BB, 0x4BD, 0x4BF, 0x4CF,
    0x436, 0x436, 0x4C4, 0x4C6, 0x4C8, 0x4CA, 0x4CC, 0x4CE, 0x430, 0x430, 0x430, 0x430,
    0x4D5, 0x435, 0x435, 0x4D9, 0x4D9, 0x4D9, 0x436, 0x436, 0x437, 0x437, 0x4E1, 0x438,
    0x438, 0x438, 0x438, 0x43E, 0x43E, 0x4E9, 0x4E9, 0x4E9, 0x44D, 0x44D, 0x443, 0x443,
    0x443, 0x443, 0x443, 0x443, 0x447, 0x447, 0x4F7, 0x44B, 0x44B, 0x4FB, 0x4FD, 0x4FF,
    0x501, 0x503, 0x505, 0x507, 0x509, 0x50B, 0x50D, 0x50F, 0x511, 0x513, 0x515, 0x517,
    0x519, 0x51B, 0x51D, 0x51F, 0x521, 0x523, 0x525, 0x527, 0x529, 0x52B, 0x52D, 0x52F,
    0x561, 0x562, 0x563, 0x564, 0x565, 0x566, 0x567, 0x568, 0x569, 0x56A, 0x56B, 0x56C,
    0x56D, 0x56E, 0x56F, 0x570, 0x571, 0x572, 0x573, 0x574, 0x575, 0x576, 0x577, 0x578,
    0x579, 0x57A, 0x57B, 0x57C, 0x57D, 0x57E, 0x57F, 0x580, 0x581, 0x582, 0x583, 0x584,
    0x585, 0x586, 0x627, 0x627, 0x648, 0x627, 0x64A, 0x6D5, 0x6C1, 0x6D2, 0x928, 0x930,
    0x933, 0x915, 0x916, 0x917, 0x91C, 0x921, 0x922, 0x92B, 0x92F, 0x9C7, 0x9BE, 0x9C7,
    0x9D7, 0x9A1, 0x9A2, 0x9AF, 0xA32, 0xA38, 0xA16, 0xA17, 0xA1C, 0xA2B, 0xB47, 0xB47,
    0xB3E, 0xB47, 0xB57, 0xB21, 0xB22, 0xB92, 0xBD7, 0xBC6, 0xBBE, 0xBC7, 0xBBE, 0xBC6,
    0xBD7, 0xCD5, 0xCD5, 0xCD6, 0xCC2, 0xCC2, 0xCD5, 0xD46, 0xD3E, 0xD47, 0xD3E, 0xD46,
    0xD57, 0xDD9, 0xDD9, 0xDCF, 0xDD9, 0xDCF, 0xDD9, 0xDDF, 0xF42, 0xF4C, 0xF51, 0xF56,
    0xF5B, 0xF40, 0x1025, 0x2D00, 0x2D01, 0x2D02, 0x2D03, 0x2D04, 0x2D05, 0x2D06, 0x2D07, 0x2D08,
    0x2D09, 0x2D0A, 0x2D0B, 0x2D0C, 0x2D0D, 0x2D0E, 0x2D0F, 0x2D10, 0x2D11, 0x2D12, 0x2D13, 0x2D14,
    0x2D15, 0x2D16, 0x2D17, 0x2D18, 0x2D19, 0x2D1A, 0x2D1B, 0x2D1C, 0x2D1D, 0x2D1E, 0x2D1F, 0x2D20,
    0x2D21, 0x2D22, 0x2D23, 0x2D24, 0x2D25, 0x2D27, 0x2D2D, 0xAB70, 0xAB71, 0xAB72, 0xAB73, 0xAB74,
    0xAB75, 0xAB76, 0xAB77, 0xAB78, 0xAB79, 0xAB7A, 0xAB7B, 0xAB7C, 0xAB7D, 0xAB7E, 0xAB7F, 0xAB80,
    0xAB81, 0xAB82, 0xAB83, 0xAB84, 0xAB85, 0xAB86, 0xAB87, 0xAB88, 0xAB89, 0xAB8A, 0xAB8B, 0xAB8C,
    0xAB8D, 0xAB8E, 0xAB8F, 0xAB90, 0xAB91, 0xAB92, 0xAB93, 0xAB94, 0xAB95, 0xAB96, 0xAB97, 0xAB98,
    0xAB99, 0xAB9A, 0xAB9B, 0xAB9C, 0xAB9D, 0xAB9E, 0xAB9F, 0xABA0, 0xABA1, 0xABA2, 0xABA3, 0xABA4,
    0xABA5, 0xABA6, 0xABA7, 0xABA8, 0xABA9, 0xABAA, 0xABAB, 0xABAC, 0xABAD, 0xABAE, 0xABAF, 0xABB0,
    0xABB1, 0xABB2, 0xABB3, 0xABB4, 0xABB5, 0xABB6, 0xABB7, 0xABB8, 0xABB9, 0xABBA, 0xABBB, 0xABBC,
    0xABBD, 0xABBE, 0xABBF, 0x13F8, 0x13F9, 0x13FA, 0x13FB, 0x13FC, 0x13FD, 0x1B05, 0x1B35, 0x1B07,
    0x1B35, 0x1B09, 0x1B35, 0x1B0B, 0x1B35, 0x1B0D, 0x1B35, 0x1B11, 0x1B35, 0x1B35, 0x1B35, 0x1B3E,
    0x1B35, 0x1B3F, 0x1B35, 0x1B35, 0x1C8A, 0x10D0, 0x10D1, 0x10D2, 0x10D3, 0x10D4, 0x10D5, 0x10D6,
    0x10D7, 0x10D8, 0x10D9, 0x10DA, 0x10DB, 0x10DC, 0x10DD, 0x10DE, 0x10DF, 0x10E0, 0x10E1, 0x10E2,
    0x10E3, 0x10E4, 0x10E5, 0x10E6, 0x10E7, 0x10E8, 0x10E9, 0x10EA, 0x10EB, 0x10EC, 0x10ED, 0x10EE,
    0x10EF, 0x10F0, 0x10F1, 0x10F2, 0x10F3, 0x10F4, 0x10F5, 0x10F6, 0x10F7, 0x10F8, 0x10F9, 0x10FA,
    0x10FD, 0x10FE, 0x10FF, 0x61, 0x61, 0x62, 0x62, 0x62, 0x62, 0x62, 0x62, 0x63,
    0x63, 0x64, 0x64, 0x64, 0x64, 0x64, 0x64, 0x64, 0x64, 0x64, 0x64, 0x65,
    0x65, 0x65, 0x65, 0x65, 0x65, 0x65, 0x65, 0x65, 0x65, 0x66, 0x66, 0x67,
    0x67, 0x68, 0x68, 0x68, 0x68, 0x68, 0x68, 0x68, 0x68, 0x68, 0x68, 0x69,
    0x69, 0x69, 0x69, 0x6B, 0x6B, 0x6B, 0x6B, 0x6B, 0x6B, 0x6C, 0x6C, 0x6C,
    0x6C, 0x6C, 0x6C, 0x6C, 0x6C, 0x6D, 0x6D, 0x6D, 0x6D, 0x6D, 0x6D, 0x6E,
    0x6E, 0x6E, 0x6E, 0x6E, 0x6E, 0x6E, 0x6E, 0x6F, 0x6F, 0x6F, 0x6F, 0x6F,
    0x6F, 0x6F, 0x6F, 0x70, 0x70, 0x70, 0x70, 0x72, 0x72, 0x72, 0x72, 0x72,
    0x72, 0x72, 0x72, 0x73, 0x73, 0x73, 0x73, 0x73, 0x73, 0x73, 0x73, 0x73,
    0x73, 0x74, 0x74, 0x74, 0x74, 0x74, 0x74, 0x74, 0x74, 0x75, 0x75, 0x75,
    0x75, 0x75, 0x75, 0x75, 0x75, 0x75, 0x75, 0x76, 0x76, 0x76, 0x76, 0x77,
    0x77, 0x77, 0x77, 0x77, 0x77, 0x77, 0x77, 0x77, 0x77, 0x78, 0x78, 0x78,
    0x78, 0x79, 0x79, 0x7A, 0x7A, 0x7A, 0x7A, 0x7A, 0x7A, 0x68, 0x74, 0x77,
    0x79, 0x17F, 0xDF, 0x61, 0x61, 0x61, 0x61, 0x61, 0x61, 0x61, 0x61, 0x61,
    0x61, 0x61, 0x61, 0x61, 0x61, 0x61, 0x61, 0x61, 0x61, 0x61, 0x61, 0x61,
    0x61, 0x61, 0x61, 0x65, 0x65, 0x65, 0x65, 0x65, 0x65, 0x65, 0x65, 0x65,
    0x65, 0x65, 0x65, 0x65, 0x65, 0x65, 0x65, 0x69, 0x69, 0x69, 0x69, 0x6F,
    0x6F, 0x6F, 0x6F, 0x6F, 0x6F, 0x6F, 0x6F, 0x6F, 0x6F, 0x6F, 0x6F, 0x6F,
    0x6F, 0x6F, 0x6F, 0x6F, 0x6F, 0x6F, 0x6F, 0x6F, 0x6F, 0x6F, 0x6F, 0x75,
    0x75, 0x75, 0x75, 0x75, 0x75, 0x75, 0x75, 0x75, 0x75, 0x75, 0x75, 0x75,
    0x75, 0x79, 0x79, 0x79, 0x79, 0x79, 0x79, 0x79, 0x79, 0x1EFB, 0x1EFD, 0x1EFF,
    0x3B1, 0x3B1, 0x3B1, 0x3B1, 0x3B1, 0x3B1, 0x3B1, 0x3B1, 0x3B1, 0x3B1, 0x3B1, 0x3B1,
    0x3B1, 0x3B1, 0x3B1, 0x3B1, 0x3B5, 0x3B5, 0x3B5, 0x3B5, 0x3B5, 0x3B5, 0x3B5, 0x3B5,
    0x3B5, 0x3B5, 0x3B5, 0x3B5, 0x3B7, 0x3B7, 0x3B7, 0x3B7, 0x3B7, 0x3B7, 0x3B7, 0x3B7,
    0x3B7, 0x3B7, 0x3B7, 0x3B7, 0x3B7, 0x3B7, 0x3B7, 0x3B7, 0x3B9, 0x3B9, 0x3B9, 0x3B9,
    0x3B9, 0x3B9, 0x3B9, 0x3B9, 0x3B9, 0x3B9, 0x3B9, 0x3B9, 0x3B9, 0x3B9, 0x3B9, 0x3B9,
    0x3BF, 0x3BF, 0x3BF, 0x3BF, 0x3BF, 0x3BF, 0x3BF, 0x3BF, 0x3BF, 0x3BF, 0x3BF, 0x3BF,
    0x3C5, 0x3C5, 0x3C5, 0x3C5, 0x3C5, 0x3C5, 0x3C5, 0x3C5, 0x3C5, 0x3C5, 0x3C5, 0x3C5,
    0x3C9, 0x3C9, 0x3C9, 0x3C9, 0x3C9, 0x3C9, 0x3C9, 0x3C9, 0x3C9, 0x3C9, 0x3C9, 0x3C9,
    0x3C9, 0x3C9, 0x3C9, 0x3C9, 0x3B1, 0x3B1, 0x3B5, 0x3B5, 0x3B7, 0x3B7, 0x3B9, 0x3B9,
    0x3BF, 0x3BF, 0x3C5, 0x3C5, 0x3C9, 0x3C9, 0x3B1, 0x3B1, 0x3B1, 0x3B1, 0x3B1, 0x3B1,
    0x3B1, 0x3B1, 0x3B1, 0x3B1, 0x3B1, 0x3B1, 0x3B1, 0x3B1, 0x3B1, 0x3B1, 0x3B7, 0x3B7,
    0x3B7, 0x3B7, 0x3B7, 0x3B7, 0x3B7, 0x3B7, 0x3B7, 0x3B7, 0x3B7, 0x3B7, 0x3B7, 0x3B7,
    0x3B7, 0x3B7, 0x3C9, 0x3C9, 0x3C9, 0x3C9, 0x3C9, 0x3C9, 0x3C9, 0x3C9, 0x3C9, 0x3C9,
    0x3C9, 0x3C9, 0x3C9, 0x3C9, 0x3C9, 0x3C9, 0x3B1, 0x3B1, 0x3B1, 0x3B1, 0x3B1, 0x3B1,
    0x3B1, 0x3B1, 0x3B1, 0x3B1, 0x3B1, 0x3B1, 0x3B9, 0xA8, 0x3B7, 0x3B7, 0x3B7, 0x3B7,
    0x3B7, 0x3B5, 0x3B5, 0x3B7, 0x3B7, 0x3B7, 0x1FBF, 0x1FBF, 0x1FBF, 0x3B9, 0x3B9, 0x3B9,
    0x3B9, 0x3B9, 0x3B9, 0x3B9, 0x3B9, 0x3B9, 0x3B9, 0x1FFE, 0x1FFE, 0x1FFE, 0x3C5, 0x3C5,
    0x3C5, 0x3C5, 0x3C1, 0x3C1, 0x3C5, 0x3C5, 0x3C5, 0x3C5, 0x3C5, 0x3C5, 0x3C1, 0xA8,
    0xA8, 0x60, 0x3C9, 0x3C9, 0x3C9, 0x3C9, 0x3C9, 0x3BF, 0x3BF, 0x3C9, 0x3C9, 0x3C9,
    0xB4, 0x2002, 0x2003, 0x3C9, 0x6B, 0x61, 0x214E, 0x2170, 0x2171, 0x2172, 0x2173, 0x2174,
    0x2175, 0x2176, 0x2177, 0x2178, 0x2179, 0x217A, 0x217B, 0x217C, 0x217D, 0x217E, 0x217F, 0x2184,
    0x2190, 0x2192, 0x2194, 0x21D0, 0x21D4, 0x21D2, 0x2203, 0x2208, 0x220B, 0x2223, 0x2225, 0x223C,
    0x2243, 0x2245, 0x2248, 0x3D, 0x2261, 0x224D, 0x3C, 0x3E, 0x2264, 0x2265, 0x2272, 0x2273,
    0x2276, 0x2277, 0x227A, 0x227B, 0x2282, 0x2283, 0x2286, 0x2287, 0x22A2, 0x22A8, 0x22A9, 0x22AB,
    0x227C, 0x227D, 0x2291, 0x2292, 0x22B2, 0x22B3, 0x22B4, 0x22B5, 0x3008, 0x3009, 0x24D0, 0x24D1,
    0x24D2, 0x24D3, 0x24D4, 0x24D5, 0x24D6, 0x24D7, 0x24D8, 0x24D9, 0x24DA, 0x24DB, 0x24DC, 0x24DD,
    0x24DE, 0x24DF, 0x24E0, 0x24E1, 0x24E2, 0x24E3, 0x24E4, 0x24E5, 0x24E6, 0x24E7, 0x24E8, 0x24E9,
    0x2ADD, 0x2C30, 0x2C31, 0x2C32, 0x2C33, 0x2C34, 0x2C35, 0x2C36, 0x2C37, 0x2C38, 0x2C39, 0x2C3A,
    0x2C3B, 0x2C3C, 0x2C3D, 0x2C3E, 0x2C3F, 0x2C40, 0x2C41, 0x2C42, 0x2C43, 0x2C44, 0x2C45, 0x2C46,
    0x2C47, 0x2C48, 0x2C49, 0x2C4A, 0x2C4B, 0x2C4C, 0x2C4D, 0x2C4E, 0x2C4F, 0x2C50, 0x2C51, 0x2C52,
    0x2C53, 0x2C54, 0x2C55, 0x2C56, 0x2C57, 0x2C58, 0x2C59, 0x2C5A, 0x2C5B, 0x2C5C, 0x2C5D, 0x2C5E,
    0x2C5F, 0x2C61, 0x26B, 0x1D7D, 0x27D, 0x2C68, 0x2C6A, 0x2C6C, 0x251, 0x271, 0x250, 0x252,
    0x2C73, 0x2C76, 0x23F, 0x240, 0x2C81, 0x2C83, 0x2C85, 0x2C87, 0x2C89, 0x2C8B, 0x2C8D, 0x2C8F,
    0x2C91, 0x2C93, 0x2C95, 0x2C97, 0x2C99, 0x2C9B, 0x2C9D, 0x2C9F, 0x2CA1, 0x2CA3, 0x2CA5, 0x2CA7,
    0x2CA9, 0x2CAB, 0x2CAD, 0x2CAF, 0x2CB1, 0x2CB3, 0x2CB5, 0x2CB7, 0x2CB9, 0x2CBB, 0x2CBD, 0x2CBF,
    0x2CC1, 0x2CC3, 0x2CC5, 0x2CC7, 0x2CC9, 0x2CCB, 0x2CCD, 0x2CCF, 0x2CD1, 0x2CD3, 0x2CD5, 0x2CD7,
    0x2CD9, 0x2CDB, 0x2CDD, 0x2CDF, 0x2CE1, 0x2CE3, 0x2CEC, 0x2CEE, 0x2CF3, 0x304B, 0x304D, 0x304F,
    0x3051, 0x3053, 0x3055, 0x3057, 0x3059, 0x305B, 0x305D, 0x305F, 0x3061, 0x3064, 0x3066, 0x3068,
    0x306F, 0x306F, 0x3072, 0x3072, 0x3075, 0x3075, 0x3078, 0x3078, 0x307B, 0x307B, 0x3046, 0x309D,
    0x30AB, 0x30AD, 0x30AF, 0x30B1, 0x30B3, 0x30B5, 0x30B7, 0x30B9, 0x30BB, 0x30BD, 0x30BF, 0x30C1,
    0x30C4, 0x30C6, 0x30C8, 0x30CF, 0x30CF, 0x30D2, 0x30D2, 0x30D5, 0x30D5, 0x30D8, 0x30D8, 0x30DB,
    0x30DB, 0x30A6, 0x30EF, 0x30F0, 0x30F1, 0x30F2, 0x30FD, 0xA641, 0xA643, 0xA645, 0xA647, 0xA649,
    0xA64B, 0xA64D, 0xA64F, 0xA651, 0xA653, 0xA655, 0xA657, 0xA659, 0xA65B, 0xA65D, 0xA65F, 0xA661,
    0xA663, 0xA665, 0xA667, 0xA669, 0xA66B, 0xA66D, 0xA681, 0xA683, 0xA685, 0xA687, 0xA689, 0xA68B,
    0xA68D, 0xA68F, 0xA691, 0xA693, 0xA695, 0xA697, 0xA699, 0xA69B, 0xA723, 0xA725, 0xA727, 0xA729,
    0xA72B, 0xA72D, 0xA72F, 0xA733, 0xA735, 0xA737, 0xA739, 0xA73B, 0xA73D, 0xA73F, 0xA741, 0xA743,
    0xA745, 0xA747, 0xA749, 0xA74B, 0xA74D, 0xA74F, 0xA751, 0xA753, 0xA755, 0xA757, 0xA759, 0xA75B,
    0xA75D, 0xA75F, 0xA761, 0xA763, 0xA765, 0xA767, 0xA769, 0xA76B, 0xA76D, 0xA76F, 0xA77A, 0xA77C,
    0x1D79, 0xA77F, 0xA781, 0xA783, 0xA785, 0xA787, 0xA78C, 0x265, 0xA791, 0xA793, 0xA797, 0xA799,
    0xA79B, 0xA79D, 0xA79F, 0xA7A1, 0xA7A3, 0xA7A5, 0xA7A7, 0xA7A9, 0x266, 0x25C, 0x261, 0x26C,
    0x26A, 0x29E, 0x287, 0x29D, 0xAB53, 0xA7B5, 0xA7B7, 0xA7B9, 0xA7BB, 0xA7BD, 0xA7BF, 0xA7C1,
    0xA7C3, 0xA794, 0x282, 0x1D8E, 0xA7C8, 0xA7CA, 0x264, 0xA7CD, 0xA7D1, 0xA7D7, 0xA7D9, 0xA7DB,
    0x19B, 0xA7F6, 0x1100, 0x1161, 0x1100, 0x1161, 0x11A8, 0x1100, 0x1161, 0x11A9, 0x1100, 0x1161,
    0x11AA, 0x1100, 0x1161, 0x11AB, 0x1100, 0x1161, 0x11AC, 0x1100, 0x1161, 0x11AD, 0x1100, 0x1161,
    0x11AE, 0x1100, 0x1161, 0x11AF, 0x1100, 0x1161, 0x11B0, 0x1100, 0x1161, 0x11B1, 0x1100, 0x1161,
    0x11B2, 0x1100, 0x1161, 0x11B3, 0x1100, 0x1161, 0x11B4, 0x1100, 0x1161, 0x11B5, 0x1100, 0x1161,
    0x11B6, 0x1100, 0x1161, 0x11B7, 0x1100, 0x1161, 0x11B8, 0x1100, 0x1161, 0x11B9, 0x1100, 0x1161,
    0x11BA, 0x1100, 0x1161, 0x11BB, 0x1100, 0x1161, 0x11BC, 0x1100, 0x1161, 0x11BD, 0x1100, 0x1161,
    0x11BE, 0x1100, 0x1161, 0x11BF, 0x1100, 0x1161, 0x11C0, 0x1100, 0x1161, 0x11C1, 0x1100, 0x1161,
    0x11C2, 0x1100, 0x1162, 0x1100, 0x1162, 0x11A8, 0x1100, 0x1162, 0x11A9, 0x1100, 0x1162, 0x11AA,
    0x1100, 0x1162, 0x11AB, 0x1100, 0x1162, 0x11AC, 0x1100, 0x1162, 0x11AD, 0x1100, 0x1162, 0x11AE,
    0x1100, 0x1162, 0x11AF, 0x1100, 0x1162, 0x11B0, 0x1100, 0x1162, 0x11B1, 0x1100, 0x1162, 0x11B2,
    0x1100, 0x1162, 0x11B3, 0x1100, 0x1162, 0x11B4, 0x1100, 0x1162, 0x11B5, 0x1100, 0x1162, 0x11B6,
    0x1100, 0x1162, 0x11B7, 0x1100, 0x1162, 0x11B8, 0x1100, 0x1162, 0x11B9, 0x1100, 0x1162, 0x11BA,
    0x1100, 0x1162, 0x11BB, 0x1100, 0x1162, 0x11BC, 0x1100, 0x1162, 0x11BD, 0x1100, 0x1162, 0x11BE,
    0x1100, 0x1162, 0x11BF, 0x1100, 0x1162, 0x11C0, 0x1100, 0x1162, 0x11C1, 0x1100, 0x1162, 0x11C2,
    0x1100, 0x1163, 0x1100, 0x1163, 0x11A8, 0x1100, 0x1163, 0x11A9, 0x1100, 0x1163, 0x11AA, 0x1100,
    0x1163, 0x11AB, 0x1100, 0x1163, 0x11AC, 0x1100, 0x1163, 0x11AD, 0x1100, 0x1163, 0x11AE, 0x1100,
    0x1163, 0x11AF, 0x1100, 0x1163, 0x11B0, 0x1100, 0x1163, 0x11B1, 0x1100, 0x1163, 0x11B2, 0x1100,
    0x1163, 0x11B3, 0x1100, 0x1163, 0x11B4, 0x1100, 0x1163, 0x11B5, 0x1100, 0x1163, 0x11B6, 0x1100,
    0x1163, 0x11B7, 0x1100, 0x1163, 0x11B8, 0x1100, 0x1163, 0x11B9, 0x1100, 0x1163, 0x11BA, 0x1100,
    0x1163, 0x11BB, 0x1100, 0x1163, 0x11BC, 0x1100, 0x1163, 0x11BD, 0x1100, 0x1163, 0x11BE, 0x1100,
    0x1163, 0x11BF, 0x1100, 0x1163, 0x11C0, 0x1100, 0x1163, 0x11C1, 0x1100, 0x1163, 0x11C2, 0x1100,
    0x1164, 0x1100, 0x1164, 0x11A8, 0x1100, 0x1164, 0x11A9, 0x1100, 0x1164, 0x11AA, 0x1100, 0x1164,
    0x11AB, 0x1100, 0x1164, 0x11AC, 0x1100, 0x1164, 0x11AD, 0x1100, 0x1164, 0x11AE, 0x1100, 0x1164,
    0x11AF, 0x1100, 0x1164, 0x11B0, 0x1100, 0x1164, 0x11B1, 0x1100, 0x1164, 0x11B2, 0x1100, 0x1164,
    0x11B3, 0x1100, 0x1164, 0x11B4, 0x1100, 0x1164, 0x11B5, 0x1100, 0x1164, 0x11B6, 0x1100, 0x1164,
    0x11B7, 0x1100, 0x1164, 0x11B8, 0x1100, 0x1164, 0x11B9, 0x1100, 0x1164, 0x11BA, 0x1100, 0x1164,
    0x11BB, 0x1100, 0x1164, 0x11BC, 0x1100, 0x1164, 0x11BD, 0x1100, 0x1164, 0x11BE, 0x1100, 0x1164,
    0x11BF, 0x1100, 0x1164, 0x11C0, 0x1100, 0x1164, 0x11C1, 0x1100, 0x1164, 0x11C2, 0x1100, 0x1165,
    0x1100, 0x1165, 0x11A8, 0x1100, 0x1165, 0x11A9, 0x1100, 0x1165, 0x11AA, 0x1100, 0x1165, 0x11AB,
    0x1100, 0x1165, 0x11AC, 0x1100, 0x1165, 0x11AD, 0x1100, 0x1165, 0x11AE, 0x1100, 0x1165, 0x11AF,
    0x1100, 0x1165, 0x11B0, 0x1100, 0x1165, 0x11B1, 0x1100, 0x1165, 0x11B2, 0x1100, 0x1165, 0x11B3,
    0x1100, 0x1165, 0x11B4, 0x1100, 0x1165, 0x11B5, 0x1100, 0x1165, 0x11B6, 0x1100, 0x1165, 0x11B7,
    0x1100, 0x1165, 0x11B8, 0x1100, 0x1165, 0x11B9, 0x1100, 0x1165, 0x11BA, 0x1100, 0x1165, 0x11BB,
    0x1100, 0x1165, 0x11BC, 0x1100, 0x1165, 0x11BD, 0x1100, 0x1165, 0x11BE, 0x1100, 0x1165, 0x11BF,
    0x1100, 0x1165, 0x11C0, 0x1100, 0x1165, 0x11C1, 0x1100, 0x1165, 0x11C2, 0x1100, 0x1166, 0x1100,
    0x1166, 0x11A8, 0x1100, 0x1166, 0x11A9, 0x1100, 0x1166, 0x11AA, 0x1100, 0x1166, 0x11AB, 0x1100,
    0x1166, 0x11AC, 0x1100, 0x1166, 0x11AD, 0x1100, 0x1166, 0x11AE, 0x1100, 0x1166, 0x11AF, 0x1100,
    0x1166, 0x11B0, 0x1100, 0x1166, 0x11B1, 0x1100, 0x1166, 0x11B2, 0x1100, 0x1166, 0x11B3, 0x1100,
    0x1166, 0x11B4, 0x1100, 0x1166, 0x11B5, 0x1100, 0x1166, 0x11B6, 0x1100, 0x1166, 0x11B7, 0x1100,
    0x1166, 0x11B8, 0x1100, 0x1166, 0x11B9, 0x1100, 0x1166, 0x11BA, 0x1100, 0x1166, 0x11BB, 0x1100,
    0x1166, 0x11BC, 0x1100, 0x1166, 0x11BD, 0x1100, 0x1166, 0x11BE, 0x1100, 0x1166, 0x11BF, 0x1100,
    0x1166, 0x11C0, 0x1100, 0x1166, 0x11C1, 0x1100, 0x1166, 0x11C2, 0x1100, 0x1167, 0x1100, 0x1167,
    0x11A8, 0x1100, 0x1167, 0x11A9, 0x1100, 0x1167, 0x11AA, 0x1100, 0x1167, 0x11AB, 0x1100, 0x1167,
    0x11AC, 0x1100, 0x1167, 0x11AD, 0x1100, 0x1167, 0x11AE, 0x1100, 0x1167, 0x11AF, 0x1100, 0x1167,
    0x11B0, 0x1100, 0x1167, 0x11B1, 0x1100, 0x1167, 0x11B2, 0x1100, 0x1167, 0x11B3, 0x1100, 0x1167,
    0x11B4, 0x1100, 0x1167, 0x11B5, 0x1100, 0x1167, 0x11B6, 0x1100, 0x1167, 0x11B7, 0x1100, 0x1167,
    0x11B8, 0x1100, 0x1167, 0x11B9, 0x1100, 0x1167, 0x11BA, 0x1100, 0x1167, 0x11BB, 0x1100, 0x1167,
    0x11BC, 0x1100, 0x1167, 0x11BD, 0x1100, 0x1167, 0x11BE, 0x1100, 0x1167, 0x11BF, 0x1100, 0x1167,
    0x11C0, 0x1100, 0x1167, 0x11C1, 0x1100, 0x1167, 0x11C2, 0x1100, 0x1168, 0x1100, 0x1168, 0x11A8,
    0x1100, 0x1168, 0x11A9, 0x1100, 0x1168, 0x11AA, 0x1100, 0x1168, 0x11AB, 0x1100, 0x1168, 0x11AC,
    0x1100, 0x1168, 0x11AD, 0x1100, 0x1168, 0x11AE, 0x1100, 0x1168, 0x11AF, 0x1100, 0x1168, 0x11B0,
    0x1100, 0x1168, 0x11B1, 0x1100, 0x1168, 0x11B2, 0x1100, 0x1168, 0x11B3, 0x1100, 0x1168, 0x11B4,
    0x1100, 0x1168, 0x11B5, 0x1100, 0x1168, 0x11B6, 0x1100, 0x1168, 0x11B7, 0x1100, 0x1168, 0x11B8,
    0x1100, 0x1168, 0x11B9, 0x1100, 0x1168, 0x11BA, 0x1100, 0x1168, 0x11BB, 0x1100, 0x1168, 0x11BC,
    0x1100, 0x1168, 0x11BD, 0x1100, 0x1168, 0x11BE, 0x1100, 0x1168, 0x11BF, 0x1100, 0x1168, 0x11C0,
    0x1100, 0x1168, 0x11C1, 0x1100, 0x1168, 0x11C2, 0x1100, 0x1169, 0x1100, 0x1169, 0x11A8, 0x1100,
    0x1169, 0x11A9, 0x1100, 0x1169, 0x11AA, 0x1100, 0x1169, 0x11AB, 0x1100, 0x1169, 0x11AC, 0x1100,
    0x1169, 0x11AD, 0x1100, 0x1169, 0x11AE, 0x1100, 0x1169, 0x11AF, 0x1100, 0x1169, 0x11B0, 0x1100,
    0x1169, 0x11B1, 0x1100, 0x1169, 0x11B2, 0x1100, 0x1169, 0x11B3, 0x1100, 0x1169, 0x11B4, 0x1100,
    0x1169, 0x11B5, 0x1100, 0x1169, 0x11B6, 0x1100, 0x1169, 0x11B7, 0x1100, 0x1169, 0x11B8, 0x1100,
    0x1169, 0x11B9, 0x1100, 0x1169, 0x11BA, 0x1100, 0x1169, 0x11BB, 0x1100, 0x1169, 0x11BC, 0x1100,
    0x1169, 0x11BD, 0x1100, 0x1169, 0x11BE, 0x1100, 0x1169, 0x11BF, 0x1100, 0x1169, 0x11C0, 0x1100,
    0x1169, 0x11C1, 0x1100, 0x1169, 0x11C2, 0x1100, 0x116A, 0x1100, 0x116A, 0x11A8, 0x1100, 0x116A,
    0x11A9, 0x1100, 0x116A, 0x11AA, 0x1100, 0x116A, 0x11AB, 0x1100, 0x116A, 0x11AC, 0x1100, 0x116A,
    0x11AD, 0x1100, 0x116A, 0x11AE, 0x1100, 0x116A, 0x11AF, 0x1100, 0x116A, 0x11B0, 0x1100, 0x116A,
    0x11B1, 0x1100, 0x116A, 0x11B2, 0x1100, 0x116A, 0x11B3, 0x1100, 0x116A, 0x11B4, 0x1100, 0x116A,
    0x11B5, 0x1100, 0x116A, 0x11B6, 0x1100, 0x116A, 0x11B7, 0x1100, 0x116A, 0x11B8, 0x1100, 0x116A,
    0x11B9, 0x1100, 0x116A, 0x11BA, 0x1100, 0x116A, 0x11BB, 0x1100, 0x116A, 0x11BC, 0x1100, 0x116A,
    0x11BD, 0x1100, 0x116A, 0x11BE, 0x1100, 0x116A, 0x11BF, 0x1100, 0x116A, 0x11C0, 0x1100, 0x116A,
    0x11C1, 0x1100, 0x116A, 0x11C2, 0x1100, 0x116B, 0x1100, 0x116B, 0x11A8, 0x1100, 0x116B, 0x11A9,
    0x1100, 0x116B, 0x11AA, 0x1100, 0x116B, 0x11AB, 0x1100, 0x116B, 0x11AC, 0x1100, 0x116B, 0x11AD,
    0x1100, 0x116B, 0x11AE, 0x1100, 0x116B, 0x11AF, 0x1100, 0x116B, 0x11B0, 0x1100, 0x116B, 0x11B1,
    0x1100, 0x116B, 0x11B2, 0x1100, 0x116B, 0x11B3, 0x1100, 0x116B, 0x11B4, 0x1100, 0x116B, 0x11B5,
    0x1100, 0x116B, 0x11B6, 0x1100, 0x116B, 0x11B7, 0x1100, 0x116B, 0x11B8, 0x1100, 0x116B, 0x11B9,
    0x1100, 0x116B, 0x11BA, 0x1100, 0x116B, 0x11BB, 0x1100, 0x116B, 0x11BC, 0x1100, 0x116B, 0x11BD,
    0x1100, 0x116B, 0x11BE, 0x1100, 0x116B, 0x11BF, 0x1100, 0x116B, 0x11C0, 0x1100, 0x116B, 0x11C1,
    0x1100, 0x116B, 0x11C2, 0x1100, 0x116C, 0x1100, 0x116C, 0x11A8, 0x1100, 0x116C, 0x11A9, 0x1100,
    0x116C, 0x11AA, 0x1100, 0x116C, 0x11AB, 0x1100, 0x116C, 0x11AC, 0x1100, 0x116C, 0x11AD, 0x1100,
    0x116C, 0x11AE, 0x1100, 0x116C, 0x11AF, 0x1100, 0x116C, 0x11B0, 0x1100, 0x116C, 0x11B1, 0x1100,
    0x116C, 0x11B2, 0x1100, 0x116C, 0x11B3, 0x1100, 0x116C, 0x11B4, 0x1100, 0x116C, 0x11B5, 0x1100,
    0x116C, 0x11B6, 0x1100, 0x116C, 0x11B7, 0x1100, 0x116C, 0x11B8, 0x1100, 0x116C, 0x11B9, 0x1100,
    0x116C, 0x11BA, 0x1100, 0x116C, 0x11BB, 0x1100, 0x116C, 0x11BC, 0x1100, 0x116C, 0x11BD, 0x1100,
    0x116C, 0x11BE, 0x1100, 0x116C, 0x11BF, 0x1100, 0x116C, 0x11C0, 0x1100, 0x116C, 0x11C1, 0x1100,
    0x116C, 0x11C2, 0x1100, 0x116D, 0x1100, 0x116D, 0x11A8, 0x1100, 0x116D, 0x11A9, 0x1100, 0x116D,
    0x11AA, 0x1100, 0x116D, 0x11AB, 0x1100, 0x116D, 0x11AC, 0x1100, 0x116D, 0x11AD, 0x1100, 0x116D,
    0x11AE, 0x1100, 0x116D, 0x11AF, 0x1100, 0x116D, 0x11B0, 0x1100, 0x116D, 0x11B1, 0x1100, 0x116D,
    0x11B2, 0x1100, 0x116D, 0x11B3, 0x1100, 0x116D, 0x11B4, 0x1100, 0x116D, 0x11B5, 0x1100, 0x116D,
    0x11B6, 0x1100, 0x116D, 0x11B7, 0x1100, 0x116D, 0x11B8, 0x1100, 0x116D, 0x11B9, 0x1100, 0x116D,
    0x11BA, 0x1100, 0x116D, 0x11BB, 0x1100, 0x116D, 0x11BC, 0x1100, 0x116D, 0x11BD, 0x1100, 0x116D,
    0x11BE, 0x1100, 0x116D, 0x11BF, 0x1100, 0x116D, 0x11C0, 0x1100, 0x116D, 0x11C1, 0x1100, 0x116D,
    0x11C2, 0x1100, 0x116E, 0x1100, 0x116E, 0x11A8, 0x1100, 0x116E, 0x11A9, 0x1100, 0x116E, 0x11AA,
    0x1100, 0x116E, 0x11AB, 0x1100, 0x116E, 0x11AC, 0x1100, 0x116E, 0x11AD, 0x1100, 0x116E, 0x11AE,
    0x1100, 0x116E, 0x11AF, 0x1100, 0x116E, 0x11B0, 0x1100, 0x116E, 0x11B1, 0x1100, 0x116E, 0x11B2,
    0x1100, 0x116E, 0x11B3, 0x1100, 0x116E, 0x11B4, 0x1100, 0x116E, 0x11B5, 0x1100, 0x116E, 0x11B6,
    0x1100, 0x116E, 0x11B7, 0x1100, 0x116E, 0x11B8, 0x1100, 0x116E, 0x11B9, 0x1100, 0x116E, 0x11BA,
    0x1100, 0x116E, 0x11BB, 0x1100, 0x116E, 0x11BC, 0x1100, 0x116E, 0x11BD, 0x1100, 0x116E, 0x11BE,
    0x1100, 0x116E, 0x11BF, 0x1100, 0x116E, 0x11C0, 0x1100, 0x116E, 0x11C1, 0x1100, 0x116E, 0x11C2,
    0x1100, 0x116F, 0x1100, 0x116F, 0x11A8, 0x1100, 0x116F, 0x11A9, 0x1100, 0x116F, 0x11AA, 0x1100,
    0x116F, 0x11AB, 0x1100, 0x116F, 0x11AC, 0x1100, 0x116F, 0x11AD, 0x1100, 0x116F, 0x11AE, 0x1100,
    0x116F, 0x11AF, 0x1100, 0x116F, 0x11B0, 0x1100, 0x116F, 0x11B1, 0x1100, 0x116F, 0x11B2, 0x1100,
    0x116F, 0x11B3, 0x1100, 0x116F, 0x11B4, 0x1100, 0x116F, 0x11B5, 0x1100, 0x116F, 0x11B6, 0x1100,
    0x116F, 0x11B7, 0x1100, 0x116F, 0x11B8, 0x1100, 0x116F, 0x11B9, 0x1100, 0x116F, 0x11BA, 0x1100,
    0x116F, 0x11BB, 0x1100, 0x116F, 0x11BC, 0x1100, 0x116F, 0x11BD, 0x1100, 0x116F, 0x11BE, 0x1100,
    0x116F, 0x11BF, 0x1100, 0x116F, 0x11C0, 0x1100, 0x116F, 0x11C1, 0x1100, 0x116F, 0x11C2, 0x1100,
    0x1170, 0x1100, 0x1170, 0x11A8, 0x1100, 0x1170, 0x11A9, 0x1100, 0x1170, 0x11AA, 0x1100, 0x1170,
    0x11AB, 0x1100, 0x1170, 0x11AC, 0x1100, 0x1170, 0x11AD, 0x1100, 0x1170, 0x11AE, 0x1100, 0x1170,
    0x11AF, 0x1100, 0x1170, 0x11B0, 0x1100, 0x1170, 0x11B1, 0x1100, 0x1170, 0x11B2, 0x1100, 0x1170,
    0x11B3, 0x1100, 0x1170, 0x11B4, 0x1100, 0x1170, 0x11B5, 0x1100, 0x1170, 0x11B6, 0x1100, 0x1170,
    0x11B7, 0x1100, 0x1170, 0x11B8, 0x1100, 0x1170, 0x11B9, 0x1100, 0x1170, 0x11BA, 0x1100, 0x1170,
    0x11BB, 0x1100, 0x1170, 0x11BC, 0x1100, 0x1170, 0x11BD, 0x1100, 0x1170, 0x11BE, 0x1100, 0x1170,
    0x11BF, 0x1100, 0x1170, 0x11C0, 0x1100, 0x1170, 0x11C1, 0x1100, 0x1170, 0x11C2, 0x1100, 0x1171,
    0x1100, 0x1171, 0x11A8, 0x1100, 0x1171, 0x11A9, 0x1100, 0x1171, 0x11AA, 0x1100, 0x1171, 0x11AB,
    0x1100, 0x1171, 0x11AC, 0x1100, 0x1171, 0x11AD, 0x1100, 0x1171, 0x11AE, 0x1100, 0x1171, 0x11AF,
    0x1100, 0x1171, 0x11B0, 0x1100, 0x1171, 0x11B1, 0x1100, 0x1171, 0x11B2, 0x1100, 0x1171, 0x11B3,
    0x1100, 0x1171, 0x11B4, 0x1100, 0x1171, 0x11B5, 0x1100, 0x1171, 0x11B6, 0x1100, 0x1171, 0x11B7,
    0x1100, 0x1171, 0x11B8, 0x1100, 0x1171, 0x11B9, 0x1100, 0x1171, 0x11BA, 0x1100, 0x1171, 0x11BB,
    0x1100, 0x1171, 0x11BC, 0x1100, 0x1171, 0x11BD, 0x1100, 0x1171, 0x11BE, 0x1100, 0x1171, 0x11BF,
    0x1100, 0x1171, 0x11C0, 0x1100, 0x1171, 0x11C1, 0x1100, 0x1171, 0x11C2, 0x1100, 0x1172, 0x1100,
    0x1172, 0x11A8, 0x1100, 0x1172, 0x11A9, 0x1100, 0x1172, 0x11AA, 0x1100, 0x1172, 0x11AB, 0x1100,
    0x1172, 0x11AC, 0x1100, 0x1172, 0x11AD, 0x1100, 0x1172, 0x11AE, 0x1100, 0x1172, 0x11AF, 0x1100,
    0x1172, 0x11B0, 0x1100, 0x1172, 0x11B1, 0x1100, 0x1172, 0x11B2, 0x1100, 0x1172, 0x11B3, 0x1100,
    0x1172, 0x11B4, 0x1100, 0x1172, 0x11B5, 0x1100, 0x1172, 0x11B6, 0x1100, 0x1172, 0x11B7, 0x1100,
    0x1172, 0x11B8, 0x1100, 0x1172, 0x11B9, 0x1100, 0x1172, 0x11BA, 0x1100, 0x1172, 0x11BB, 0x1100,
    0x1172, 0x11BC, 0x1100, 0x1172, 0x11BD, 0x1100, 0x1172, 0x11BE, 0x1100, 0x1172, 0x11BF, 0x1100,
    0x1172, 0x11C0, 0x1100, 0x1172, 0x11C1, 0x1100, 0x1172, 0x11C2, 0x1100, 0x1173, 0x1100, 0x1173,
    0x11A8, 0x1100, 0x1173, 0x11A9, 0x1100, 0x1173, 0x11AA, 0x1100, 0x1173, 0x11AB, 0x1100, 0x1173,
    0x11AC, 0x1100, 0x1173, 0x11AD, 0x1100, 0x1173, 0x11AE, 0x1100, 0x1173, 0x11AF, 0x1100, 0x1173,
    0x11B0, 0x1100, 0x1173, 0x11B1, 0x1100, 0x1173, 0x11B2, 0x1100, 0x1173, 0x11B3, 0x1100, 0x1173,
    0x11B4, 0x1100, 0x1173, 0x11B5, 0x1100, 0x1173, 0x11B6, 0x1100, 0x1173, 0x11B7, 0x1100, 0x1173,
    0x11B8, 0x1100, 0x1173, 0x11B9, 0x1100, 0x1173, 0x11BA, 0x1100, 0x1173, 0x11BB, 0x1100, 0x1173,
    0x11BC, 0x1100, 0x1173, 0x11BD, 0x1100, 0x1173, 0x11BE, 0x1100, 0x1173, 0x11BF, 0x1100, 0x1173,
    0x11C0, 0x1100, 0x1173, 0x11C1, 0x1100, 0x1173, 0x11C2, 0x1100, 0x1174, 0x1100, 0x1174, 0x11A8,
    0x1100, 0x1174, 0x11A9, 0x1100, 0x1174, 0x11AA, 0x1100, 0x1174, 0x11AB, 0x1100, 0x1174, 0x11AC,
    0x1100, 0x1174, 0x11AD, 0x1100, 0x1174, 0x11AE, 0x1100, 0x1174, 0x11AF, 0x1100, 0x1174, 0x11B0,
    0x1100, 0x1174, 0x11B1, 0x1100, 0x1174, 0x11B2, 0x1100, 0x1174, 0x11B3, 0x1100, 0x1174, 0x11B4,
    0x1100, 0x1174, 0x11B5, 0x1100, 0x1174, 0x11B6, 0x1100, 0x1174, 0x11B7, 0x1100, 0x1174, 0x11B8,
    0x1100, 0x1174, 0x11B9, 0x1100, 0x1174, 0x11BA, 0x1100, 0x1174, 0x11BB, 0x1100, 0x1174, 0x11BC,
    0x1100, 0x1174, 0x11BD, 0x1100, 0x1174, 0x11BE, 0x1100, 0x1174, 0x11BF, 0x1100, 0x1174, 0x11C0,
    0x1100, 0x1174, 0x11C1, 0x1100, 0x1174, 0x11C2, 0x1100, 0x1175, 0x1100, 0x1175, 0x11A8, 0x1100,
    0x1175, 0x11A9, 0x1100, 0x1175, 0x11AA, 0x1100, 0x1175, 0x11AB, 0x1100, 0x1175, 0x11AC, 0x1100,
    0x1175, 0x11AD, 0x1100, 0x1175, 0x11AE, 0x1100, 0x1175, 0x11AF, 0x1100, 0x1175, 0x11B0, 0x1100,
    0x1175, 0x11B1, 0x1100, 0x1175, 0x11B2, 0x1100, 0x1175, 0x11B3, 0x1100, 0x1175, 0x11B4, 0x1100,
    0x1175, 0x11B5, 0x1100, 0x1175, 0x11B6, 0x1100, 0x1175, 0x11B7, 0x1100, 0x1175, 0x11B8, 0x1100,
    0x1175, 0x11B9, 0x1100, 0x1175, 0x11BA, 0x1100, 0x1175, 0x11BB, 0x1100, 0x1175, 0x11BC, 0x1100,
    0x1175, 0x11BD, 0x1100, 0x1175, 0x11BE, 0x1100, 0x1175, 0x11BF, 0x1100, 0x1175, 0x11C0, 0x1100,
    0x1175, 0x11C1, 0x1100, 0x1175, 0x11C2, 0x1101, 0x1161, 0x1101, 0x1161, 0x11A8, 0x1101, 0x1161,
    0x11A9, 0x1101, 0x1161, 0x11AA, 0x1101, 0x1161, 0x11AB, 0x1101, 0x1161, 0x11AC, 0x1101, 0x1161,
    0x11AD, 0x1101, 0x1161, 0x11AE, 0x1101, 0x1161, 0x11AF, 0x1101, 0x1161, 0x11B0, 0x1101, 0x1161,
    0x11B1, 0x1101, 0x1161, 0x11B2, 0x1101, 0x1161, 0x11B3, 0x1101, 0x1161, 0x11B4, 0x1101, 0x1161,
    0x11B5, 0x1101, 0x1161, 0x11B6, 0x1101, 0x1161, 0x11B7, 0x1101, 0x1161, 0x11B8, 0x1101, 0x1161,
    0x11B9, 0x1101, 0x1161, 0x11BA, 0x1101, 0x1161, 0x11BB, 0x1101, 0x1161, 0x11BC, 0x1101, 0x1161,
    0x11BD, 0x1101, 0x1161, 0x11BE, 0x1101, 0x1161, 0x11BF, 0x1101, 0x1161, 0x11C0, 0x1101, 0x1161,
    0x11C1, 0x1101, 0x1161, 0x11C2, 0x1101, 0x1162, 0x1101, 0x1162, 0x11A8, 0x1101, 0x1162, 0x11A9,
    0x1101, 0x1162, 0x11AA, 0x1101, 0x1162, 0x11AB, 0x1101, 0x1162, 0x11AC, 0x1101, 0x1162, 0x11AD,
    0x1101, 0x1162, 0x11AE, 0x1101, 0x1162, 0x11AF, 0x1101, 0x1162, 0x11B0, 0x1101, 0x1162, 0x11B1,
    0x1101, 0x1162, 0x11B2, 0x1101, 0x1162, 0x11B3, 0x1101, 0x1162, 0x11B4, 0x1101, 0x1162, 0x11B5,
    0x1101, 0x1162, 0x11B6, 0x1101, 0x1162, 0x11B7, 0x1101, 0x1162, 0x11B8, 0x1101, 0x1162, 0x11B9,
    0x1101, 0x1162, 0x11BA, 0x1101, 0x1162, 0x11BB, 0x1101, 0x1162, 0x11BC, 0x1101, 0x1162, 0x11BD,
    0x1101, 0x1162, 0x11BE, 0x1101, 0x1162, 0x11BF, 0x1101, 0x1162, 0x11C0, 0x1101, 0x1162, 0x11C1,
    0x1101, 0x1162, 0x11C2, 0x1101, 0x1163, 0x1101, 0x1163, 0x11A8, 0x1101, 0x1163, 0x11A9, 0x1101,
    0x1163, 0x11AA, 0x1101, 0x1163, 0x11AB, 0x1101, 0x1163, 0x11AC, 0x1101, 0x1163, 0x11AD, 0x1101,
    0x1163, 0x11AE, 0x1101, 0x1163, 0x11AF, 0x1101, 0x1163, 0x11B0, 0x1101, 0x1163, 0x11B1, 0x1101,
    0x1163, 0x11B2, 0x1101, 0x1163, 0x11B3, 0x1101, 0x1163, 0x11B4, 0x1101, 0x1163, 0x11B5, 0x1101,
    0x1163, 0x11B6, 0x1101, 0x1163, 0x11B7, 0x1101, 0x1163, 0x11B8, 0x1101, 0x1163, 0x11B9, 0x1101,
    0x1163, 0x11BA, 0x1101, 0x1163, 0x11BB, 0x1101, 0x1163, 0x11BC, 0x1101, 0x1163, 0x11BD, 0x1101,
    0x1163, 0x11BE, 0x1101, 0x1163, 0x11BF, 0x1101, 0x1163, 0x11C0, 0x1101, 0x1163, 0x11C1, 0x1101,
    0x1163, 0x11C2, 0x1101, 0x1164, 0x1101, 0x1164, 0x11A8, 0x1101, 0x1164, 0x11A9, 0x1101, 0x1164,
    0x11AA, 0x1101, 0x1164, 0x11AB, 0x1101, 0x1164, 0x11AC, 0x1101, 0x1164, 0x11AD, 0x1101, 0x1164,
    0x11AE, 0x1101, 0x1164, 0x11AF, 0x1101, 0x1164, 0x11B0, 0x1101, 0x1164, 0x11B1, 0x1101, 0x1164,
    0x11B2, 0x1101, 0x1164, 0x11B3, 0x1101, 0x1164, 0x11B4, 0x1101, 0x1164, 0x11B5, 0x1101, 0x1164,
    0x11B6, 0x1101, 0x1164, 0x11B7, 0x1101, 0x1164, 0x11B8, 0x1101, 0x1164, 0x11B9, 0x1101, 0x1164,
    0x11BA, 0x1101, 0x1164, 0x11BB, 0x1101, 0x1164, 0x11BC, 0x1101, 0x1164, 0x11BD, 0x1101, 0x1164,
    0x11BE, 0x1101, 0x1164, 0x11BF, 0x1101, 0x1164, 0x11C0, 0x1101, 0x1164, 0x11C1, 0x1101, 0x1164,
    0x11C2, 0x1101, 0x1165, 0x1101, 0x1165, 0x11A8, 0x1101, 0x1165, 0x11A9, 0x1101, 0x1165, 0x11AA,
    0x1101, 0x1165, 0x11AB, 0x1101, 0x1165, 0x11AC, 0x1101, 0x1165, 0x11AD, 0x1101, 0x1165, 0x11AE,
    0x1101, 0x1165, 0x11AF, 0x1101, 0x1165, 0x11B0, 0x1101, 0x1165, 0x11B1, 0x1101, 0x1165, 0x11B2,
    0x1101, 0x1165, 0x11B3, 0x1101, 0x1165, 0x11B4, 0x1101, 0x1165, 0x11B5, 0x1101, 0x1165, 0x11B6,
    0x1101, 0x1165, 0x11B7, 0x1101, 0x1165, 0x11B8, 0x1101, 0x1165, 0x11B9, 0x1101, 0x1165, 0x11BA,
    0x1101, 0x1165, 0x11BB, 0x1101, 0x1165, 0x11BC, 0x1101, 0x1165, 0x11BD, 0x1101, 0x1165, 0x11BE,
    0x1101, 0x1165, 0x11BF, 0x1101, 0x1165, 0x11C0, 0x1101, 0x1165, 0x11C1, 0x1101, 0x1165, 0x11C2,
    0x1101, 0x1166, 0x1101, 0x1166, 0x11A8, 0x1101, 0x1166, 0x11A9, 0x1101, 0x1166, 0x11AA, 0x1101,
    0x1166, 0x11AB, 0x1101, 0x1166, 0x11AC, 0x1101, 0x1166, 0x11AD, 0x1101, 0x1166, 0x11AE, 0x1101,
    0x1166, 0x11AF, 0x1101, 0x1166, 0x11B0, 0x1101, 0x1166, 0x11B1, 0x1101, 0x1166, 0x11B2, 0x1101,
    0x1166, 0x11B3, 0x1101, 0x1166, 0x11B4, 0x1101, 0x1166, 0x11B5, 0x1101, 0x1166, 0x11B6, 0x1101,
    0x1166, 0x11B7, 0x1101, 0x1166, 0x11B8, 0x1101, 0x1166, 0x11B9, 0x1101, 0x1166, 0x11BA, 0x1101,
    0x1166, 0x11BB, 0x1101, 0x1166, 0x11BC, 0x1101, 0x1166, 0x11BD, 0x1101, 0x1166, 0x11BE, 0x1101,
    0x1166, 0x11BF, 0x1101, 0x1166, 0x11C0, 0x1101, 0x1166, 0x11C1, 0x1101, 0x1166, 0x11C2, 0x1101,
    0x1167, 0x1101, 0x1167, 0x11A8, 0x1101, 0x1167, 0x11A9, 0x1101, 0x1167, 0x11AA, 0x1101, 0x1167,
    0x11AB, 0x1101, 0x1167, 0x11AC, 0x1101, 0x1167, 0x11AD, 0x1101, 0x1167, 0x11AE, 0x1101, 0x1167,
    0x11AF, 0x1101, 0x1167, 0x11B0, 0x1101, 0x1167, 0x11B1, 0x1101, 0x1167, 0x11B2, 0x1101, 0x1167,
    0x11B3, 0x1101, 0x1167, 0x11B4, 0x1101, 0x1167, 0x11B5, 0x1101, 0x1167, 0x11B6, 0x1101, 0x1167,
    0x11B7, 0x1101, 0x1167, 0x11B8, 0x1101, 0x1167, 0x11B9, 0x1101, 0x1167, 0x11BA, 0x1101, 0x1167,
    0x11BB, 0x1101, 0x1167, 0x11BC, 0x1101, 0x1167, 0x11BD, 0x1101, 0x1167, 0x11BE, 0x1101, 0x1167,
    0x11BF, 0x1101, 0x1167, 0x11C0, 0x1101, 0x1167, 0x11C1, 0x1101, 0x1167, 0x11C2, 0x1101, 0x1168,
    0x1101, 0x1168, 0x11A8, 0x1101, 0x1168, 0x11A9, 0x1101, 0x1168, 0x11AA, 0x1101, 0x1168, 0x11AB,
    0x1101, 0x1168, 0x11AC, 0x1101, 0x1168, 0x11AD, 0x1101, 0x1168, 0x11AE, 0x1101, 0x1168, 0x11AF,
    0x1101, 0x1168, 0x11B0, 0x1101, 0x1168, 0x11B1, 0x1101, 0x1168, 0x11B2, 0x1101, 0x1168, 0x11B3,
    0x1101, 0x1168, 0x11B4, 0x1101, 0x1168, 0x11B5, 0x1101, 0x1168, 0x11B6, 0x1101, 0x1168, 0x11B7,
    0x1101, 0x1168, 0x11B8, 0x1101, 0x1168, 0x11B9, 0x1101, 0x1168, 0x11BA, 0x1101, 0x1168, 0x11BB,
    0x1101, 0x1168, 0x11BC, 0x1101, 0x1168, 0x11BD, 0x1101, 0x1168, 0x11BE, 0x1101, 0x1168, 0x11BF,
    0x1101, 0x1168, 0x11C0, 0x1101, 0x1168, 0x11C1, 0x1101, 0x1168, 0x11C2, 0x1101, 0x1169, 0x1101,
    0x1169, 0x11A8, 0x1101, 0x1169, 0x11A9, 0x1101, 0x1169, 0x11AA, 0x1101, 0x1169, 0x11AB, 0x1101,
    0x1169, 0x11AC, 0x1101, 0x1169, 0x11AD, 0x1101, 0x1169, 0x11AE, 0x1101, 0x1169, 0x11AF, 0x1101,
    0x1169, 0x11B0, 0x1101, 0x1169, 0x11B1, 0x1101, 0x1169, 0x11B2, 0x1101, 0x1169, 0x11B3, 0x1101,
    0x1169, 0x11B4, 0x1101, 0x1169, 0x11B5, 0x1101, 0x1169, 0x11B6, 0x1101, 0x1169, 0x11B7, 0x1101,
    0x1169, 0x11B8, 0x1101, 0x1169, 0x11B9, 0x1101, 0x1169, 0x11BA, 0x1101, 0x1169, 0x11BB, 0x1101,
    0x1169, 0x11BC, 0x1101, 0x1169, 0x11BD, 0x1101, 0x1169, 0x11BE, 0x1101, 0x1169, 0x11BF, 0x1101,
    0x1169, 0x11C0, 0x1101, 0x1169, 0x11C1, 0x1101, 0x1169, 0x11C2, 0x1101, 0x116A, 0x1101, 0x116A,
    0x11A8, 0x1101, 0x116A, 0x11A9, 0x1101, 0x116A, 0x11AA, 0x1101, 0x116A, 0x11AB, 0x1101, 0x116A,
    0x11AC, 0x1101, 0x116A, 0x11AD, 0x1101, 0x116A, 0x11AE, 0x1101, 0x116A, 0x11AF, 0x1101, 0x116A,
    0x11B0, 0x1101, 0x116A, 0x11B1, 0x1101, 0x116A, 0x11B2, 0x1101, 0x116A, 0x11B3, 0x1101, 0x116A,
    0x11B4, 0x1101, 0x116A, 0x11B5, 0x1101, 0x116A, 0x11B6, 0x1101, 0x116A, 0x11B7, 0x1101, 0x116A,
    0x11B8, 0x1101, 0x116A, 0x11B9, 0x1101, 0x116A, 0x11BA, 0x1101, 0x116A, 0x11BB, 0x1101, 0x116A,
    0x11BC, 0x1101, 0x116A, 0x11BD, 0x1101, 0x116A, 0x11BE, 0x1101, 0x116A, 0x11BF, 0x1101, 0x116A,
    0x11C0, 0x1101, 0x116A, 0x11C1, 0x1101, 0x116A, 0x11C2, 0x1101, 0x116B, 0x1101, 0x116B, 0x11A8,
    0x1101, 0x116B, 0x11A9, 0x1101, 0x116B, 0x11AA, 0x1101, 0x116B, 0x11AB, 0x1101, 0x116B, 0x11AC,
    0x1101, 0x116B, 0x11AD, 0x1101, 0x116B, 0x11AE, 0x1101, 0x116B, 0x11AF, 0x1101, 0x116B, 0x11B0,
    0x1101, 0x116B, 0x11B1, 0x1101, 0x116B, 0x11B2, 0x1101, 0x116B, 0x11B3, 0x1101, 0x116B, 0x11B4,
    0x1101, 0x116B, 0x11B5, 0x1101, 0x116B, 0x11B6, 0x1101, 0x116B, 0x11B7, 0x1101, 0x116B, 0x11B8,
    0x1101, 0x116B, 0x11B9, 0x1101, 0x116B, 0x11BA, 0x1101, 0x116B, 0x11BB, 0x1101, 0x116B, 0x11BC,
    0x1101, 0x116B, 0x11BD, 0x1101, 0x116B, 0x11BE, 0x1101, 0x116B, 0x11BF, 0x1101, 0x116B, 0x11C0,
    0x1101, 0x116B, 0x11C1, 0x1101, 0x116B, 0x11C2, 0x1101, 0x116C, 0x1101, 0x116C, 0x11A8, 0x1101,
    0x116C, 0x11A9, 0x1101, 0x116C, 0x11AA, 0x1101, 0x116C, 0x11AB, 0x1101, 0x116C, 0x11AC, 0x1101,
    0x116C, 0x11AD, 0x1101, 0x116C, 0x11AE, 0x1101, 0x116C, 0x11AF, 0x1101, 0x116C, 0x11B0, 0x1101,
    0x116C, 0x11B1, 0x1101, 0x116C, 0x11B2, 0x1101, 0x116C, 0x11B3, 0x1101, 0x116C, 0x11B4, 0x1101,
    0x116C, 0x11B5, 0x1101, 0x116C, 0x11B6, 0x1101, 0x116C, 0x11B7, 0x1101, 0x116C, 0x11B8, 0x1101,
    0x116C, 0x11B9, 0x1101, 0x116C, 0x11BA, 0x1101, 0x116C, 0x11BB, 0x1101, 0x116C, 0x11BC, 0x1101,
    0x116C, 0x11BD, 0x1101, 0x116C, 0x11BE, 0x1101, 0x116C, 0x11BF, 0x1101, 0x116C, 0x11C0, 0x1101,
    0x116C, 0x11C1, 0x1101, 0x116C, 0x11C2, 0x1101, 0x116D, 0x1101, 0x116D, 0x11A8, 0x1101, 0x116D,
    0x11A9, 0x1101, 0x116D, 0x11AA, 0x1101, 0x116D, 0x11AB, 0x1101, 0x116D, 0x11AC, 0x1101, 0x116D,
    0x11AD, 0x1101, 0x116D, 0x11AE, 0x1101, 0x116D, 0x11AF, 0x1101, 0x116D, 0x11B0, 0x1101, 0x116D,
    0x11B1, 0x1101, 0x116D, 0x11B2, 0x1101, 0x116D, 0x11B3, 0x1101, 0x116D, 0x11B4, 0x1101, 0x116D,
    0x11B5, 0x1101, 0x116D, 0x11B6, 0x1101, 0x116D, 0x11B7, 0x1101, 0x116D, 0x11B8, 0x1101, 0x116D,
    0x11B9, 0x1101, 0x116D, 0x11BA, 0x1101, 0x116D, 0x11BB, 0x1101, 0x116D, 0x11BC, 0x1101, 0x116D,
    0x11BD, 0x1101, 0x116D, 0x11BE, 0x1101, 0x116D, 0x11BF, 0x1101, 0x116D, 0x11C0, 0x1101, 0x116D,
    0x11C1, 0x1101, 0x116D, 0x11C2, 0x1101, 0x116E, 0x1101, 0x116E, 0x11A8, 0x1101, 0x116E, 0x11A9,
    0x1101, 0x116E, 0x11AA, 0x1101, 0x116E, 0x11AB, 0x1101, 0x116E, 0x11AC, 0x1101, 0x116E, 0x11AD,
    0x1101, 0x116E, 0x11AE, 0x1101, 0x116E, 0x11AF, 0x1101, 0x116E, 0x11B0, 0x1101, 0x116E, 0x11B1,
    0x1101, 0x116E, 0x11B2, 0x1101, 0x116E, 0x11B3, 0x1101, 0x116E, 0x11B4, 0x1101, 0x116E, 0x11B5,
    0x1101, 0x116E, 0x11B6, 0x1101, 0x116E, 0x11B7, 0x1101, 0x116E, 0x11B8, 0x1101, 0x116E, 0x11B9,
    0x1101, 0x116E, 0x11BA, 0x1101, 0x116E, 0x11BB, 0x1101, 0x116E, 0x11BC, 0x1101, 0x116E, 0x11BD,
    0x1101, 0x116E, 0x11BE, 0x1101, 0x116E, 0x11BF, 0x1101, 0x116E, 0x11C0, 0x1101, 0x116E, 0x11C1,
    0x1101, 0x116E, 0x11C2, 0x1101, 0x116F, 0x1101, 0x116F, 0x11A8, 0x1101, 0x116F, 0x11A9, 0x1101,
    0x116F, 0x11AA, 0x1101, 0x116F, 0x11AB, 0x1101, 0x116F, 0x11AC, 0x1101, 0x116F, 0x11AD, 0x1101,
    0x116F, 0x11AE, 0x1101, 0x116F, 0x11AF, 0x1101, 0x116F, 0x11B0, 0x1101, 0x116F, 0x11B1, 0x1101,
    0x116F, 0x11B2, 0x1101, 0x116F, 0x11B3, 0x1101, 0x116F, 0x11B4, 0x1101, 0x116F, 0x11B5, 0x1101,
    0x116F, 0x11B6, 0x1101, 0x116F, 0x11B7, 0x1101, 0x116F, 0x11B8, 0x1101, 0x116F, 0x11B9, 0x1101,
    0x116F, 0x11BA, 0x1101, 0x116F, 0x11BB, 0x1101, 0x116F, 0x11BC, 0x1101, 0x116F, 0x11BD, 0x1101,
    0x116F, 0x11BE, 0x1101, 0x116F, 0x11BF, 0x1101, 0x116F, 0x11C0, 0x1101, 0x116F, 0x11C1, 0x1101,
    0x116F, 0x11C2, 0x1101, 0x1170, 0x1101, 0x1170, 0x11A8, 0x1101, 0x1170, 0x11A9, 0x1101, 0x1170,
    0x11AA, 0x1101, 0x1170, 0x11AB, 0x1101, 0x1170, 0x11AC, 0x1101, 0x1170, 0x11AD, 0x1101, 0x1170,
    0x11AE, 0x1101, 0x1170, 0x11AF, 0x1101, 0x1170, 0x11B0, 0x1101, 0x1170, 0x11B1, 0x1101, 0x1170,
    0x11B2, 0x1101, 0x1170, 0x11B3, 0x1101, 0x1170, 0x11B4, 0x1101, 0x1170, 0x11B5, 0x1101, 0x1170,
    0x11B6, 0x1101, 0x1170, 0x11B7, 0x1101, 0x1170, 0x11B8, 0x1101, 0x1170, 0x11B9, 0x1101, 0x1170,
    0x11BA, 0x1101, 0x1170, 0x11BB, 0x1101, 0x1170, 0x11BC, 0x1101, 0x1170, 0x11BD, 0x1101, 0x1170,
    0x11BE, 0x1101, 0x1170, 0x11BF, 0x1101, 0x1170, 0x11C0, 0x1101, 0x1170, 0x11C1, 0x1101, 0x1170,
    0x11C2, 0x1101, 0x1171, 0x1101, 0x1171, 0x11A8, 0x1101, 0x1171, 0x11A9, 0x1101, 0x1171, 0x11AA,
    0x1101, 0x1171, 0x11AB, 0x1101, 0x1171, 0x11AC, 0x1101, 0x1171, 0x11AD, 0x1101, 0x1171, 0x11AE,
    0x1101, 0x1171, 0x11AF, 0x1101, 0x1171, 0x11B0, 0x1101, 0x1171, 0x11B1, 0x1101, 0x1171, 0x11B2,
    0x1101, 0x1171, 0x11B3, 0x1101, 0x1171, 0x11B4, 0x1101, 0x1171, 0x11B5, 0x1101, 0x1171, 0x11B6,
    0x1101, 0x1171, 0x11B7, 0x1101, 0x1171, 0x11B8, 0x1101, 0x1171, 0x11B9, 0x1101, 0x1171, 0x11BA,
    0x1101, 0x1171, 0x11BB, 0x1101, 0x1171, 0x11BC, 0x1101, 0x1171, 0x11BD, 0x1101, 0x1171, 0x11BE,
    0x1101, 0x1171, 0x11BF, 0x1101, 0x1171, 0x11C0, 0x1101, 0x1171, 0x11C1, 0x1101, 0x1171, 0x11C2,
    0x1101, 0x1172, 0x1101, 0x1172, 0x11A8, 0x1101, 0x1172, 0x11A9, 0x1101, 0x1172, 0x11AA, 0x1101,
    0x1172, 0x11AB, 0x1101, 0x1172, 0x11AC, 0x1101, 0x1172, 0x11AD, 0x1101, 0x1172, 0x11AE, 0x1101,
    0x1172, 0x11AF, 0x1101, 0x1172, 0x11B0, 0x1101, 0x1172, 0x11B1, 0x1101, 0x1172, 0x11B2, 0x1101,
    0x1172, 0x11B3, 0x1101, 0x1172, 0x11B4, 0x1101, 0x1172, 0x11B5, 0x1101, 0x1172, 0x11B6, 0x1101,
    0x1172, 0x11B7, 0x1101, 0x1172, 0x11B8, 0x1101, 0x1172, 0x11B9, 0x1101, 0x1172, 0x11BA, 0x1101,
    0x1172, 0x11BB, 0x1101, 0x1172, 0x11BC, 0x1101, 0x1172, 0x11BD, 0x1101, 0x1172, 0x11BE, 0x1101,
    0x1172, 0x11BF, 0x1101, 0x1172, 0x11C0, 0x1101, 0x1172, 0x11C1, 0x1101, 0x1172, 0x11C2, 0x1101,
    0x1173, 0x1101, 0x1173, 0x11A8, 0x1101, 0x1173, 0x11A9, 0x1101, 0x1173, 0x11AA, 0x1101, 0x1173,
    0x11AB, 0x1101, 0x1173, 0x11AC, 0x1101, 0x1173, 0x11AD, 0x1101, 0x1173, 0x11AE, 0x1101, 0x1173,
    0x11AF, 0x1101, 0x1173, 0x11B0, 0x1101, 0x1173, 0x11B1, 0x1101, 0x1173, 0x11B2, 0x1101, 0x1173,
    0x11B3, 0x1101, 0x1173, 0x11B4, 0x1101, 0x1173, 0x11B5, 0x1101, 0x1173, 0x11B6, 0x1101, 0x1173,
    0x11B7, 0x1101, 0x1173, 0x11B8, 0x1101, 0x1173, 0x11B9, 0x1101, 0x1173, 0x11BA, 0x1101, 0x1173,
    0x11BB, 0x1101, 0x1173, 0x11BC, 0x1101, 0x1173, 0x11BD, 0x1101, 0x1173, 0x11BE, 0x1101, 0x1173,
    0x11BF, 0x1101, 0x1173, 0x11C0, 0x1101, 0x1173, 0x11C1, 0x1101, 0x1173, 0x11C2, 0x1101, 0x1174,
    0x1101, 0x1174, 0x11A8, 0x1101, 0x1174, 0x11A9, 0x1101, 0x1174, 0x11AA, 0x1101, 0x1174, 0x11AB,
    0x1101, 0x1174, 0x11AC, 0x1101, 0x1174, 0x11AD, 0x1101, 0x1174, 0x11AE, 0x1101, 0x1174, 0x11AF,
    0x1101, 0x1174, 0x11B0, 0x1101, 0x1174, 0x11B1, 0x1101, 0x1174, 0x11B2, 0x1101, 0x1174, 0x11B3,
    0x1101, 0x1174, 0x11B4, 0x1101, 0x1174, 0x11B5, 0x1101, 0x1174, 0x11B6, 0x1101, 0x1174, 0x11B7,
    0x1101, 0x1174, 0x11B8, 0x1101, 0x1174, 0x11B9, 0x1101, 0x1174, 0x11BA, 0x1101, 0x1174, 0x11BB,
    0x1101, 0x1174, 0x11BC, 0x1101, 0x1174, 0x11BD, 0x1101, 0x1174, 0x11BE, 0x1101, 0x1174, 0x11BF,
    0x1101, 0x1174, 0x11C0, 0x1101, 0x1174, 0x11C1, 0x1101, 0x1174, 0x11C2, 0x1101, 0x1175, 0x1101,
    0x1175, 0x11A8, 0x1101, 0x1175, 0x11A9, 0x1101, 0x1175, 0x11AA, 0x1101, 0x1175, 0x11AB, 0x1101,
    0x1175, 0x11AC, 0x1101, 0x1175, 0x11AD, 0x1101, 0x1175, 0x11AE, 0x1101, 0x1175, 0x11AF, 0x1101,
    0x1175, 0x11B0, 0x1101, 0x1175, 0x11B1, 0x1101, 0x1175, 0x11B2, 0x1101, 0x1175, 0x11B3, 0x1101,
    0x1175, 0x11B4, 0x1101, 0x1175, 0x11B5, 0x1101, 0x1175, 0x11B6, 0x1101, 0x1175, 0x11B7, 0x1101,
    0x1175, 0x11B8, 0x1101, 0x1175, 0x11B9, 0x1101, 0x1175, 0x11BA, 0x1101, 0x1175, 0x11BB, 0x1101,
    0x1175, 0x11BC, 0x1101, 0x1175, 0x11BD, 0x1101, 0x1175, 0x11BE, 0x1101, 0x1175, 0x11BF, 0x1101,
    0x1175, 0x11C0, 0x1101, 0x1175, 0x11C1, 0x1101, 0x1175, 0x11C2, 0x1102, 0x1161, 0x1102, 0x1161,
    0x11A8, 0x1102, 0x1161, 0x11A9, 0x1102, 0x1161, 0x11AA, 0x1102, 0x1161, 0x11AB, 0x1102, 0x1161,
    0x11AC, 0x1102, 0x1161, 0x11AD, 0x1102, 0x1161, 0x11AE, 0x1102, 0x1161, 0x11AF, 0x1102, 0x1161,
    0x11B0, 0x1102, 0x1161, 0x11B1, 0x1102, 0x1161, 0x11B2, 0x1102, 0x1161, 0x11B3, 0x1102, 0x1161,
    0x11B4, 0x1102, 0x1161, 0x11B5, 0x1102, 0x1161, 0x11B6, 0x1102, 0x1161, 0x11B7, 0x1102, 0x1161,
    0x11B8, 0x1102, 0x1161, 0x11B9, 0x1102, 0x1161, 0x11BA, 0x1102, 0x1161, 0x11BB, 0x1102, 0x1161,
    0x11BC, 0x1102, 0x1161, 0x11BD, 0x1102, 0x1161, 0x11BE, 0x1102, 0x1161, 0x11BF, 0x1102, 0x1161,
    0x11C0, 0x1102, 0x1161, 0x11C1, 0x1102, 0x1161, 0x11C2, 0x1102, 0x1162, 0x1102, 0x1162, 0x11A8,
    0x1102, 0x1162, 0x11A9, 0x1102, 0x1162, 0x11AA, 0x1102, 0x1162, 0x11AB, 0x1102, 0x1162, 0x11AC,
    0x1102, 0x1162, 0x11AD, 0x1102, 0x1162, 0x11AE, 0x1102, 0x1162, 0x11AF, 0x1102, 0x1162, 0x11B0,
    0x1102, 0x1162, 0x11B1, 0x1102, 0x1162, 0x11B2, 0x1102, 0x1162, 0x11B3, 0x1102, 0x1162, 0x11B4,
    0x1102, 0x1162, 0x11B5, 0x1102, 0x1162, 0x11B6, 0x1102, 0x1162, 0x11B7, 0x1102, 0x1162, 0x11B8,
    0x1102, 0x1162, 0x11B9, 0x1102, 0x1162, 0x11BA, 0x1102, 0x1162, 0x11BB, 0x1102, 0x1162, 0x11BC,
    0x1102, 0x1162, 0x11BD, 0x1102, 0x1162, 0x11BE, 0x1102, 0x1162, 0x11BF, 0x1102, 0x1162, 0x11C0,
    0x1102, 0x1162, 0x11C1, 0x1102, 0x1162, 0x11C2, 0x1102, 0x1163, 0x1102, 0x1163, 0x11A8, 0x1102,
    0x1163, 0x11A9, 0x1102, 0x1163, 0x11AA, 0x1102, 0x1163, 0x11AB, 0x1102, 0x1163, 0x11AC, 0x1102,
    0x1163, 0x11AD, 0x1102, 0x1163, 0x11AE, 0x1102, 0x1163, 0x11AF, 0x1102, 0x1163, 0x11B0, 0x1102,
    0x1163, 0x11B1, 0x1102, 0x1163, 0x11B2, 0x1102, 0x1163, 0x11B3, 0x1102, 0x1163, 0x11B4, 0x1102,
    0x1163, 0x11B5, 0x1102, 0x1163, 0x11B6, 0x1102, 0x1163, 0x11B7, 0x1102, 0x1163, 0x11B8, 0x1102,
    0x1163, 0x11B9, 0x1102, 0x1163, 0x11BA, 0x1102, 0x1163, 0x11BB, 0x1102, 0x1163, 0x11BC, 0x1102,
    0x1163, 0x11BD, 0x1102, 0x1163, 0x11BE, 0x1102, 0x1163, 0x11BF, 0x1102, 0x1163, 0x11C0, 0x1102,
    0x1163, 0x11C1, 0x1102, 0x1163, 0x11C2, 0x1102, 0x1164, 0x1102, 0x1164, 0x11A8, 0x1102, 0x1164,
    0x11A9, 0x1102, 0x1164, 0x11AA, 0x1102, 0x1164, 0x11AB, 0x1102, 0x1164, 0x11AC, 0x1102, 0x1164,
    0x11AD, 0x1102, 0x1164, 0x11AE, 0x1102, 0x1164, 0x11AF, 0x1102, 0x1164, 0x11B0, 0x1102, 0x1164,
    0x11B1, 0x1102, 0x1164, 0x11B2, 0x1102, 0x1164, 0x11B3, 0x1102, 0x1164, 0x11B4, 0x1102, 0x1164,
    0x11B5, 0x1102, 0x1164, 0x11B6, 0x1102, 0x1164, 0x11B7, 0x1102, 0x1164, 0x11B8, 0x1102, 0x1164,
    0x11B9, 0x1102, 0x1164, 0x11BA, 0x1102, 0x1164, 0x11BB, 0x1102, 0x1164, 0x11BC, 0x1102, 0x1164,
    0x11BD, 0x1102, 0x1164, 0x11BE, 0x1102, 0x1164, 0x11BF, 0x1102, 0x1164, 0x11C0, 0x1102, 0x1164,
    0x11C1, 0x1102, 0x1164, 0x11C2, 0x1102, 0x1165, 0x1102, 0x1165, 0x11A8, 0x1102, 0x1165, 0x11A9,
    0x1102, 0x1165, 0x11AA, 0x1102, 0x1165, 0x11AB, 0x1102, 0x1165, 0x11AC, 0x1102, 0x1165, 0x11AD,
    0x1102, 0x1165, 0x11AE, 0x1102, 0x1165, 0x11AF, 0x1102, 0x1165, 0x11B0, 0x1102, 0x1165, 0x11B1,
    0x1102, 0x1165, 0x11B2, 0x1102, 0x1165, 0x11B3, 0x1102, 0x1165, 0x11B4, 0x1102, 0x1165, 0x11B5,
    0x1102, 0x1165, 0x11B6, 0x1102, 0x1165, 0x11B7, 0x1102, 0x1165, 0x11B8, 0x1102, 0x1165, 0x11B9,
    0x1102, 0x1165, 0x11BA, 0x1102, 0x1165, 0x11BB, 0x1102, 0x1165, 0x11BC, 0x1102, 0x1165, 0x11BD,
    0x1102, 0x1165, 0x11BE, 0x1102, 0x1165, 0x11BF, 0x1102, 0x1165, 0x11C0, 0x1102, 0x1165, 0x11C1,
    0x1102, 0x1165, 0x11C2, 0x1102, 0x1166, 0x1102, 0x1166, 0x11A8, 0x1102, 0x1166, 0x11A9, 0x1102,
    0x1166, 0x11AA, 0x1102, 0x1166, 0x11AB, 0x1102, 0x1166, 0x11AC, 0x1102, 0x1166, 0x11AD, 0x1102,
    0x1166, 0x11AE, 0x1102, 0x1166, 0x11AF, 0x1102, 0x1166, 0x11B0, 0x1102, 0x1166, 0x11B1, 0x1102,
    0x1166, 0x11B2, 0x1102, 0x1166, 0x11B3, 0x1102, 0x1166, 0x11B4, 0x1102, 0x1166, 0x11B5, 0x1102,
    0x1166, 0x11B6, 0x1102, 0x1166, 0x11B7, 0x1102, 0x1166, 0x11B8, 0x1102, 0x1166, 0x11B9, 0x1102,
    0x1166, 0x11BA, 0x1102, 0x1166, 0x11BB, 0x1102, 0x1166, 0x11BC, 0x1102, 0x1166, 0x11BD, 0x1102,
    0x1166, 0x11BE, 0x1102, 0x1166, 0x11BF, 0x1102, 0x1166, 0x11C0, 0x1102, 0x1166, 0x11C1, 0x1102,
    0x1166, 0x11C2, 0x1102, 0x1167, 0x1102, 0x1167, 0x11A8, 0x1102, 0x1167, 0x11A9, 0x1102, 0x1167,
    0x11AA, 0x1102, 0x1167, 0x11AB, 0x1102, 0x1167, 0x11AC, 0x1102, 0x1167, 0x11AD, 0x1102, 0x1167,
    0x11AE, 0x1102, 0x1167, 0x11AF, 0x1102, 0x1167, 0x11B0, 0x1102, 0x1167, 0x11B1, 0x1102, 0x1167,
    0x11B2, 0x1102, 0x1167, 0x11B3, 0x1102, 0x1167, 0x11B4, 0x1102, 0x1167, 0x11B5, 0x1102, 0x1167,
    0x11B6, 0x1102, 0x1167, 0x11B7, 0x1102, 0x1167, 0x11B8, 0x1102, 0x1167, 0x11B9, 0x1102, 0x1167,
    0x11BA, 0x1102, 0x1167, 0x11BB, 0x1102, 0x1167, 0x11BC, 0x1102, 0x1167, 0x11BD, 0x1102, 0x1167,
    0x11BE, 0x1102, 0x1167, 0x11BF, 0x1102, 0x1167, 0x11C0, 0x1102, 0x1167, 0x11C1, 0x1102, 0x1167,
    0x11C2, 0x1102, 0x1168, 0x1102, 0x1168, 0x11A8, 0x1102, 0x1168, 0x11A9, 0x1102, 0x1168, 0x11AA,
    0x1102, 0x1168, 0x11AB, 0x1102, 0x1168, 0x11AC, 0x1102, 0x1168, 0x11AD, 0x1102, 0x1168, 0x11AE,
    0x1102, 0x1168, 0x11AF, 0x1102, 0x1168, 0x11B0, 0x1102, 0x1168, 0x11B1, 0x1102, 0x1168, 0x11B2,
    0x1102, 0x1168, 0x11B3, 0x1102, 0x1168, 0x11B4, 0x1102, 0x1168, 0x11B5, 0x1102, 0x1168, 0x11B6,
    0x1102, 0x1168, 0x11B7, 0x1102, 0x1168, 0x11B8, 0x1102, 0x1168, 0x11B9, 0x1102, 0x1168, 0x11BA,
    0x1102, 0x1168, 0x11BB, 0x1102, 0x1168, 0x11BC, 0x1102, 0x1168, 0x11BD, 0x1102, 0x1168, 0x11BE,
    0x1102, 0x1168, 0x11BF, 0x1102, 0x1168, 0x11C0, 0x1102, 0x1168, 0x11C1, 0x1102, 0x1168, 0x11C2,
    0x1102, 0x1169, 0x1102, 0x1169, 0x11A8, 0x1102, 0x1169, 0x11A9, 0x1102, 0x1169, 0x11AA, 0x1102,
    0x1169, 0x11AB, 0x1102, 0x1169, 0x11AC, 0x1102, 0x1169, 0x11AD, 0x1102, 0x1169, 0x11AE, 0x1102,
    0x1169, 0x11AF, 0x1102, 0x1169, 0x11B0, 0x1102, 0x1169, 0x11B1, 0x1102, 0x1169, 0x11B2, 0x1102,
    0x1169, 0x11B3, 0x1102, 0x1169, 0x11B4, 0x1102, 0x1169, 0x11B5, 0x1102, 0x1169, 0x11B6, 0x1102,
    0x1169, 0x11B7, 0x1102, 0x1169, 0x11B8, 0x1102, 0x1169, 0x11B9, 0x1102, 0x1169, 0x11BA, 0x1102,
    0x1169, 0x11BB, 0x1102, 0x1169, 0x11BC, 0x1102, 0x1169, 0x11BD, 0x1102, 0x1169, 0x11BE, 0x1102,
    0x1169, 0x11BF, 0x1102, 0x1169, 0x11C0, 0x1102, 0x1169, 0x11C1, 0x1102, 0x1169, 0x11C2, 0x1102,
    0x116A, 0x1102, 0x116A, 0x11A8, 0x1102, 0x116A, 0x11A9, 0x1102, 0x116A, 0x11AA, 0x1102, 0x116A,
    0x11AB, 0x1102, 0x116A, 0x11AC, 0x1102, 0x116A, 0x11AD, 0x1102, 0x116A, 0x11AE, 0x1102, 0x116A,
    0x11AF, 0x1102, 0x116A, 0x11B0, 0x1102, 0x116A, 0x11B1, 0x1102, 0x116A, 0x11B2, 0x1102, 0x116A,
    0x11B3, 0x1102, 0x116A, 0x11B4, 0x1102, 0x116A, 0x11B5, 0x1102, 0x116A, 0x11B6, 0x1102, 0x116A,
    0x11B7, 0x1102, 0x116A, 0x11B8, 0x1102, 0x116A, 0x11B9, 0x1102, 0x116A, 0x11BA, 0x1102, 0x116A,
    0x11BB, 0x1102, 0x116A, 0x11BC, 0x1102, 0x116A, 0x11BD, 0x1102, 0x116A, 0x11BE, 0x1102, 0x116A,
    0x11BF, 0x1102, 0x116A, 0x11C0, 0x1102, 0x116A, 0x11C1, 0x1102, 0x116A, 0x11C2, 0x1102, 0x116B,
    0x1102, 0x116B, 0x11A8, 0x1102, 0x116B, 0x11A9, 0x1102, 0x116B, 0x11AA, 0x1102, 0x116B, 0x11AB,
    0x1102, 0x116B, 0x11AC, 0x1102, 0x116B, 0x11AD, 0x1102, 0x116B, 0x11AE, 0x1102, 0x116B, 0x11AF,
    0x1102, 0x116B, 0x11B0, 0x1102, 0x116B, 0x11B1, 0x1102, 0x116B, 0x11B2, 0x1102, 0x116B, 0x11B3,
    0x1102, 0x116B, 0x11B4, 0x1102, 0x116B, 0x11B5, 0x1102, 0x116B, 0x11B6, 0x1102, 0x116B, 0x11B7,
    0x1102, 0x116B, 0x11B8, 0x1102, 0x116B, 0x11B9, 0x1102, 0x116B, 0x11BA, 0x1102, 0x116B, 0x11BB,
    0x1102, 0x116B, 0x11BC, 0x1102, 0x116B, 0x11BD, 0x1102, 0x116B, 0x11BE, 0x1102, 0x116B, 0x11BF,
    0x1102, 0x116B, 0x11C0, 0x1102, 0x116B, 0x11C1, 0x1102, 0x116B, 0x11C2, 0x1102, 0x116C, 0x1102,
    0x116C, 0x11A8, 0x1102, 0x116C, 0x11A9, 0x1102, 0x116C, 0x11AA, 0x1102, 0x116C, 0x11AB, 0x1102,
    0x116C, 0x11AC, 0x1102, 0x116C, 0x11AD, 0x1102, 0x116C, 0x11AE, 0x1102, 0x116C, 0x11AF, 0x1102,
    0x116C, 0x11B0, 0x1102, 0x116C, 0x11B1, 0x1102, 0x116C, 0x11B2, 0x1102, 0x116C, 0x11B3, 0x1102,
    0x116C, 0x11B4, 0x1102, 0x116C, 0x11B5, 0x1102, 0x116C, 0x11B6, 0x1102, 0x116C, 0x11B7, 0x1102,
    0x116C, 0x11B8, 0x1102, 0x116C, 0x11B9, 0x1102, 0x116C, 0x11BA, 0x1102, 0x116C, 0x11BB, 0x1102,
    0x116C, 0x11BC, 0x1102, 0x116C, 0x11BD, 0x1102, 0x116C, 0x11BE, 0x1102, 0x116C, 0x11BF, 0x1102,
    0x116C, 0x11C0, 0x1102, 0x116C, 0x11C1, 0x1102, 0x116C, 0x11C2, 0x1102, 0x116D, 0x1102, 0x116D,
    0x11A8, 0x1102, 0x116D, 0x11A9, 0x1102, 0x116D, 0x11AA, 0x1102, 0x116D, 0x11AB, 0x1102, 0x116D,
    0x11AC, 0x1102, 0x116D, 0x11AD, 0x1102, 0x116D, 0x11AE, 0x1102, 0x116D, 0x11AF, 0x1102, 0x116D,
    0x11B0, 0x1102, 0x116D, 0x11B1, 0x1102, 0x116D, 0x11B2, 0x1102, 0x116D, 0x11B3, 0x1102, 0x116D,
    0x11B4, 0x1102, 0x116D, 0x11B5, 0x1102, 0x116D, 0x11B6, 0x1102, 0x116D, 0x11B7, 0x1102, 0x116D,
    0x11B8, 0x1102, 0x116D, 0x11B9, 0x1102, 0x116D, 0x11BA, 0x1102, 0x116D, 0x11BB, 0x1102, 0x116D,
    0x11BC, 0x1102, 0x116D, 0x11BD, 0x1102, 0x116D, 0x11BE, 0x1102, 0x116D, 0x11BF, 0x1102, 0x116D,
    0x11C0, 0x1102, 0x116D, 0x11C1, 0x1102, 0x116D, 0x11C2, 0x1102, 0x116E, 0x1102, 0x116E, 0x11A8,
    0x1102, 0x116E, 0x11A9, 0x1102, 0x116E, 0x11AA, 0x1102, 0x116E, 0x11AB, 0x1102, 0x116E, 0x11AC,
    0x1102, 0x116E, 0x11AD, 0x1102, 0x116E, 0x11AE, 0x1102, 0x116E, 0x11AF, 0x1102, 0x116E, 0x11B0,
    0x1102, 0x116E, 0x11B1, 0x1102, 0x116E, 0x11B2, 0x1102, 0x116E, 0x11B3, 0x1102, 0x116E, 0x11B4,
    0x1102, 0x116E, 0x11B5, 0x1102, 0x116E, 0x11B6, 0x1102, 0x116E, 0x11B7, 0x1102, 0x116E, 0x11B8,
    0x1102, 0x116E, 0x11B9, 0x1102, 0x116E, 0x11BA, 0x1102, 0x116E, 0x11BB, 0x1102, 0x116E, 0x11BC,
    0x1102, 0x116E, 0x11BD, 0x1102, 0x116E, 0x11BE, 0x1102, 0x116E, 0x11BF, 0x1102, 0x116E, 0x11C0,
    0x1102, 0x116E, 0x11C1, 0x1102, 0x116E, 0x11C2, 0x1102, 0x116F, 0x1102, 0x116F, 0x11A8, 0x1102,
    0x116F, 0x11A9, 0x1102, 0x116F, 0x11AA, 0x1102, 0x116F, 0x11AB, 0x1102, 0x116F, 0x11AC, 0x1102,
    0x116F, 0x11AD, 0x1102, 0x116F, 0x11AE, 0x1102, 0x116F, 0x11AF, 0x1102, 0x116F, 0x11B0, 0x1102,
    0x116F, 0x11B1, 0x1102, 0x116F, 0x11B2, 0x1102, 0x116F, 0x11B3, 0x1102, 0x116F, 0x11B4, 0x1102,
    0x116F, 0x11B5, 0x1102, 0x116F, 0x11B6, 0x1102, 0x116F, 0x11B7, 0x1102, 0x116F, 0x11B8, 0x1102,
    0x116F, 0x11B9, 0x1102, 0x116F, 0x11BA, 0x1102, 0x116F, 0x11BB, 0x1102, 0x116F, 0x11BC, 0x1102,
    0x116F, 0x11BD, 0x1102, 0x116F, 0x11BE, 0x1102, 0x116F, 0x11BF, 0x1102, 0x116F, 0x11C0, 0x1102,
    0x116F, 0x11C1, 0x1102, 0x116F, 0x11C2, 0x1102, 0x1170, 0x1102, 0x1170, 0x11A8, 0x1102, 0x1170,
    0x11A9, 0x1102, 0x1170, 0x11AA, 0x1102, 0x1170, 0x11AB, 0x1102, 0x1170, 0x11AC, 0x1102, 0x1170,
    0x11AD, 0x1102, 0x1170, 0x11AE, 0x1102, 0x1170, 0x11AF, 0x1102, 0x1170, 0x11B0, 0x1102, 0x1170,
    0x11B1, 0x1102, 0x1170, 0x11B2, 0x1102, 0x1170, 0x11B3, 0x1102, 0x1170, 0x11B4, 0x1102, 0x1170,
    0x11B5, 0x1102, 0x1170, 0x11B6, 0x1102, 0x1170, 0x11B7, 0x1102, 0x1170, 0x11B8, 0x1102, 0x1170,
    0x11B9, 0x1102, 0x1170, 0x11BA, 0x1102, 0x1170, 0x11BB, 0x1102, 0x1170, 0x11BC, 0x1102, 0x1170,
    0x11BD, 0x1102, 0x1170, 0x11BE, 0x1102, 0x1170, 0x11BF, 0x1102, 0x1170, 0x11C0, 0x1102, 0x1170,
    0x11C1, 0x1102, 0x1170, 0x11C2, 0x1102, 0x1171, 0x1102, 0x1171, 0x11A8, 0x1102, 0x1171, 0x11A9,
    0x1102, 0x1171, 0x11AA, 0x1102, 0x1171, 0x11AB, 0x1102, 0x1171, 0x11AC, 0x1102, 0x1171, 0x11AD,
    0x1102, 0x1171, 0x11AE, 0x1102, 0x1171, 0x11AF, 0x1102, 0x1171, 0x11B0, 0x1102, 0x1171, 0x11B1,
    0x1102, 0x1171, 0x11B2, 0x1102, 0x1171, 0x11B3, 0x1102, 0x1171, 0x11B4, 0x1102, 0x1171, 0x11B5,
    0x1102, 0x1171, 0x11B6, 0x1102, 0x1171, 0x11B7, 0x1102, 0x1171, 0x11B8, 0x1102, 0x1171, 0x11B9,
    0x1102, 0x1171, 0x11BA, 0x1102, 0x1171, 0x11BB, 0x1102, 0x1171, 0x11BC, 0x1102, 0x1171, 0x11BD,
    0x1102, 0x1171, 0x11BE, 0x1102, 0x1171, 0x11BF, 0x1102, 0x1171, 0x11C0, 0x1102, 0x1171, 0x11C1,
    0x1102, 0x1171, 0x11C2, 0x1102, 0x1172, 0x1102, 0x1172, 0x11A8, 0x1102, 0x1172, 0x11A9, 0x1102,
    0x1172, 0x11AA, 0x1102, 0x1172, 0x11AB, 0x1102, 0x1172, 0x11AC, 0x1102, 0x1172, 0x11AD, 0x1102,
    0x1172, 0x11AE, 0x1102, 0x1172, 0x11AF, 0x1102, 0x1172, 0x11B0, 0x1102, 0x1172, 0x11B1, 0x1102,
    0x1172, 0x11B2, 0x1102, 0x1172, 0x11B3, 0x1102, 0x1172, 0x11B4, 0x1102, 0x1172, 0x11B5, 0x1102,
    0x1172, 0x11B6, 0x1102, 0x1172, 0x11B7, 0x1102, 0x1172, 0x11B8, 0x1102, 0x1172, 0x11B9, 0x1102,
    0x1172, 0x11BA, 0x1102, 0x1172, 0x11BB, 0x1102, 0x1172, 0x11BC, 0x1102, 0x1172, 0x11BD, 0x1102,
    0x1172, 0x11BE, 0x1102, 0x1172, 0x11BF, 0x1102, 0x1172, 0x11C0, 0x1102, 0x1172, 0x11C1, 0x1102,
    0x1172, 0x11C2, 0x1102, 0x1173, 0x1102, 0x1173, 0x11A8, 0x1102, 0x1173, 0x11A9, 0x1102, 0x1173,
    0x11AA, 0x1102, 0x1173, 0x11AB, 0x1102, 0x1173, 0x11AC, 0x1102, 0x1173, 0x11AD, 0x1102, 0x1173,
    0x11AE, 0x1102, 0x1173, 0x11AF, 0x1102, 0x1173, 0x11B0, 0x1102, 0x1173, 0x11B1, 0x1102, 0x1173,
    0x11B2, 0x1102, 0x1173, 0x11B3, 0x1102, 0x1173, 0x11B4, 0x1102, 0x1173, 0x11B5, 0x1102, 0x1173,
    0x11B6, 0x1102, 0x1173, 0x11B7, 0x1102, 0x1173, 0x11B8, 0x1102, 0x1173, 0x11B9, 0x1102, 0x1173,
    0x11BA, 0x1102, 0x1173, 0x11BB, 0x1102, 0x1173, 0x11BC, 0x1102, 0x1173, 0x11BD, 0x1102, 0x1173,
    0x11BE, 0x1102, 0x1173, 0x11BF, 0x1102, 0x1173, 0x11C0, 0x1102, 0x1173, 0x11C1, 0x1102, 0x1173,
    0x11C2, 0x1102, 0x1174, 0x1102, 0x1174, 0x11A8, 0x1102, 0x1174, 0x11A9, 0x1102, 0x1174, 0x11AA,
    0x1102, 0x1174, 0x11AB, 0x1102, 0x1174, 0x11AC, 0x1102, 0x1174, 0x11AD, 0x1102, 0x1174, 0x11AE,
    0x1102, 0x1174, 0x11AF, 0x1102, 0x1174, 0x11B0, 0x1102, 0x1174, 0x11B1, 0x1102, 0x1174, 0x11B2,
    0x1102, 0x1174, 0x11B3, 0x1102, 0x1174, 0x11B4, 0x1102, 0x1174, 0x11B5, 0x1102, 0x1174, 0x11B6,
    0x1102, 0x1174, 0x11B7, 0x1102, 0x1174, 0x11B8, 0x1102, 0x1174, 0x11B9, 0x1102, 0x1174, 0x11BA,
    0x1102, 0x1174, 0x11BB, 0x1102, 0x1174, 0x11BC, 0x1102, 0x1174, 0x11BD, 0x1102, 0x1174, 0x11BE,
    0x1102, 0x1174, 0x11BF, 0x1102, 0x1174, 0x11C0, 0x1102, 0x1174, 0x11C1, 0x1102, 0x1174, 0x11C2,
    0x1102, 0x1175, 0x1102, 0x1175, 0x11A8, 0x1102, 0x1175, 0x11A9, 0x1102, 0x1175, 0x11AA, 0x1102,
    0x1175, 0x11AB, 0x1102, 0x1175, 0x11AC, 0x1102, 0x1175, 0x11AD, 0x1102, 0x1175, 0x11AE, 0x1102,
    0x1175, 0x11AF, 0x1102, 0x1175, 0x11B0, 0x1102, 0x1175, 0x11B1, 0x1102, 0x1175, 0x11B2, 0x1102,
    0x1175, 0x11B3, 0x1102, 0x1175, 0x11B4, 0x1102, 0x1175, 0x11B5, 0x1102, 0x1175, 0x11B6, 0x1102,
    0x1175, 0x11B7, 0x1102, 0x1175, 0x11B8, 0x1102, 0x1175, 0x11B9, 0x1102, 0x1175, 0x11BA, 0x1102,
    0x1175, 0x11BB, 0x1102, 0x1175, 0x11BC, 0x1102, 0x1175, 0x11BD, 0x1102, 0x1175, 0x11BE, 0x1102,
    0x1175, 0x11BF, 0x1102, 0x1175, 0x11C0, 0x1102, 0x1175, 0x11C1, 0x1102, 0x1175, 0x11C2, 0x1103,
    0x1161, 0x1103, 0x1161, 0x11A8, 0x1103, 0x1161, 0x11A9, 0x1103, 0x1161, 0x11AA, 0x1103, 0x1161,
    0x11AB, 0x1103, 0x1161, 0x11AC, 0x1103, 0x1161, 0x11AD, 0x1103, 0x1161, 0x11AE, 0x1103, 0x1161,
    0x11AF, 0x1103, 0x1161, 0x11B0, 0x1103, 0x1161, 0x11B1, 0x1103, 0x1161, 0x11B2, 0x1103, 0x1161,
    0x11B3, 0x1103, 0x1161, 0x11B4, 0x1103, 0x1161, 0x11B5, 0x1103, 0x1161, 0x11B6, 0x1103, 0x1161,
    0x11B7, 0x1103, 0x1161, 0x11B8, 0x1103, 0x1161, 0x11B9, 0x1103, 0x1161, 0x11BA, 0x1103, 0x1161,
    0x11BB, 0x1103, 0x1161, 0x11BC, 0x1103, 0x1161, 0x11BD, 0x1103, 0x1161, 0x11BE, 0x1103, 0x1161,
    0x11BF, 0x1103, 0x1161, 0x11C0, 0x1103, 0x1161, 0x11C1, 0x1103, 0x1161, 0x11C2, 0x1103, 0x1162,
    0x1103, 0x1162, 0x11A8, 0x1103, 0x1162, 0x11A9, 0x1103, 0x1162, 0x11AA, 0x1103, 0x1162, 0x11AB,
    0x1103, 0x1162, 0x11AC, 0x1103, 0x1162, 0x11AD, 0x1103, 0x1162, 0x11AE, 0x1103, 0x1162, 0x11AF,
    0x1103, 0x1162, 0x11B0, 0x1103, 0x1162, 0x11B1, 0x1103, 0x1162, 0x11B2, 0x1103, 0x1162, 0x11B3,
    0x1103, 0x1162, 0x11B4, 0x1103, 0x1162, 0x11B5, 0x1103, 0x1162, 0x11B6, 0x1103, 0x1162, 0x11B7,
    0x1103, 0x1162, 0x11B8, 0x1103, 0x1162, 0x11B9, 0x1103, 0x1162, 0x11BA, 0x1103, 0x1162, 0x11BB,
    0x1103, 0x1162, 0x11BC, 0x1103, 0x1162, 0x11BD, 0x1103, 0x1162, 0x11BE, 0x1103, 0x1162, 0x11BF,
    0x1103, 0x1162, 0x11C0, 0x1103, 0x1162, 0x11C1, 0x1103, 0x1162, 0x11C2, 0x1103, 0x1163, 0x1103,
    0x1163, 0x11A8, 0x1103, 0x1163, 0x11A9, 0x1103, 0x1163, 0x11AA, 0x1103, 0x1163, 0x11AB, 0x1103,
    0x1163, 0x11AC, 0x1103, 0x1163, 0x11AD, 0x1103, 0x1163, 0x11AE, 0x1103, 0x1163, 0x11AF, 0x1103,
    0x1163, 0x11B0, 0x1103, 0x1163, 0x11B1, 0x1103, 0x1163, 0x11B2, 0x1103, 0x1163, 0x11B3, 0x1103,
    0x1163, 0x11B4, 0x1103, 0x1163, 0x11B5, 0x1103, 0x1163, 0x11B6, 0x1103, 0x1163, 0x11B7, 0x1103,
    0x1163, 0x11B8, 0x1103, 0x1163, 0x11B9, 0x1103, 0x1163, 0x11BA, 0x1103, 0x1163, 0x11BB, 0x1103,
    0x1163, 0x11BC, 0x1103, 0x1163, 0x11BD, 0x1103, 0x1163, 0x11BE, 0x1103, 0x1163, 0x11BF, 0x1103,
    0x1163, 0x11C0, 0x1103, 0x1163, 0x11C1, 0x1103, 0x1163, 0x11C2, 0x1103, 0x1164, 0x1103, 0x1164,
    0x11A8, 0x1103, 0x1164, 0x11A9, 0x1103, 0x1164, 0x11AA, 0x1103, 0x1164, 0x11AB, 0x1103, 0x1164,
    0x11AC, 0x1103, 0x1164, 0x11AD, 0x1103, 0x1164, 0x11AE, 0x1103, 0x1164, 0x11AF, 0x1103, 0x1164,
    0x11B0, 0x1103, 0x1164, 0x11B1, 0x1103, 0x1164, 0x11B2, 0x1103, 0x1164, 0x11B3, 0x1103, 0x1164,
    0x11B4, 0x1103, 0x1164, 0x11B5, 0x1103, 0x1164, 0x11B6, 0x1103, 0x1164, 0x11B7, 0x1103, 0x1164,
    0x11B8, 0x1103, 0x1164, 0x11B9, 0x1103, 0x1164, 0x11BA, 0x1103, 0x1164, 0x11BB, 0x1103, 0x1164,
    0x11BC, 0x1103, 0x1164, 0x11BD, 0x1103, 0x1164, 0x11BE, 0x1103, 0x1164, 0x11BF, 0x1103, 0x1164,
    0x11C0, 0x1103, 0x1164, 0x11C1, 0x1103, 0x1164, 0x11C2, 0x1103, 0x1165, 0x1103, 0x1165, 0x11A8,
    0x1103, 0x1165, 0x11A9, 0x1103, 0x1165, 0x11AA, 0x1103, 0x1165, 0x11AB, 0x1103, 0x1165, 0x11AC,
    0x1103, 0x1165, 0x11AD, 0x1103, 0x1165, 0x11AE, 0x1103, 0x1165, 0x11AF, 0x1103, 0x1165, 0x11B0,
    0x1103, 0x1165, 0x11B1, 0x1103, 0x1165, 0x11B2, 0x1103, 0x1165, 0x11B3, 0x1103, 0x1165, 0x11B4,
    0x1103, 0x1165, 0x11B5, 0x1103, 0x1165, 0x11B6, 0x1103, 0x1165, 0x11B7, 0x1103, 0x1165, 0x11B8,
    0x1103, 0x1165, 0x11B9, 0x1103, 0x1165, 0x11BA, 0x1103, 0x1165, 0x11BB, 0x1103, 0x1165, 0x11BC,
    0x1103, 0x1165, 0x11BD, 0x1103, 0x1165, 0x11BE, 0x1103, 0x1165, 0x11BF, 0x1103, 0x1165, 0x11C0,
    0x1103, 0x1165, 0x11C1, 0x1103, 0x1165, 0x11C2, 0x1103, 0x1166, 0x1103, 0x1166, 0x11A8, 0x1103,
    0x1166, 0x11A9, 0x1103, 0x1166, 0x11AA, 0x1103, 0x1166, 0x11AB, 0x1103, 0x1166, 0x11AC, 0x1103,
    0x1166, 0x11AD, 0x1103, 0x1166, 0x11AE, 0x1103, 0x1166, 0x11AF, 0x1103, 0x1166, 0x11B0, 0x1103,
    0x1166, 0x11B1, 0x1103, 0x1166, 0x11B2, 0x1103, 0x1166, 0x11B3, 0x1103, 0x1166, 0x11B4, 0x1103,
    0x1166, 0x11B5, 0x1103, 0x1166, 0x11B6, 0x1103, 0x1166, 0x11B7, 0x1103, 0x1166, 0x11B8, 0x1103,
    0x1166, 0x11B9, 0x1103, 0x1166, 0x11BA, 0x1103, 0x1166, 0x11BB, 0x1103, 0x1166, 0x11BC, 0x1103,
    0x1166, 0x11BD, 0x1103, 0x1166, 0x11BE, 0x1103, 0x1166, 0x11BF, 0x1103, 0x1166, 0x11C0, 0x1103,
    0x1166, 0x11C1, 0x1103, 0x1166, 0x11C2, 0x1103, 0x1167, 0x1103, 0x1167, 0x11A8, 0x1103, 0x1167,
    0x11A9, 0x1103, 0x1167, 0x11AA, 0x1103, 0x1167, 0x11AB, 0x1103, 0x1167, 0x11AC, 0x1103, 0x1167,
    0x11AD, 0x1103, 0x1167, 0x11AE, 0x1103, 0x1167, 0x11AF, 0x1103, 0x1167, 0x11B0, 0x1103, 0x1167,
    0x11B1, 0x1103, 0x1167, 0x11B2, 0x1103, 0x1167, 0x11B3, 0x1103, 0x1167, 0x11B4, 0x1103, 0x1167,
    0x11B5, 0x1103, 0x1167, 0x11B6, 0x1103, 0x1167, 0x11B7, 0x1103, 0x1167, 0x11B8, 0x1103, 0x1167,
    0x11B9, 0x1103, 0x1167, 0x11BA, 0x1103, 0x1167, 0x11BB, 0x1103, 0x1167, 0x11BC, 0x1103, 0x1167,
    0x11BD, 0x1103, 0x1167, 0x11BE, 0x1103, 0x1167, 0x11BF, 0x1103, 0x1167, 0x11C0, 0x1103, 0x1167,
    0x11C1, 0x1103, 0x1167, 0x11C2, 0x1103, 0x1168, 0x1103, 0x1168, 0x11A8, 0x1103, 0x1168, 0x11A9,
    0x1103, 0x1168, 0x11AA, 0x1103, 0x1168, 0x11AB, 0x1103, 0x1168, 0x11AC, 0x1103, 0x1168, 0x11AD,
    0x1103, 0x1168, 0x11AE, 0x1103, 0x1168, 0x11AF, 0x1103, 0x1168, 0x11B0, 0x1103, 0x1168, 0x11B1,
    0x1103, 0x1168, 0x11B2, 0x1103, 0x1168, 0x11B3, 0x1103, 0x1168, 0x11B4, 0x1103, 0x1168, 0x11B5,
    0x1103, 0x1168, 0x11B6, 0x1103, 0x1168, 0x11B7, 0x1103, 0x1168, 0x11B8, 0x1103, 0x1168, 0x11B9,
    0x1103, 0x1168, 0x11BA, 0x1103, 0x1168, 0x11BB, 0x1103, 0x1168, 0x11BC, 0x1103, 0x1168, 0x11BD,
    0x1103, 0x1168, 0x11BE, 0x1103, 0x1168, 0x11BF, 0x1103, 0x1168, 0x11C0, 0x1103, 0x1168, 0x11C1,
    0x1103, 0x1168, 0x11C2, 0x1103, 0x1169, 0x1103, 0x1169, 0x11A8, 0x1103, 0x1169, 0x11A9, 0x1103,
    0x1169, 0x11AA, 0x1103, 0x1169, 0x11AB, 0x1103, 0x1169, 0x11AC, 0x1103, 0x1169, 0x11AD, 0x1103,
    0x1169, 0x11AE, 0x1103, 0x1169, 0x11AF, 0x1103, 0x1169, 0x11B0, 0x1103, 0x1169, 0x11B1, 0x1103,
    0x1169, 0x11B2, 0x1103, 0x1169, 0x11B3, 0x1103, 0x1169, 0x11B4, 0x1103, 0x1169, 0x11B5, 0x1103,
    0x1169, 0x11B6, 0x1103, 0x1169, 0x11B7, 0x1103, 0x1169, 0x11B8, 0x1103, 0x1169, 0x11B9, 0x1103,
    0x1169, 0x11BA, 0x1103, 0x1169, 0x11BB, 0x1103, 0x1169, 0x11BC, 0x1103, 0x1169, 0x11BD, 0x1103,
    0x1169, 0x11BE, 0x1103, 0x1169, 0x11BF, 0x1103, 0x1169, 0x11C0, 0x1103, 0x1169, 0x11C1, 0x1103,
    0x1169, 0x11C2, 0x1103, 0x116A, 0x1103, 0x116A, 0x11A8, 0x1103, 0x116A, 0x11A9, 0x1103, 0x116A,
    0x11AA, 0x1103, 0x116A, 0x11AB, 0x1103, 0x116A, 0x11AC, 0x1103, 0x116A, 0x11AD, 0x1103, 0x116A,
    0x11AE, 0x1103, 0x116A, 0x11AF, 0x1103, 0x116A, 0x11B0, 0x1103, 0x116A, 0x11B1, 0x1103, 0x116A,
    0x11B2, 0x1103, 0x116A, 0x11B3, 0x1103, 0x116A, 0x11B4, 0x1103, 0x116A, 0x11B5, 0x1103, 0x116A,
    0x11B6, 0x1103, 0x116A, 0x11B7, 0x1103, 0x116A, 0x11B8, 0x1103, 0x116A, 0x11B9, 0x1103, 0x116A,
    0x11BA, 0x1103, 0x116A, 0x11BB, 0x1103, 0x116A, 0x11BC, 0x1103, 0x116A, 0x11BD, 0x1103, 0x116A,
    0x11BE, 0x1103, 0x116A, 0x11BF, 0x1103, 0x116A, 0x11C0, 0x1103, 0x116A, 0x11C1, 0x1103, 0x116A,
    0x11C2, 0x1103, 0x116B, 0x1103, 0x116B, 0x11A8, 0x1103, 0x116B, 0x11A9, 0x1103, 0x116B, 0x11AA,
    0x1103, 0x116B, 0x11AB, 0x1103, 0x116B, 0x11AC, 0x1103, 0x116B, 0x11AD, 0x1103, 0x116B, 0x11AE,
    0x1103, 0x116B, 0x11AF, 0x1103, 0x116B, 0x11B0, 0x1103, 0x116B, 0x11B1, 0x1103, 0x116B, 0x11B2,
    0x1103, 0x116B, 0x11B3, 0x1103, 0x116B, 0x11B4, 0x1103, 0x116B, 0x11B5, 0x1103, 0x116B, 0x11B6,
    0x1103, 0x116B, 0x11B7, 0x1103, 0x116B, 0x11B8, 0x1103, 0x116B, 0x11B9, 0x1103, 0x116B, 0x11BA,
    0x1103, 0x116B, 0x11BB, 0x1103, 0x116B, 0x11BC, 0x1103, 0x116B, 0x11BD, 0x1103, 0x116B, 0x11BE,
    0x1103, 0x116B, 0x11BF, 0x1103, 0x116B, 0x11C0, 0x1103, 0x116B, 0x11C1, 0x1103, 0x116B, 0x11C2,
    0x1103, 0x116C, 0x1103, 0x116C, 0x11A8, 0x1103, 0x116C, 0x11A9, 0x1103, 0x116C, 0x11AA, 0x1103,
    0x116C, 0x11AB, 0x1103, 0x116C, 0x11AC, 0x1103, 0x116C, 0x11AD, 0x1103, 0x116C, 0x11AE, 0x1103,
    0x116C, 0x11AF, 0x1103, 0x116C, 0x11B0, 0x1103, 0x116C, 0x11B1, 0x1103, 0x116C, 0x11B2, 0x1103,
    0x116C, 0x11B3, 0x1103, 0x116C, 0x11B4, 0x1103, 0x116C, 0x11B5, 0x1103, 0x116C, 0x11B6, 0x1103,
    0x116C, 0x11B7, 0x1103, 0x116C, 0x11B8, 0x1103, 0x116C, 0x11B9, 0x1103, 0x116C, 0x11BA, 0x1103,
    0x116C, 0x11BB, 0x1103, 0x116C, 0x11BC, 0x1103, 0x116C, 0x11BD, 0x1103, 0x116C, 0x11BE, 0x1103,
    0x116C, 0x11BF, 0x1103, 0x116C, 0x11C0, 0x1103, 0x116C, 0x11C1, 0x1103, 0x116C, 0x11C2, 0x1103,
    0x116D, 0x1103, 0x116D, 0x11A8, 0x1103, 0x116D, 0x11A9, 0x1103, 0x116D, 0x11AA, 0x1103, 0x116D,
    0x11AB, 0x1103, 0x116D, 0x11AC, 0x1103, 0x116D, 0x11AD, 0x1103, 0x116D, 0x11AE, 0x1103, 0x116D,
    0x11AF, 0x1103, 0x116D, 0x11B0, 0x1103, 0x116D, 0x11B1, 0x1103, 0x116D, 0x11B2, 0x1103, 0x116D,
    0x11B3, 0x1103, 0x116D, 0x11B4, 0x1103, 0x116D, 0x11B5, 0x1103, 0x116D, 0x11B6, 0x1103, 0x116D,
    0x11B7, 0x1103, 0x116D, 0x11B8, 0x1103, 0x116D, 0x11B9, 0x1103, 0x116D, 0x11BA, 0x1103, 0x116D,
    0x11BB, 0x1103, 0x116D, 0x11BC, 0x1103, 0x116D, 0x11BD, 0x1103, 0x116D, 0x11BE, 0x1103, 0x116D,
    0x11BF, 0x1103, 0x116D, 0x11C0, 0x1103, 0x116D, 0x11C1, 0x1103, 0x116D, 0x11C2, 0x1103, 0x116E,
    0x1103, 0x116E, 0x11A8, 0x1103, 0x116E, 0x11A9, 0x1103, 0x116E, 0x11AA, 0x1103, 0x116E, 0x11AB,
    0x1103, 0x116E, 0x11AC, 0x1103, 0x116E, 0x11AD, 0x1103, 0x116E, 0x11AE, 0x1103, 0x116E, 0x11AF,
    0x1103, 0x116E, 0x11B0, 0x1103, 0x116E, 0x11B1, 0x1103, 0x116E, 0x11B2, 0x1103, 0x116E, 0x11B3,
    0x1103, 0x116E, 0x11B4, 0x1103, 0x116E, 0x11B5, 0x1103, 0x116E, 0x11B6, 0x1103, 0x116E, 0x11B7,
    0x1103, 0x116E, 0x11B8, 0x1103, 0x116E, 0x11B9, 0x1103, 0x116E, 0x11BA, 0x1103, 0x116E, 0x11BB,
    0x1103, 0x116E, 0x11BC, 0x1103, 0x116E, 0x11BD, 0x1103, 0x116E, 0x11BE, 0x1103, 0x116E, 0x11BF,
    0x1103, 0x116E, 0x11C0, 0x1103, 0x116E, 0x11C1, 0x1103, 0x116E, 0x11C2, 0x1103, 0x116F, 0x1103,
    0x116F, 0x11A8, 0x1103, 0x116F, 0x11A9, 0x1103, 0x116F, 0x11AA, 0x1103, 0x116F, 0x11AB, 0x1103,
    0x116F, 0x11AC, 0x1103, 0x116F, 0x11AD, 0x1103, 0x116F, 0x11AE, 0x1103, 0x116F, 0x11AF, 0x1103,
    0x116F, 0x11B0, 0x1103, 0x116F, 0x11B1, 0x1103, 0x116F, 0x11B2, 0x1103, 0x116F, 0x11B3, 0x1103,
    0x116F, 0x11B4, 0x1103, 0x116F, 0x11B5, 0x1103, 0x116F, 0x11B6, 0x1103, 0x116F, 0x11B7, 0x1103,
    0x116F, 0x11B8, 0x1103, 0x116F, 0x11B9, 0x1103, 0x116F, 0x11BA, 0x1103, 0x116F, 0x11BB, 0x1103,
    0x116F, 0x11BC, 0x1103, 0x116F, 0x11BD, 0x1103, 0x116F, 0x11BE, 0x1103, 0x116F, 0x11BF, 0x1103,
    0x116F, 0x11C0, 0x1103, 0x116F, 0x11C1, 0x1103, 0x116F, 0x11C2, 0x1103, 0x1170, 0x1103, 0x1170,
    0x11A8, 0x1103, 0x1170, 0x11A9, 0x1103, 0x1170, 0x11AA, 0x1103, 0x1170, 0x11AB, 0x1103, 0x1170,
    0x11AC, 0x1103, 0x1170, 0x11AD, 0x1103, 0x1170, 0x11AE, 0x1103, 0x1170, 0x11AF, 0x1103, 0x1170,
    0x11B0, 0x1103, 0x1170, 0x11B1, 0x1103, 0x1170, 0x11B2, 0x1103, 0x1170, 0x11B3, 0x1103, 0x1170,
    0x11B4, 0x1103, 0x1170, 0x11B5, 0x1103, 0x1170, 0x11B6, 0x1103, 0x1170, 0x11B7, 0x1103, 0x1170,
    0x11B8, 0x1103, 0x1170, 0x11B9, 0x1103, 0x1170, 0x11BA, 0x1103, 0x1170, 0x11BB, 0x1103, 0x1170,
    0x11BC, 0x1103, 0x1170, 0x11BD, 0x1103, 0x1170, 0x11BE, 0x1103, 0x1170, 0x11BF, 0x1103, 0x1170,
    0x11C0, 0x1103, 0x1170, 0x11C1, 0x1103, 0x1170, 0x11C2, 0x1103, 0x1171, 0x1103, 0x1171, 0x11A8,
    0x1103, 0x1171, 0x11A9, 0x1103, 0x1171, 0x11AA, 0x1103, 0x1171, 0x11AB, 0x1103, 0x1171, 0x11AC,
    0x1103, 0x1171, 0x11AD, 0x1103, 0x1171, 0x11AE, 0x1103, 0x1171, 0x11AF, 0x1103, 0x1171, 0x11B0,
    0x1103, 0x1171, 0x11B1, 0x1103, 0x1171, 0x11B2, 0x1103, 0x1171, 0x11B3, 0x1103, 0x1171, 0x11B4,
    0x1103, 0x1171, 0x11B5, 0x1103, 0x1171, 0x11B6, 0x1103, 0x1171, 0x11B7, 0x1103, 0x1171, 0x11B8,
    0x1103, 0x1171, 0x11B9, 0x1103, 0x1171, 0x11BA, 0x1103, 0x1171, 0x11BB, 0x1103, 0x1171, 0x11BC,
    0x1103, 0x1171, 0x11BD, 0x1103, 0x1171, 0x11BE, 0x1103, 0x1171, 0x11BF, 0x1103, 0x1171, 0x11C0,
    0x1103, 0x1171, 0x11C1, 0x1103, 0x1171, 0x11C2, 0x1103, 0x1172, 0x1103, 0x1172, 0x11A8, 0x1103,
    0x1172, 0x11A9, 0x1103, 0x1172, 0x11AA, 0x1103, 0x1172, 0x11AB, 0x1103, 0x1172, 0x11AC, 0x1103,
    0x1172, 0x11AD, 0x1103, 0x1172, 0x11AE, 0x1103, 0x1172, 0x11AF, 0x1103, 0x1172, 0x11B0, 0x1103,
    0x1172, 0x11B1, 0x1103, 0x1172, 0x11B2, 0x1103, 0x1172, 0x11B3, 0x1103, 0x1172, 0x11B4, 0x1103,
    0x1172, 0x11B5, 0x1103, 0x1172, 0x11B6, 0x1103, 0x1172, 0x11B7, 0x1103, 0x1172, 0x11B8, 0x1103,
    0x1172, 0x11B9, 0x1103, 0x1172, 0x11BA, 0x1103, 0x1172, 0x11BB, 0x1103, 0x1172, 0x11BC, 0x1103,
    0x1172, 0x11BD, 0x1103, 0x1172, 0x11BE, 0x1103, 0x1172, 0x11BF, 0x1103, 0x1172, 0x11C0, 0x1103,
    0x1172, 0x11C1, 0x1103, 0x1172, 0x11C2, 0x1103, 0x1173, 0x1103, 0x1173, 0x11A8, 0x1103, 0x1173,
    0x11A9, 0x1103, 0x1173, 0x11AA, 0x1103, 0x1173, 0x11AB, 0x1103, 0x1173, 0x11AC, 0x1103, 0x1173,
    0x11AD, 0x1103, 0x1173, 0x11AE, 0x1103, 0x1173, 0x11AF, 0x1103, 0x1173, 0x11B0, 0x1103, 0x1173,
    0x11B1, 0x1103, 0x1173, 0x11B2, 0x1103, 0x1173, 0x11B3, 0x1103, 0x1173, 0x11B4, 0x1103, 0x1173,
    0x11B5, 0x1103, 0x1173, 0x11B6, 0x1103, 0x1173, 0x11B7, 0x1103, 0x1173, 0x11B8, 0x1103, 0x1173,
    0x11B9, 0x1103, 0x1173, 0x11BA, 0x1103, 0x1173, 0x11BB, 0x1103, 0x1173, 0x11BC, 0x1103, 0x1173,
    0x11BD, 0x1103, 0x1173, 0x11BE, 0x1103, 0x1173, 0x11BF, 0x1103, 0x1173, 0x11C0, 0x1103, 0x1173,
    0x11C1, 0x1103, 0x1173, 0x11C2, 0x1103, 0x1174, 0x1103, 0x1174, 0x11A8, 0x1103, 0x1174, 0x11A9,
    0x1103, 0x1174, 0x11AA, 0x1103, 0x1174, 0x11AB, 0x1103, 0x1174, 0x11AC, 0x1103, 0x1174, 0x11AD,
    0x1103, 0x1174, 0x11AE, 0x1103, 0x1174, 0x11AF, 0x1103, 0x1174, 0x11B0, 0x1103, 0x1174, 0x11B1,
    0x1103, 0x1174, 0x11B2, 0x1103, 0x1174, 0x11B3, 0x1103, 0x1174, 0x11B4, 0x1103, 0x1174, 0x11B5,
    0x1103, 0x1174, 0x11B6, 0x1103, 0x1174, 0x11B7, 0x1103, 0x1174, 0x11B8, 0x1103, 0x1174, 0x11B9,
    0x1103, 0x1174, 0x11BA, 0x1103, 0x1174, 0x11BB, 0x1103, 0x1174, 0x11BC, 0x1103, 0x1174, 0x11BD,
    0x1103, 0x1174, 0x11BE, 0x1103, 0x1174, 0x11BF, 0x1103, 0x1174, 0x11C0, 0x1103, 0x1174, 0x11C1,
    0x1103, 0x1174, 0x11C2, 0x1103, 0x1175, 0x1103, 0x1175, 0x11A8, 0x1103, 0x1175, 0x11A9, 0x1103,
    0x1175, 0x11AA, 0x1103, 0x1175, 0x11AB, 0x1103, 0x1175, 0x11AC, 0x1103, 0x1175, 0x11AD, 0x1103,
    0x1175, 0x11AE, 0x1103, 0x1175, 0x11AF, 0x1103, 0x1175, 0x11B0, 0x1103, 0x1175, 0x11B1, 0x1103,
    0x1175, 0x11B2, 0x1103, 0x1175, 0x11B3, 0x1103, 0x1175, 0x11B4, 0x1103, 0x1175, 0x11B5, 0x1103,
    0x1175, 0x11B6, 0x1103, 0x1175, 0x11B7, 0x1103, 0x1175, 0x11B8, 0x1103, 0x1175, 0x11B9, 0x1103,
    0x1175, 0x11BA, 0x1103, 0x1175, 0x11BB, 0x1103, 0x1175, 0x11BC, 0x1103, 0x1175, 0x11BD, 0x1103,
    0x1175, 0x11BE, 0x1103, 0x1175, 0x11BF, 0x1103, 0x1175, 0x11C0, 0x1103, 0x1175, 0x11C1, 0x1103,
    0x1175, 0x11C2, 0x1104, 0x1161, 0x1104, 0x1161, 0x11A8, 0x1104, 0x1161, 0x11A9, 0x1104, 0x1161,
    0x11AA, 0x1104, 0x1161, 0x11AB, 0x1104, 0x1161, 0x11AC, 0x1104, 0x1161, 0x11AD, 0x1104, 0x1161,
    0x11AE, 0x1104, 0x1161, 0x11AF, 0x1104, 0x1161, 0x11B0, 0x1104, 0x1161, 0x11B1, 0x1104, 0x1161,
    0x11B2, 0x1104, 0x1161, 0x11B3, 0x1104, 0x1161, 0x11B4, 0x1104, 0x1161, 0x11B5, 0x1104, 0x1161,
    0x11B6, 0x1104, 0x1161, 0x11B7, 0x1104, 0x1161, 0x11B8, 0x1104, 0x1161, 0x11B9, 0x1104, 0x1161,
    0x11BA, 0x1104, 0x1161, 0x11BB, 0x1104, 0x1161, 0x11BC, 0x1104, 0x1161, 0x11BD, 0x1104, 0x1161,
    0x11BE, 0x1104, 0x1161, 0x11BF, 0x1104, 0x1161, 0x11C0, 0x1104, 0x1161, 0x11C1, 0x1104, 0x1161,
    0x11C2, 0x1104, 0x1162, 0x1104, 0x1162, 0x11A8, 0x1104, 0x1162, 0x11A9, 0x1104, 0x1162, 0x11AA,
    0x1104, 0x1162, 0x11AB, 0x1104, 0x1162, 0x11AC, 0x1104, 0x1162, 0x11AD, 0x1104, 0x1162, 0x11AE,
    0x1104, 0x1162, 0x11AF, 0x1104, 0x1162, 0x11B0, 0x1104, 0x1162, 0x11B1, 0x1104, 0x1162, 0x11B2,
    0x1104, 0x1162, 0x11B3, 0x1104, 0x1162, 0x11B4, 0x1104, 0x1162, 0x11B5, 0x1104, 0x1162, 0x11B6,
    0x1104, 0x1162, 0x11B7, 0x1104, 0x1162, 0x11B8, 0x1104, 0x1162, 0x11B9, 0x1104, 0x1162, 0x11BA,
    0x1104, 0x1162, 0x11BB, 0x1104, 0x1162, 0x11BC, 0x1104, 0x1162, 0x11BD, 0x1104, 0x1162, 0x11BE,
    0x1104, 0x1162, 0x11BF, 0x1104, 0x1162, 0x11C0, 0x1104, 0x1162, 0x11C1, 0x1104, 0x1162, 0x11C2,
    0x1104, 0x1163, 0x1104, 0x1163, 0x11A8, 0x1104, 0x1163, 0x11A9, 0x1104, 0x1163, 0x11AA, 0x1104,
    0x1163, 0x11AB, 0x1104, 0x1163, 0x11AC, 0x1104, 0x1163, 0x11AD, 0x1104, 0x1163, 0x11AE, 0x1104,
    0x1163, 0x11AF, 0x1104, 0x1163, 0x11B0, 0x1104, 0x1163, 0x11B1, 0x1104, 0x1163, 0x11B2, 0x1104,
    0x1163, 0x11B3, 0x1104, 0x1163, 0x11B4, 0x1104, 0x1163, 0x11B5, 0x1104, 0x1163, 0x11B6, 0x1104,
    0x1163, 0x11B7, 0x1104, 0x1163, 0x11B8, 0x1104, 0x1163, 0x11B9, 0x1104, 0x1163, 0x11BA, 0x1104,
    0x1163, 0x11BB, 0x1104, 0x1163, 0x11BC, 0x1104, 0x1163, 0x11BD, 0x1104, 0x1163, 0x11BE, 0x1104,
    0x1163, 0x11BF, 0x1104, 0x1163, 0x11C0, 0x1104, 0x1163, 0x11C1, 0x1104, 0x1163, 0x11C2, 0x1104,
    0x1164, 0x1104, 0x1164, 0x11A8, 0x1104, 0x1164, 0x11A9, 0x1104, 0x1164, 0x11AA, 0x1104, 0x1164,
    0x11AB, 0x1104, 0x1164, 0x11AC, 0x1104, 0x1164, 0x11AD, 0x1104, 0x1164, 0x11AE, 0x1104, 0x1164,
    0x11AF, 0x1104, 0x1164, 0x11B0, 0x1104, 0x1164, 0x11B1, 0x1104, 0x1164, 0x11B2, 0x1104, 0x1164,
    0x11B3, 0x1104, 0x1164, 0x11B4, 0x1104, 0x1164, 0x11B5, 0x1104, 0x1164, 0x11B6, 0x1104, 0x1164,
    0x11B7, 0x1104, 0x1164, 0x11B8, 0x1104, 0x1164, 0x11B9, 0x1104, 0x1164, 0x11BA, 0x1104, 0x1164,
    0x11BB, 0x1104, 0x1164, 0x11BC, 0x1104, 0x1164, 0x11BD, 0x1104, 0x1164, 0x11BE, 0x1104, 0x1164,
    0x11BF, 0x1104, 0x1164, 0x11C0, 0x1104, 0x1164, 0x11C1, 0x1104, 0x1164, 0x11C2, 0x1104, 0x1165,
    0x1104, 0x1165, 0x11A8, 0x1104, 0x1165, 0x11A9, 0x1104, 0x1165, 0x11AA, 0x1104, 0x1165, 0x11AB,
    0x1104, 0x1165, 0x11AC, 0x1104, 0x1165, 0x11AD, 0x1104, 0x1165, 0x11AE, 0x1104, 0x1165, 0x11AF,
    0x1104, 0x1165, 0x11B0, 0x1104, 0x1165, 0x11B1, 0x1104, 0x1165, 0x11B2, 0x1104, 0x1165, 0x11B3,
    0x1104, 0x1165, 0x11B4, 0x1104, 0x1165, 0x11B5, 0x1104, 0x1165, 0x11B6, 0x1104, 0x1165, 0x11B7,
    0x1104, 0x1165, 0x11B8, 0x1104, 0x1165, 0x11B9, 0x1104, 0x1165, 0x11BA, 0x1104, 0x1165, 0x11BB,
    0x1104, 0x1165, 0x11BC, 0x1104, 0x1165, 0x11BD, 0x1104, 0x1165, 0x11BE, 0x1104, 0x1165, 0x11BF,
    0x1104, 0x1165, 0x11C0, 0x1104, 0x1165, 0x11C1, 0x1104, 0x1165, 0x11C2, 0x1104, 0x1166, 0x1104,
    0x1166, 0x11A8, 0x1104, 0x1166, 0x11A9, 0x1104, 0x1166, 0x11AA, 0x1104, 0x1166, 0x11AB, 0x1104,
    0x1166, 0x11AC, 0x1104, 0x1166, 0x11AD, 0x1104, 0x1166, 0x11AE, 0x1104, 0x1166, 0x11AF, 0x1104,
    0x1166, 0x11B0, 0x1104, 0x1166, 0x11B1, 0x1104, 0x1166, 0x11B2, 0x1104, 0x1166, 0x11B3, 0x1104,
    0x1166, 0x11B4, 0x1104, 0x1166, 0x11B5, 0x1104, 0x1166, 0x11B6, 0x1104, 0x1166, 0x11B7, 0x1104,
    0x1166, 0x11B8, 0x1104, 0x1166, 0x11B9, 0x1104, 0x1166, 0x11BA, 0x1104, 0x1166, 0x11BB, 0x1104,
    0x1166, 0x11BC, 0x1104, 0x1166, 0x11BD, 0x1104, 0x1166, 0x11BE, 0x1104, 0x1166, 0x11BF, 0x1104,
    0x1166, 0x11C0, 0x1104, 0x1166, 0x11C1, 0x1104, 0x1166, 0x11C2, 0x1104, 0x1167, 0x1104, 0x1167,
    0x11A8, 0x1104, 0x1167, 0x11A9, 0x1104, 0x1167, 0x11AA, 0x1104, 0x1167, 0x11AB, 0x1104, 0x1167,
    0x11AC, 0x1104, 0x1167, 0x11AD, 0x1104, 0x1167, 0x11AE, 0x1104, 0x1167, 0x11AF, 0x1104, 0x1167,
    0x11B0, 0x1104, 0x1167, 0x11B1, 0x1104, 0x1167, 0x11B2, 0x1104, 0x1167, 0x11B3, 0x1104, 0x1167,
    0x11B4, 0x1104, 0x1167, 0x11B5, 0x1104, 0x1167, 0x11B6, 0x1104, 0x1167, 0x11B7, 0x1104, 0x1167,
    0x11B8, 0x1104, 0x1167, 0x11B9, 0x1104, 0x1167, 0x11BA, 0x1104, 0x1167, 0x11BB, 0x1104, 0x1167,
    0x11BC, 0x1104, 0x1167, 0x11BD, 0x1104, 0x1167, 0x11BE, 0x1104, 0x1167, 0x11BF, 0x1104, 0x1167,
    0x11C0, 0x1104, 0x1167, 0x11C1, 0x1104, 0x1167, 0x11C2, 0x1104, 0x1168, 0x1104, 0x1168, 0x11A8,
    0x1104, 0x1168, 0x11A9, 0x1104, 0x1168, 0x11AA, 0x1104, 0x1168, 0x11AB, 0x1104, 0x1168, 0x11AC,
    0x1104, 0x1168, 0x11AD, 0x1104, 0x1168, 0x11AE, 0x1104, 0x1168, 0x11AF, 0x1104, 0x1168, 0x11B0,
    0x1104, 0x1168, 0x11B1, 0x1104, 0x1168, 0x11B2, 0x1104, 0x1168, 0x11B3, 0x1104, 0x1168, 0x11B4,
    0x1104, 0x1168, 0x11B5, 0x1104, 0x1168, 0x11B6, 0x1104, 0x1168, 0x11B7, 0x1104, 0x1168, 0x11B8,
    0x1104, 0x1168, 0x11B9, 0x1104, 0x1168, 0x11BA, 0x1104, 0x1168, 0x11BB, 0x1104, 0x1168, 0x11BC,
    0x1104, 0x1168, 0x11BD, 0x1104, 0x1168, 0x11BE, 0x1104, 0x1168, 0x11BF, 0x1104, 0x1168, 0x11C0,
    0x1104, 0x1168, 0x11C1, 0x1104, 0x1168, 0x11C2, 0x1104, 0x1169, 0x1104, 0x1169, 0x11A8, 0x1104,
    0x1169, 0x11A9, 0x1104, 0x1169, 0x11AA, 0x1104, 0x1169, 0x11AB, 0x1104, 0x1169, 0x11AC, 0x1104,
    0x1169, 0x11AD, 0x1104, 0x1169, 0x11AE, 0x1104, 0x1169, 0x11AF, 0x1104, 0x1169, 0x11B0, 0x1104,
    0x1169, 0x11B1, 0x1104, 0x1169, 0x11B2, 0x1104, 0x1169, 0x11B3, 0x1104, 0x1169, 0x11B4, 0x1104,
    0x1169, 0x11B5, 0x1104, 0x1169, 0x11B6, 0x1104, 0x1169, 0x11B7, 0x1104, 0x1169, 0x11B8, 0x1104,
    0x1169, 0x11B9, 0x1104, 0x1169, 0x11BA, 0x1104, 0x1169, 0x11BB, 0x1104, 0x1169, 0x11BC, 0x1104,
    0x1169, 0x11BD, 0x1104, 0x1169, 0x11BE, 0x1104, 0x1169, 0x11BF, 0x1104, 0x1169, 0x11C0, 0x1104,
    0x1169, 0x11C1, 0x1104, 0x1169, 0x11C2, 0x1104, 0x116A, 0x1104, 0x116A, 0x11A8, 0x1104, 0x116A,
    0x11A9, 0x1104, 0x116A, 0x11AA, 0x1104, 0x116A, 0x11AB, 0x1104, 0x116A, 0x11AC, 0x1104, 0x116A,
    0x11AD, 0x1104, 0x116A, 0x11AE, 0x1104, 0x116A, 0x11AF, 0x1104, 0x116A, 0x11B0, 0x1104, 0x116A,
    0x11B1, 0x1104, 0x116A, 0x11B2, 0x1104, 0x116A, 0x11B3, 0x1104, 0x116A, 0x11B4, 0x1104, 0x116A,
    0x11B5, 0x1104, 0x116A, 0x11B6, 0x1104, 0x116A, 0x11B7, 0x1104, 0x116A, 0x11B8, 0x1104, 0x116A,
    0x11B9, 0x1104, 0x116A, 0x11BA, 0x1104, 0x116A, 0x11BB, 0x1104, 0x116A, 0x11BC, 0x1104, 0x116A,
    0x11BD, 0x1104, 0x116A, 0x11BE, 0x1104, 0x116A, 0x11BF, 0x1104, 0x116A, 0x11C0, 0x1104, 0x116A,
    0x11C1, 0x1104, 0x116A, 0x11C2, 0x1104, 0x116B, 0x1104, 0x116B, 0x11A8, 0x1104, 0x116B, 0x11A9,
    0x1104, 0x116B, 0x11AA, 0x1104, 0x116B, 0x11AB, 0x1104, 0x116B, 0x11AC, 0x1104, 0x116B, 0x11AD,
    0x1104, 0x116B, 0x11AE, 0x1104, 0x116B, 0x11AF, 0x1104, 0x116B, 0x11B0, 0x1104, 0x116B, 0x11B1,
    0x1104, 0x116B, 0x11B2, 0x1104, 0x116B, 0x11B3, 0x1104, 0x116B, 0x11B4, 0x1104, 0x116B, 0x11B5,
    0x1104, 0x116B, 0x11B6, 0x1104, 0x116B, 0x11B7, 0x1104, 0x116B, 0x11B8, 0x1104, 0x116B, 0x11B9,
    0x1104, 0x116B, 0x11BA, 0x1104, 0x116B, 0x11BB, 0x1104, 0x116B, 0x11BC, 0x1104, 0x116B, 0x11BD,
    0x1104, 0x116B, 0x11BE, 0x1104, 0x116B, 0x11BF, 0x1104, 0x116B, 0x11C0, 0x1104, 0x116B, 0x11C1,
    0x1104, 0x116B, 0x11C2, 0x1104, 0x116C, 0x1104, 0x116C, 0x11A8, 0x1104, 0x116C, 0x11A9, 0x1104,
    0x116C, 0x11AA, 0x1104, 0x116C, 0x11AB, 0x1104, 0x116C, 0x11AC, 0x1104, 0x116C, 0x11AD, 0x1104,
    0x116C, 0x11AE, 0x1104, 0x116C, 0x11AF, 0x1104, 0x116C, 0x11B0, 0x1104, 0x116C, 0x11B1, 0x1104,
    0x116C, 0x11B2, 0x1104, 0x116C, 0x11B3, 0x1104, 0x116C, 0x11B4, 0x1104, 0x116C, 0x11B5, 0x1104,
    0x116C, 0x11B6, 0x1104, 0x116C, 0x11B7, 0x1104, 0x116C, 0x11B8, 0x1104, 0x116C, 0x11B9, 0x1104,
    0x116C, 0x11BA, 0x1104, 0x116C, 0x11BB, 0x1104, 0x116C, 0x11BC, 0x1104, 0x116C, 0x11BD, 0x1104,
    0x116C, 0x11BE, 0x1104, 0x116C, 0x11BF, 0x1104, 0x116C, 0x11C0, 0x1104, 0x116C, 0x11C1, 0x1104,
    0x116C, 0x11C2, 0x1104, 0x116D, 0x1104, 0x116D, 0x11A8, 0x1104, 0x116D, 0x11A9, 0x1104, 0x116D,
    0x11AA, 0x1104, 0x116D, 0x11AB, 0x1104, 0x116D, 0x11AC, 0x1104, 0x116D, 0x11AD, 0x1104, 0x116D,
    0x11AE, 0x1104, 0x116D, 0x11AF, 0x1104, 0x116D, 0x11B0, 0x1104, 0x116D, 0x11B1, 0x1104, 0x116D,
    0x11B2, 0x1104, 0x116D, 0x11B3, 0x1104, 0x116D, 0x11B4, 0x1104, 0x116D, 0x11B5, 0x1104, 0x116D,
    0x11B6, 0x1104, 0x116D, 0x11B7, 0x1104, 0x116D, 0x11B8, 0x1104, 0x116D, 0x11B9, 0x1104, 0x116D,
    0x11BA, 0x1104, 0x116D, 0x11BB, 0x1104, 0x116D, 0x11BC, 0x1104, 0x116D, 0x11BD, 0x1104, 0x116D,
    0x11BE, 0x1104, 0x116D, 0x11BF, 0x1104, 0x116D, 0x11C0, 0x1104, 0x116D, 0x11C1, 0x1104, 0x116D,
    0x11C2, 0x1104, 0x116E, 0x1104, 0x116E, 0x11A8, 0x1104, 0x116E, 0x11A9, 0x1104, 0x116E, 0x11AA,
    0x1104, 0x116E, 0x11AB, 0x1104, 0x116E, 0x11AC, 0x1104, 0x116E, 0x11AD, 0x1104, 0x116E, 0x11AE,
    0x1104, 0x116E, 0x11AF, 0x1104, 0x116E, 0x11B0, 0x1104, 0x116E, 0x11B1, 0x1104, 0x116E, 0x11B2,
    0x1104, 0x116E, 0x11B3, 0x1104, 0x116E, 0x11B4, 0x1104, 0x116E, 0x11B5, 0x1104, 0x116E, 0x11B6,
    0x1104, 0x116E, 0x11B7, 0x1104, 0x116E, 0x11B8, 0x1104, 0x116E, 0x11B9, 0x1104, 0x116E, 0x11BA,
    0x1104, 0x116E, 0x11BB, 0x1104, 0x116E, 0x11BC, 0x1104, 0x116E, 0x11BD, 0x1104, 0x116E, 0x11BE,
    0x1104, 0x116E, 0x11BF, 0x1104, 0x116E, 0x11C0, 0x1104, 0x116E, 0x11C1, 0x1104, 0x116E, 0x11C2,
    0x1104, 0x116F, 0x1104, 0x116F, 0x11A8, 0x1104, 0x116F, 0x11A9, 0x1104, 0x116F, 0x11AA, 0x1104,
    0x116F, 0x11AB, 0x1104, 0x116F, 0x11AC, 0x1104, 0x116F, 0x11AD, 0x1104, 0x116F, 0x11AE, 0x1104,
    0x116F, 0x11AF, 0x1104, 0x116F, 0x11B0, 0x1104, 0x116F, 0x11B1, 0x1104, 0x116F, 0x11B2, 0x1104,
    0x116F, 0x11B3, 0x1104, 0x116F, 0x11B4, 0x1104, 0x116F, 0x11B5, 0x1104, 0x116F, 0x11B6, 0x1104,
    0x116F, 0x11B7, 0x1104, 0x116F, 0x11B8, 0x1104, 0x116F, 0x11B9, 0x1104, 0x116F, 0x11BA, 0x1104,
    0x116F, 0x11BB, 0x1104, 0x116F, 0x11BC, 0x1104, 0x116F, 0x11BD, 0x1104, 0x116F, 0x11BE, 0x1104,
    0x116F, 0x11BF, 0x1104, 0x116F, 0x11C0, 0x1104, 0x116F, 0x11C1, 0x1104, 0x116F, 0x11C2, 0x1104,
    0x1170, 0x1104, 0x1170, 0x11A8, 0x1104, 0x1170, 0x11A9, 0x1104, 0x1170, 0x11AA, 0x1104, 0x1170,
    0x11AB, 0x1104, 0x1170, 0x11AC, 0x1104, 0x1170, 0x11AD, 0x1104, 0x1170, 0x11AE, 0x1104, 0x1170,
    0x11AF, 0x1104, 0x1170, 0x11B0, 0x1104, 0x1170, 0x11B1, 0x1104, 0x1170, 0x11B2, 0x1104, 0x1170,
    0x11B3, 0x1104, 0x1170, 0x11B4, 0x1104, 0x1170, 0x11B5, 0x1104, 0x1170, 0x11B6, 0x1104, 0x1170,
    0x11B7, 0x1104, 0x1170, 0x11B8, 0x1104, 0x1170, 0x11B9, 0x1104, 0x1170, 0x11BA, 0x1104, 0x1170,
    0x11BB, 0x1104, 0x1170, 0x11BC, 0x1104, 0x1170, 0x11BD, 0x1104, 0x1170, 0x11BE, 0x1104, 0x1170,
    0x11BF, 0x1104, 0x1170, 0x11C0, 0x1104, 0x1170, 0x11C1, 0x1104, 0x1170, 0x11C2, 0x1104, 0x1171,
    0x1104, 0x1171, 0x11A8, 0x1104, 0x1171, 0x11A9, 0x1104, 0x1171, 0x11AA, 0x1104, 0x1171, 0x11AB,
    0x1104, 0x1171, 0x11AC, 0x1104, 0x1171, 0x11AD, 0x1104, 0x1171, 0x11AE, 0x1104, 0x1171, 0x11AF,
    0x1104, 0x1171, 0x11B0, 0x1104, 0x1171, 0x11B1, 0x1104, 0x1171, 0x11B2, 0x1104, 0x1171, 0x11B3,
    0x1104, 0x1171, 0x11B4, 0x1104, 0x1171, 0x11B5, 0x1104, 0x1171, 0x11B6, 0x1104, 0x1171, 0x11B7,
    0x1104, 0x1171, 0x11B8, 0x1104, 0x1171, 0x11B9, 0x1104, 0x1171, 0x11BA, 0x1104, 0x1171, 0x11BB,
    0x1104, 0x1171, 0x11BC, 0x1104, 0x1171, 0x11BD, 0x1104, 0x1171, 0x11BE, 0x1104, 0x1171, 0x11BF,
    0x1104, 0x1171, 0x11C0, 0x1104, 0x1171, 0x11C1, 0x1104, 0x1171, 0x11C2, 0x1104, 0x1172, 0x1104,
    0x1172, 0x11A8, 0x1104, 0x1172, 0x11A9, 0x1104, 0x1172, 0x11AA, 0x1104, 0x1172, 0x11AB, 0x1104,
    0x1172, 0x11AC, 0x1104, 0x1172, 0x11AD, 0x1104, 0x1172, 0x11AE, 0x1104, 0x1172, 0x11AF, 0x1104,
    0x1172, 0x11B0, 0x1104, 0x1172, 0x11B1, 0x1104, 0x1172, 0x11B2, 0x1104, 0x1172, 0x11B3, 0x1104,
    0x1172, 0x11B4, 0x1104, 0x1172, 0x11B5, 0x1104, 0x1172, 0x11B6, 0x1104, 0x1172, 0x11B7, 0x1104,
    0x1172, 0x11B8, 0x1104, 0x1172, 0x11B9, 0x1104, 0x1172, 0x11BA, 0x1104, 0x1172, 0x11BB, 0x1104,
    0x1172, 0x11BC, 0x1104, 0x1172, 0x11BD, 0x1104, 0x1172, 0x11BE, 0x1104, 0x1172, 0x11BF, 0x1104,
    0x1172, 0x11C0, 0x1104, 0x1172, 0x11C1, 0x1104, 0x1172, 0x11C2, 0x1104, 0x1173, 0x1104, 0x1173,
    0x11A8, 0x1104, 0x1173, 0x11A9, 0x1104, 0x1173, 0x11AA, 0x1104, 0x1173, 0x11AB, 0x1104, 0x1173,
    0x11AC, 0x1104, 0x1173, 0x11AD, 0x1104, 0x1173, 0x11AE, 0x1104, 0x1173, 0x11AF, 0x1104, 0x1173,
    0x11B0, 0x1104, 0x1173, 0x11B1, 0x1104, 0x1173, 0x11B2, 0x1104, 0x1173, 0x11B3, 0x1104, 0x1173,
    0x11B4, 0x1104, 0x1173, 0x11B5, 0x1104, 0x1173, 0x11B6, 0x1104, 0x1173, 0x11B7, 0x1104, 0x1173,
    0x11B8, 0x1104, 0x1173, 0x11B9, 0x1104, 0x1173, 0x11BA, 0x1104, 0x1173, 0x11BB, 0x1104, 0x1173,
    0x11BC, 0x1104, 0x1173, 0x11BD, 0x1104, 0x1173, 0x11BE, 0x1104, 0x1173, 0x11BF, 0x1104, 0x1173,
    0x11C0, 0x1104, 0x1173, 0x11C1, 0x1104, 0x1173, 0x11C2, 0x1104, 0x1174, 0x1104, 0x1174, 0x11A8,
    0x1104, 0x1174, 0x11A9, 0x1104, 0x1174, 0x11AA, 0x1104, 0x1174, 0x11AB, 0x1104, 0x1174, 0x11AC,
    0x1104, 0x1174, 0x11AD, 0x1104, 0x1174, 0x11AE, 0x1104, 0x1174, 0x11AF, 0x1104, 0x1174, 0x11B0,
    0x1104, 0x1174, 0x11B1, 0x1104, 0x1174, 0x11B2, 0x1104, 0x1174, 0x11B3, 0x1104, 0x1174, 0x11B4,
    0x1104, 0x1174, 0x11B5, 0x1104, 0x1174, 0x11B6, 0x1104, 0x1174, 0x11B7, 0x1104, 0x1174, 0x11B8,
    0x1104, 0x1174, 0x11B9, 0x1104, 0x1174, 0x11BA, 0x1104, 0x1174, 0x11BB, 0x1104, 0x1174, 0x11BC,
    0x1104, 0x1174, 0x11BD, 0x1104, 0x1174, 0x11BE, 0x1104, 0x1174, 0x11BF, 0x1104, 0x1174, 0x11C0,
    0x1104, 0x1174, 0x11C1, 0x1104, 0x1174, 0x11C2, 0x1104, 0x1175, 0x1104, 0x1175, 0x11A8, 0x1104,
    0x1175, 0x11A9, 0x1104, 0x1175, 0x11AA, 0x1104, 0x1175, 0x11AB, 0x1104, 0x1175, 0x11AC, 0x1104,
    0x1175, 0x11AD, 0x1104, 0x1175, 0x11AE, 0x1104, 0x1175, 0x11AF, 0x1104, 0x1175, 0x11B0, 0x1104,
    0x1175, 0x11B1, 0x1104, 0x1175, 0x11B2, 0x1104, 0x1175, 0x11B3, 0x1104, 0x1175, 0x11B4, 0x1104,
    0x1175, 0x11B5, 0x1104, 0x1175, 0x11B6, 0x1104, 0x1175, 0x11B7, 0x1104, 0x1175, 0x11B8, 0x1104,
    0x1175, 0x11B9, 0x1104, 0x1175, 0x11BA, 0x1104, 0x1175, 0x11BB, 0x1104, 0x1175, 0x11BC, 0x1104,
    0x1175, 0x11BD, 0x1104, 0x1175, 0x11BE, 0x1104, 0x1175, 0x11BF, 0x1104, 0x1175, 0x11C0, 0x1104,
    0x1175, 0x11C1, 0x1104, 0x1175, 0x11C2, 0x1105, 0x1161, 0x1105, 0x1161, 0x11A8, 0x1105, 0x1161,
    0x11A9, 0x1105, 0x1161, 0x11AA, 0x1105, 0x1161, 0x11AB, 0x1105, 0x1161, 0x11AC, 0x1105, 0x1161,
    0x11AD, 0x1105, 0x1161, 0x11AE, 0x1105, 0x1161, 0x11AF, 0x1105, 0x1161, 0x11B0, 0x1105, 0x1161,
    0x11B1, 0x1105, 0x1161, 0x11B2, 0x1105, 0x1161, 0x11B3, 0x1105, 0x1161, 0x11B4, 0x1105, 0x1161,
    0x11B5, 0x1105, 0x1161, 0x11B6, 0x1105, 0x1161, 0x11B7, 0x1105, 0x1161, 0x11B8, 0x1105, 0x1161,
    0x11B9, 0x1105, 0x1161, 0x11BA, 0x1105, 0x1161, 0x11BB, 0x1105, 0x1161, 0x11BC, 0x1105, 0x1161,
    0x11BD, 0x1105, 0x1161, 0x11BE, 0x1105, 0x1161, 0x11BF, 0x1105, 0x1161, 0x11C0, 0x1105, 0x1161,
    0x11C1, 0x1105, 0x1161, 0x11C2, 0x1105, 0x1162, 0x1105, 0x1162, 0x11A8, 0x1105, 0x1162, 0x11A9,
    0x1105, 0x1162, 0x11AA, 0x1105, 0x1162, 0x11AB, 0x1105, 0x1162, 0x11AC, 0x1105, 0x1162, 0x11AD,
    0x1105, 0x1162, 0x11AE, 0x1105, 0x1162, 0x11AF, 0x1105, 0x1162, 0x11B0, 0x1105, 0x1162, 0x11B1,
    0x1105, 0x1162, 0x11B2, 0x1105, 0x1162, 0x11B3, 0x1105, 0x1162, 0x11B4, 0x1105, 0x1162, 0x11B5,
    0x1105, 0x1162, 0x11B6, 0x1105, 0x1162, 0x11B7, 0x1105, 0x1162, 0x11B8, 0x1105, 0x1162, 0x11B9,
    0x1105, 0x1162, 0x11BA, 0x1105, 0x1162, 0x11BB, 0x1105, 0x1162, 0x11BC, 0x1105, 0x1162, 0x11BD,
    0x1105, 0x1162, 0x11BE, 0x1105, 0x1162, 0x11BF, 0x1105, 0x1162, 0x11C0, 0x1105, 0x1162, 0x11C1,
    0x1105, 0x1162, 0x11C2, 0x1105, 0x1163, 0x1105, 0x1163, 0x11A8, 0x1105, 0x1163, 0x11A9, 0x1105,
    0x1163, 0x11AA, 0x1105, 0x1163, 0x11AB, 0x1105, 0x1163, 0x11AC, 0x1105, 0x1163, 0x11AD, 0x1105,
    0x1163, 0x11AE, 0x1105, 0x1163, 0x11AF, 0x1105, 0x1163, 0x11B0, 0x1105, 0x1163, 0x11B1, 0x1105,
    0x1163, 0x11B2, 0x1105, 0x1163, 0x11B3, 0x1105, 0x1163, 0x11B4, 0x1105, 0x1163, 0x11B5, 0x1105,
    0x1163, 0x11B6, 0x1105, 0x1163, 0x11B7, 0x1105, 0x1163, 0x11B8, 0x1105, 0x1163, 0x11B9, 0x1105,
    0x1163, 0x11BA, 0x1105, 0x1163, 0x11BB, 0x1105, 0x1163, 0x11BC, 0x1105, 0x1163, 0x11BD, 0x1105,
    0x1163, 0x11BE, 0x1105, 0x1163, 0x11BF, 0x1105, 0x1163, 0x11C0, 0x1105, 0x1163, 0x11C1, 0x1105,
    0x1163, 0x11C2, 0x1105, 0x1164, 0x1105, 0x1164, 0x11A8, 0x1105, 0x1164, 0x11A9, 0x1105, 0x1164,
    0x11AA, 0x1105, 0x1164, 0x11AB, 0x1105, 0x1164, 0x11AC, 0x1105, 0x1164, 0x11AD, 0x1105, 0x1164,
    0x11AE, 0x1105, 0x1164, 0x11AF, 0x1105, 0x1164, 0x11B0, 0x1105, 0x1164, 0x11B1, 0x1105, 0x1164,
    0x11B2, 0x1105, 0x1164, 0x11B3, 0x1105, 0x1164, 0x11B4, 0x1105, 0x1164, 0x11B5, 0x1105, 0x1164,
    0x11B6, 0x1105, 0x1164, 0x11B7, 0x1105, 0x1164, 0x11B8, 0x1105, 0x1164, 0x11B9, 0x1105, 0x1164,
    0x11BA, 0x1105, 0x1164, 0x11BB, 0x1105, 0x1164, 0x11BC, 0x1105, 0x1164, 0x11BD, 0x1105, 0x1164,
    0x11BE, 0x1105, 0x1164, 0x11BF, 0x1105, 0x1164, 0x11C0, 0x1105, 0x1164, 0x11C1, 0x1105, 0x1164,
    0x11C2, 0x1105, 0x1165, 0x1105, 0x1165, 0x11A8, 0x1105, 0x1165, 0x11A9, 0x1105, 0x1165, 0x11AA,
    0x1105, 0x1165, 0x11AB, 0x1105, 0x1165, 0x11AC, 0x1105, 0x1165, 0x11AD, 0x1105, 0x1165, 0x11AE,
    0x1105, 0x1165, 0x11AF, 0x1105, 0x1165, 0x11B0, 0x1105, 0x1165, 0x11B1, 0x1105, 0x1165, 0x11B2,
    0x1105, 0x1165, 0x11B3, 0x1105, 0x1165, 0x11B4, 0x1105, 0x1165, 0x11B5, 0x1105, 0x1165, 0x11B6,
    0x1105, 0x1165, 0x11B7, 0x1105, 0x1165, 0x11B8, 0x1105, 0x1165, 0x11B9, 0x1105, 0x1165, 0x11BA,
    0x1105, 0x1165, 0x11BB, 0x1105, 0x1165, 0x11BC, 0x1105, 0x1165, 0x11BD, 0x1105, 0x1165, 0x11BE,
    0x1105, 0x1165, 0x11BF, 0x1105, 0x1165, 0x11C0, 0x1105, 0x1165, 0x11C1, 0x1105, 0x1165, 0x11C2,
    0x1105, 0x1166, 0x1105, 0x1166, 0x11A8, 0x1105, 0x1166, 0x11A9, 0x1105, 0x1166, 0x11AA, 0x1105,
    0x1166, 0x11AB, 0x1105, 0x1166, 0x11AC, 0x1105, 0x1166, 0x11AD, 0x1105, 0x1166, 0x11AE, 0x1105,
    0x1166, 0x11AF, 0x1105, 0x1166, 0x11B0, 0x1105, 0x1166, 0x11B1, 0x1105, 0x1166, 0x11B2, 0x1105,
    0x1166, 0x11B3, 0x1105, 0x1166, 0x11B4, 0x1105, 0x1166, 0x11B5, 0x1105, 0x1166, 0x11B6, 0x1105,
    0x1166, 0x11B7, 0x1105, 0x1166, 0x11B8, 0x1105, 0x1166, 0x11B9, 0x1105, 0x1166, 0x11BA, 0x1105,
    0x1166, 0x11BB, 0x1105, 0x1166, 0x11BC, 0x1105, 0x1166, 0x11BD, 0x1105, 0x1166, 0x11BE, 0x1105,
    0x1166, 0x11BF, 0x1105, 0x1166, 0x11C0, 0x1105, 0x1166, 0x11C1, 0x1105, 0x1166, 0x11C2, 0x1105,
    0x1167, 0x1105, 0x1167, 0x11A8, 0x1105, 0x1167, 0x11A9, 0x1105, 0x1167, 0x11AA, 0x1105, 0x1167,
    0x11AB, 0x1105, 0x1167, 0x11AC, 0x1105, 0x1167, 0x11AD, 0x1105, 0x1167, 0x11AE, 0x1105, 0x1167,
    0x11AF, 0x1105, 0x1167, 0x11B0, 0x1105, 0x1167, 0x11B1, 0x1105, 0x1167, 0x11B2, 0x1105, 0x1167,
    0x11B3, 0x1105, 0x1167, 0x11B4, 0x1105, 0x1167, 0x11B5, 0x1105, 0x1167, 0x11B6, 0x1105, 0x1167,
    0x11B7, 0x1105, 0x1167, 0x11B8, 0x1105, 0x1167, 0x11B9, 0x1105, 0x1167, 0x11BA, 0x1105, 0x1167,
    0x11BB, 0x1105, 0x1167, 0x11BC, 0x1105, 0x1167, 0x11BD, 0x1105, 0x1167, 0x11BE, 0x1105, 0x1167,
    0x11BF, 0x1105, 0x1167, 0x11C0, 0x1105, 0x1167, 0x11C1, 0x1105, 0x1167, 0x11C2, 0x1105, 0x1168,
    0x1105, 0x1168, 0x11A8, 0x1105, 0x1168, 0x11A9, 0x1105, 0x1168, 0x11AA, 0x1105, 0x1168, 0x11AB,
    0x1105, 0x1168, 0x11AC, 0x1105, 0x1168, 0x11AD, 0x1105, 0x1168, 0x11AE, 0x1105, 0x1168, 0x11AF,
    0x1105, 0x1168, 0x11B0, 0x1105, 0x1168, 0x11B1, 0x1105, 0x1168, 0x11B2, 0x1105, 0x1168, 0x11B3,
    0x1105, 0x1168, 0x11B4, 0x1105, 0x1168, 0x11B5, 0x1105, 0x1168, 0x11B6, 0x1105, 0x1168, 0x11B7,
    0x1105, 0x1168, 0x11B8, 0x1105, 0x1168, 0x11B9, 0x1105, 0x1168, 0x11BA, 0x1105, 0x1168, 0x11BB,
    0x1105, 0x1168, 0x11BC, 0x1105, 0x1168, 0x11BD, 0x1105, 0x1168, 0x11BE, 0x1105, 0x1168, 0x11BF,
    0x1105, 0x1168, 0x11C0, 0x1105, 0x1168, 0x11C1, 0x1105, 0x1168, 0x11C2, 0x1105, 0x1169, 0x1105,
    0x1169, 0x11A8, 0x1105, 0x1169, 0x11A9, 0x1105, 0x1169, 0x11AA, 0x1105, 0x1169, 0x11AB, 0x1105,
    0x1169, 0x11AC, 0x1105, 0x1169, 0x11AD, 0x1105, 0x1169, 0x11AE, 0x1105, 0x1169, 0x11AF, 0x1105,
    0x1169, 0x11B0, 0x1105, 0x1169, 0x11B1, 0x1105, 0x1169, 0x11B2, 0x1105, 0x1169, 0x11B3, 0x1105,
    0x1169, 0x11B4, 0x1105, 0x1169, 0x11B5, 0x1105, 0x1169, 0x11B6, 0x1105, 0x1169, 0x11B7, 0x1105,
    0x1169, 0x11B8, 0x1105, 0x1169, 0x11B9, 0x1105, 0x1169, 0x11BA, 0x1105, 0x1169, 0x11BB, 0x1105,
    0x1169, 0x11BC, 0x1105, 0x1169, 0x11BD, 0x1105, 0x1169, 0x11BE, 0x1105, 0x1169, 0x11BF, 0x1105,
    0x1169, 0x11C0, 0x1105, 0x1169, 0x11C1, 0x1105, 0x1169, 0x11C2, 0x1105, 0x116A, 0x1105, 0x116A,
    0x11A8, 0x1105, 0x116A, 0x11A9, 0x1105, 0x116A, 0x11AA, 0x1105, 0x116A, 0x11AB, 0x1105, 0x116A,
    0x11AC, 0x1105, 0x116A, 0x11AD, 0x1105, 0x116A, 0x11AE, 0x1105, 0x116A, 0x11AF, 0x1105, 0x116A,
    0x11B0, 0x1105, 0x116A, 0x11B1, 0x1105, 0x116A, 0x11B2, 0x1105, 0x116A, 0x11B3, 0x1105, 0x116A,
    0x11B4, 0x1105, 0x116A, 0x11B5, 0x1105, 0x116A, 0x11B6, 0x1105, 0x116A, 0x11B7, 0x1105, 0x116A,
    0x11B8, 0x1105, 0x116A, 0x11B9, 0x1105, 0x116A, 0x11BA, 0x1105, 0x116A, 0x11BB, 0x1105, 0x116A,
    0x11BC, 0x1105, 0x116A, 0x11BD, 0x1105, 0x116A, 0x11BE, 0x1105, 0x116A, 0x11BF, 0x1105, 0x116A,
    0x11C0, 0x1105, 0x116A, 0x11C1, 0x1105, 0x116A, 0x11C2, 0x1105, 0x116B, 0x1105, 0x116B, 0x11A8,
    0x1105, 0x116B, 0x11A9, 0x1105, 0x116B, 0x11AA, 0x1105, 0x116B, 0x11AB, 0x1105, 0x116B, 0x11AC,
    0x1105, 0x116B, 0x11AD, 0x1105, 0x116B, 0x11AE, 0x1105, 0x116B, 0x11AF, 0x1105, 0x116B, 0x11B0,
    0x1105, 0x116B, 0x11B1, 0x1105, 0x116B, 0x11B2, 0x1105, 0x116B, 0x11B3, 0x1105, 0x116B, 0x11B4,
    0x1105, 0x116B, 0x11B5, 0x1105, 0x116B, 0x11B6, 0x1105, 0x116B, 0x11B7, 0x1105, 0x116B, 0x11B8,
    0x1105, 0x116B, 0x11B9, 0x1105, 0x116B, 0x11BA, 0x1105, 0x116B, 0x11BB, 0x1105, 0x116B, 0x11BC,
    0x1105, 0x116B, 0x11BD, 0x1105, 0x116B, 0x11BE, 0x1105, 0x116B, 0x11BF, 0x1105, 0x116B, 0x11C0,
    0x1105, 0x116B, 0x11C1, 0x1105, 0x116B, 0x11C2, 0x1105, 0x116C, 0x1105, 0x116C, 0x11A8, 0x1105,
    0x116C, 0x11A9, 0x1105, 0x116C, 0x11AA, 0x1105, 0x116C, 0x11AB, 0x1105, 0x116C, 0x11AC, 0x1105,
    0x116C, 0x11AD, 0x1105, 0x116C, 0x11AE, 0x1105, 0x116C, 0x11AF, 0x1105, 0x116C, 0x11B0, 0x1105,
    0x116C, 0x11B1, 0x1105, 0x116C, 0x11B2, 0x1105, 0x116C, 0x11B3, 0x1105, 0x116C, 0x11B4, 0x1105,
    0x116C, 0x11B5, 0x1105, 0x116C, 0x11B6, 0x1105, 0x116C, 0x11B7, 0x1105, 0x116C, 0x11B8, 0x1105,
    0x116C, 0x11B9, 0x1105, 0x116C, 0x11BA, 0x1105, 0x116C, 0x11BB, 0x1105, 0x116C, 0x11BC, 0x1105,
    0x116C, 0x11BD, 0x1105, 0x116C, 0x11BE, 0x1105, 0x116C, 0x11BF, 0x1105, 0x116C, 0x11C0, 0x1105,
    0x116C, 0x11C1, 0x1105, 0x116C, 0x11C2, 0x1105, 0x116D, 0x1105, 0x116D, 0x11A8, 0x1105, 0x116D,
    0x11A9, 0x1105, 0x116D, 0x11AA, 0x1105, 0x116D, 0x11AB, 0x1105, 0x116D, 0x11AC, 0x1105, 0x116D,
    0x11AD, 0x1105, 0x116D, 0x11AE, 0x1105, 0x116D, 0x11AF, 0x1105, 0x116D, 0x11B0, 0x1105, 0x116D,
    0x11B1, 0x1105, 0x116D, 0x11B2, 0x1105, 0x116D, 0x11B3, 0x1105, 0x116D, 0x11B4, 0x1105, 0x116D,
    0x11B5, 0x1105, 0x116D, 0x11B6, 0x1105, 0x116D, 0x11B7, 0x1105, 0x116D, 0x11B8, 0x1105, 0x116D,
    0x11B9, 0x1105, 0x116D, 0x11BA, 0x1105, 0x116D, 0x11BB, 0x1105, 0x116D, 0x11BC, 0x1105, 0x116D,
    0x11BD, 0x1105, 0x116D, 0x11BE, 0x1105, 0x116D, 0x11BF, 0x1105, 0x116D, 0x11C0, 0x1105, 0x116D,
    0x11C1, 0x1105, 0x116D, 0x11C2, 0x1105, 0x116E, 0x1105, 0x116E, 0x11A8, 0x1105, 0x116E, 0x11A9,
    0x1105, 0x116E, 0x11AA, 0x1105, 0x116E, 0x11AB, 0x1105, 0x116E, 0x11AC, 0x1105, 0x116E, 0x11AD,
    0x1105, 0x116E, 0x11AE, 0x1105, 0x116E, 0x11AF, 0x1105, 0x116E, 0x11B0, 0x1105, 0x116E, 0x11B1,
    0x1105, 0x116E, 0x11B2, 0x1105, 0x116E, 0x11B3, 0x1105, 0x116E, 0x11B4, 0x1105, 0x116E, 0x11B5,
    0x1105, 0x116E, 0x11B6, 0x1105, 0x116E, 0x11B7, 0x1105, 0x116E, 0x11B8, 0x1105, 0x116E, 0x11B9,
    0x1105, 0x116E, 0x11BA, 0x1105, 0x116E, 0x11BB, 0x1105, 0x116E, 0x11BC, 0x1105, 0x116E, 0x11BD,
    0x1105, 0x116E, 0x11BE, 0x1105, 0x116E, 0x11BF, 0x1105, 0x116E, 0x11C0, 0x1105, 0x116E, 0x11C1,
    0x1105, 0x116E, 0x11C2, 0x1105, 0x116F, 0x1105, 0x116F, 0x11A8, 0x1105, 0x116F, 0x11A9, 0x1105,
    0x116F, 0x11AA, 0x1105, 0x116F, 0x11AB, 0x1105, 0x116F, 0x11AC, 0x1105, 0x116F, 0x11AD, 0x1105,
    0x116F, 0x11AE, 0x1105, 0x116F, 0x11AF, 0x1105, 0x116F, 0x11B0, 0x1105, 0x116F, 0x11B1, 0x1105,
    0x116F, 0x11B2, 0x1105, 0x116F, 0x11B3, 0x1105, 0x116F, 0x11B4, 0x1105, 0x116F, 0x11B5, 0x1105,
    0x116F, 0x11B6, 0x1105, 0x116F, 0x11B7, 0x1105, 0x116F, 0x11B8, 0x1105, 0x116F, 0x11B9, 0x1105,
    0x116F, 0x11BA, 0x1105, 0x116F, 0x11BB, 0x1105, 0x116F, 0x11BC, 0x1105, 0x116F, 0x11BD, 0x1105,
    0x116F, 0x11BE, 0x1105, 0x116F, 0x11BF, 0x1105, 0x116F, 0x11C0, 0x1105, 0x116F, 0x11C1, 0x1105,
    0x116F, 0x11C2, 0x1105, 0x1170, 0x1105, 0x1170, 0x11A8, 0x1105, 0x1170, 0x11A9, 0x1105, 0x1170,
    0x11AA, 0x1105, 0x1170, 0x11AB, 0x1105, 0x1170, 0x11AC, 0x1105, 0x1170, 0x11AD, 0x1105, 0x1170,
    0x11AE, 0x1105, 0x1170, 0x11AF, 0x1105, 0x1170, 0x11B0, 0x1105, 0x1170, 0x11B1, 0x1105, 0x1170,
    0x11B2, 0x1105, 0x1170, 0x11B3, 0x1105, 0x1170, 0x11B4, 0x1105, 0x1170, 0x11B5, 0x1105, 0x1170,
    0x11B6, 0x1105, 0x1170, 0x11B7, 0x1105, 0x1170, 0x11B8, 0x1105, 0x1170, 0x11B9, 0x1105, 0x1170,
    0x11BA, 0x1105, 0x1170, 0x11BB, 0x1105, 0x1170, 0x11BC, 0x1105, 0x1170, 0x11BD, 0x1105, 0x1170,
    0x11BE, 0x1105, 0x1170, 0x11BF, 0x1105, 0x1170, 0x11C0, 0x1105, 0x1170, 0x11C1, 0x1105, 0x1170,
    0x11C2, 0x1105, 0x1171, 0x1105, 0x1171, 0x11A8, 0x1105, 0x1171, 0x11A9, 0x1105, 0x1171, 0x11AA,
    0x1105, 0x1171, 0x11AB, 0x1105, 0x1171, 0x11AC, 0x1105, 0x1171, 0x11AD, 0x1105, 0x1171, 0x11AE,
    0x1105, 0x1171, 0x11AF, 0x1105, 0x1171, 0x11B0, 0x1105, 0x1171, 0x11B1, 0x1105, 0x1171, 0x11B2,
    0x1105, 0x1171, 0x11B3, 0x1105, 0x1171, 0x11B4, 0x1105, 0x1171, 0x11B5, 0x1105, 0x1171, 0x11B6,
    0x1105, 0x1171, 0x11B7, 0x1105, 0x1171, 0x11B8, 0x1105, 0x1171, 0x11B9, 0x1105, 0x1171, 0x11BA,
    0x1105, 0x1171, 0x11BB, 0x1105, 0x1171, 0x11BC, 0x1105, 0x1171, 0x11BD, 0x1105, 0x1171, 0x11BE,
    0x1105, 0x1171, 0x11BF, 0x1105, 0x1171, 0x11C0, 0x1105, 0x1171, 0x11C1, 0x1105, 0x1171, 0x11C2,
    0x1105, 0x1172, 0x1105, 0x1172, 0x11A8, 0x1105, 0x1172, 0x11A9, 0x1105, 0x1172, 0x11AA, 0x1105,
    0x1172, 0x11AB, 0x1105, 0x1172, 0x11AC, 0x1105, 0x1172, 0x11AD, 0x1105, 0x1172, 0x11AE, 0x1105,
    0x1172, 0x11AF, 0x1105, 0x1172, 0x11B0, 0x1105, 0x1172, 0x11B1, 0x1105, 0x1172, 0x11B2, 0x1105,
    0x1172, 0x11B3, 0x1105, 0x1172, 0x11B4, 0x1105, 0x1172, 0x11B5, 0x1105, 0x1172, 0x11B6, 0x1105,
    0x1172, 0x11B7, 0x1105, 0x1172, 0x11B8, 0x1105, 0x1172, 0x11B9, 0x1105, 0x1172, 0x11BA, 0x1105,
    0x1172, 0x11BB, 0x1105, 0x1172, 0x11BC, 0x1105, 0x1172, 0x11BD, 0x1105, 0x1172, 0x11BE, 0x1105,
    0x1172, 0x11BF, 0x1105, 0x1172, 0x11C0, 0x1105, 0x1172, 0x11C1, 0x1105, 0x1172, 0x11C2, 0x1105,
    0x1173, 0x1105, 0x1173, 0x11A8, 0x1105, 0x1173, 0x11A9, 0x1105, 0x1173, 0x11AA, 0x1105, 0x1173,
    0x11AB, 0x1105, 0x1173, 0x11AC, 0x1105, 0x1173, 0x11AD, 0x1105, 0x1173, 0x11AE, 0x1105, 0x1173,
    0x11AF, 0x1105, 0x1173, 0x11B0, 0x1105, 0x1173, 0x11B1, 0x1105, 0x1173, 0x11B2, 0x1105, 0x1173,
    0x11B3, 0x1105, 0x1173, 0x11B4, 0x1105, 0x1173, 0x11B5, 0x1105, 0x1173, 0x11B6, 0x1105, 0x1173,
    0x11B7, 0x1105, 0x1173, 0x11B8, 0x1105, 0x1173, 0x11B9, 0x1105, 0x1173, 0x11BA, 0x1105, 0x1173,
    0x11BB, 0x1105, 0x1173, 0x11BC, 0x1105, 0x1173, 0x11BD, 0x1105, 0x1173, 0x11BE, 0x1105, 0x1173,
    0x11BF, 0x1105, 0x1173, 0x11C0, 0x1105, 0x1173, 0x11C1, 0x1105, 0x1173, 0x11C2, 0x1105, 0x1174,
    0x1105, 0x1174, 0x11A8, 0x1105, 0x1174, 0x11A9, 0x1105, 0x1174, 0x11AA, 0x1105, 0x1174, 0x11AB,
    0x1105, 0x1174, 0x11AC, 0x1105, 0x1174, 0x11AD, 0x1105, 0x1174, 0x11AE, 0x1105, 0x1174, 0x11AF,
    0x1105, 0x1174, 0x11B0, 0x1105, 0x1174, 0x11B1, 0x1105, 0x1174, 0x11B2, 0x1105, 0x1174, 0x11B3,
    0x1105, 0x1174, 0x11B4, 0x1105, 0x1174, 0x11B5, 0x1105, 0x1174, 0x11B6, 0x1105, 0x1174, 0x11B7,
    0x1105, 0x1174, 0x11B8, 0x1105, 0x1174, 0x11B9, 0x1105, 0x1174, 0x11BA, 0x1105, 0x1174, 0x11BB,
    0x1105, 0x1174, 0x11BC, 0x1105, 0x1174, 0x11BD, 0x1105, 0x1174, 0x11BE, 0x1105, 0x1174, 0x11BF,
    0x1105, 0x1174, 0x11C0, 0x1105, 0x1174, 0x11C1, 0x1105, 0x1174, 0x11C2, 0x1105, 0x1175, 0x1105,
    0x1175, 0x11A8, 0x1105, 0x1175, 0x11A9, 0x1105, 0x1175, 0x11AA, 0x1105, 0x1175, 0x11AB, 0x1105,
    0x1175, 0x11AC, 0x1105, 0x1175, 0x11AD, 0x1105, 0x1175, 0x11AE, 0x1105, 0x1175, 0x11AF, 0x1105,
    0x1175, 0x11B0, 0x1105, 0x1175, 0x11B1, 0x1105, 0x1175, 0x11B2, 0x1105, 0x1175, 0x11B3, 0x1105,
    0x1175, 0x11B4, 0x1105, 0x1175, 0x11B5, 0x1105, 0x1175, 0x11B6, 0x1105, 0x1175, 0x11B7, 0x1105,
    0x1175, 0x11B8, 0x1105, 0x1175, 0x11B9, 0x1105, 0x1175, 0x11BA, 0x1105, 0x1175, 0x11BB, 0x1105,
    0x1175, 0x11BC, 0x1105, 0x1175, 0x11BD, 0x1105, 0x1175, 0x11BE, 0x1105, 0x1175, 0x11BF, 0x1105,
    0x1175, 0x11C0, 0x1105, 0x1175, 0x11C1, 0x1105, 0x1175, 0x11C2, 0x1106, 0x1161, 0x1106, 0x1161,
    0x11A8, 0x1106, 0x1161, 0x11A9, 0x1106, 0x1161, 0x11AA, 0x1106, 0x1161, 0x11AB, 0x1106, 0x1161,
    0x11AC, 0x1106, 0x1161, 0x11AD, 0x1106, 0x1161, 0x11AE, 0x1106, 0x1161, 0x11AF, 0x1106, 0x1161,
    0x11B0, 0x1106, 0x1161, 0x11B1, 0x1106, 0x1161, 0x11B2, 0x1106, 0x1161, 0x11B3, 0x1106, 0x1161,
    0x11B4, 0x1106, 0x1161, 0x11B5, 0x1106, 0x1161, 0x11B6, 0x1106, 0x1161, 0x11B7, 0x1106, 0x1161,
    0x11B8, 0x1106, 0x1161, 0x11B9, 0x1106, 0x1161, 0x11BA, 0x1106, 0x1161, 0x11BB, 0x1106, 0x1161,
    0x11BC, 0x1106, 0x1161, 0x11BD, 0x1106, 0x1161, 0x11BE, 0x1106, 0x1161, 0x11BF, 0x1106, 0x1161,
    0x11C0, 0x1106, 0x1161, 0x11C1, 0x1106, 0x1161, 0x11C2, 0x1106, 0x1162, 0x1106, 0x1162, 0x11A8,
    0x1106, 0x1162, 0x11A9, 0x1106, 0x1162, 0x11AA, 0x1106, 0x1162, 0x11AB, 0x1106, 0x1162, 0x11AC,
    0x1106, 0x1162, 0x11AD, 0x1106, 0x1162, 0x11AE, 0x1106, 0x1162, 0x11AF, 0x1106, 0x1162, 0x11B0,
    0x1106, 0x1162, 0x11B1, 0x1106, 0x1162, 0x11B2, 0x1106, 0x1162, 0x11B3, 0x1106, 0x1162, 0x11B4,
    0x1106, 0x1162, 0x11B5, 0x1106, 0x1162, 0x11B6, 0x1106, 0x1162, 0x11B7, 0x1106, 0x1162, 0x11B8,
    0x1106, 0x1162, 0x11B9, 0x1106, 0x1162, 0x11BA, 0x1106, 0x1162, 0x11BB, 0x1106, 0x1162, 0x11BC,
    0x1106, 0x1162, 0x11BD, 0x1106, 0x1162, 0x11BE, 0x1106, 0x1162, 0x11BF, 0x1106, 0x1162, 0x11C0,
    0x1106, 0x1162, 0x11C1, 0x1106, 0x1162, 0x11C2, 0x1106, 0x1163, 0x1106, 0x1163, 0x11A8, 0x1106,
    0x1163, 0x11A9, 0x1106, 0x1163, 0x11AA, 0x1106, 0x1163, 0x11AB, 0x1106, 0x1163, 0x11AC, 0x1106,
    0x1163, 0x11AD, 0x1106, 0x1163, 0x11AE, 0x1106, 0x1163, 0x11AF, 0x1106, 0x1163, 0x11B0, 0x1106,
    0x1163, 0x11B1, 0x1106, 0x1163, 0x11B2, 0x1106, 0x1163, 0x11B3, 0x1106, 0x1163, 0x11B4, 0x1106,
    0x1163, 0x11B5, 0x1106, 0x1163, 0x11B6, 0x1106, 0x1163, 0x11B7, 0x1106, 0x1163, 0x11B8, 0x1106,
    0x1163, 0x11B9, 0x1106, 0x1163, 0x11BA, 0x1106, 0x1163, 0x11BB, 0x1106, 0x1163, 0x11BC, 0x1106,
    0x1163, 0x11BD, 0x1106, 0x1163, 0x11BE, 0x1106, 0x1163, 0x11BF, 0x1106, 0x1163, 0x11C0, 0x1106,
    0x1163, 0x11C1, 0x1106, 0x1163, 0x11C2, 0x1106, 0x1164, 0x1106, 0x1164, 0x11A8, 0x1106, 0x1164,
    0x11A9, 0x1106, 0x1164, 0x11AA, 0x1106, 0x1164, 0x11AB, 0x1106, 0x1164, 0x11AC, 0x1106, 0x1164,
    0x11AD, 0x1106, 0x1164, 0x11AE, 0x1106, 0x1164, 0x11AF, 0x1106, 0x1164, 0x11B0, 0x1106, 0x1164,
    0x11B1, 0x1106, 0x1164, 0x11B2, 0x1106, 0x1164, 0x11B3, 0x1106, 0x1164, 0x11B4, 0x1106, 0x1164,
    0x11B5, 0x1106, 0x1164, 0x11B6, 0x1106, 0x1164, 0x11B7, 0x1106, 0x1164, 0x11B8, 0x1106, 0x1164,
    0x11B9, 0x1106, 0x1164, 0x11BA, 0x1106, 0x1164, 0x11BB, 0x1106, 0x1164, 0x11BC, 0x1106, 0x1164,
    0x11BD, 0x1106, 0x1164, 0x11BE, 0x1106, 0x1164, 0x11BF, 0x1106, 0x1164, 0x11C0, 0x1106, 0x1164,
    0x11C1, 0x1106, 0x1164, 0x11C2, 0x1106, 0x1165, 0x1106, 0x1165, 0x11A8, 0x1106, 0x1165, 0x11A9,
    0x1106, 0x1165, 0x11AA, 0x1106, 0x1165, 0x11AB, 0x1106, 0x1165, 0x11AC, 0x1106, 0x1165, 0x11AD,
    0x1106, 0x1165, 0x11AE, 0x1106, 0x1165, 0x11AF, 0x1106, 0x1165, 0x11B0, 0x1106, 0x1165, 0x11B1,
    0x1106, 0x1165, 0x11B2, 0x1106, 0x1165, 0x11B3, 0x1106, 0x1165, 0x11B4, 0x1106, 0x1165, 0x11B5,
    0x1106, 0x1165, 0x11B6, 0x1106, 0x1165, 0x11B7, 0x1106, 0x1165, 0x11B8, 0x1106, 0x1165, 0x11B9,
    0x1106, 0x1165, 0x11BA, 0x1106, 0x1165, 0x11BB, 0x1106, 0x1165, 0x11BC, 0x1106, 0x1165, 0x11BD,
    0x1106, 0x1165, 0x11BE, 0x1106, 0x1165, 0x11BF, 0x1106, 0x1165, 0x11C0, 0x1106, 0x1165, 0x11C1,
    0x1106, 0x1165, 0x11C2, 0x1106, 0x1166, 0x1106, 0x1166, 0x11A8, 0x1106, 0x1166, 0x11A9, 0x1106,
    0x1166, 0x11AA, 0x1106, 0x1166, 0x11AB, 0x1106, 0x1166, 0x11AC, 0x1106, 0x1166, 0x11AD, 0x1106,
    0x1166, 0x11AE, 0x1106, 0x1166, 0x11AF, 0x1106, 0x1166, 0x11B0, 0x1106, 0x1166, 0x11B1, 0x1106,
    0x1166, 0x11B2, 0x1106, 0x1166, 0x11B3, 0x1106, 0x1166, 0x11B4, 0x1106, 0x1166, 0x11B5, 0x1106,
    0x1166, 0x11B6, 0x1106, 0x1166, 0x11B7, 0x1106, 0x1166, 0x11B8, 0x1106, 0x1166, 0x11B9, 0x1106,
    0x1166, 0x11BA, 0x1106, 0x1166, 0x11BB, 0x1106, 0x1166, 0x11BC, 0x1106, 0x1166, 0x11BD, 0x1106,
    0x1166, 0x11BE, 0x1106, 0x1166, 0x11BF, 0x1106, 0x1166, 0x11C0, 0x1106, 0x1166, 0x11C1, 0x1106,
    0x1166, 0x11C2, 0x1106, 0x1167, 0x1106, 0x1167, 0x11A8, 0x1106, 0x1167, 0x11A9, 0x1106, 0x1167,
    0x11AA, 0x1106, 0x1167, 0x11AB, 0x1106, 0x1167, 0x11AC, 0x1106, 0x1167, 0x11AD, 0x1106, 0x1167,
    0x11AE, 0x1106, 0x1167, 0x11AF, 0x1106, 0x1167, 0x11B0, 0x1106, 0x1167, 0x11B1, 0x1106, 0x1167,
    0x11B2, 0x1106, 0x1167, 0x11B3, 0x1106, 0x1167, 0x11B4, 0x1106, 0x1167, 0x11B5, 0x1106, 0x1167,
    0x11B6, 0x1106, 0x1167, 0x11B7, 0x1106, 0x1167, 0x11B8, 0x1106, 0x1167, 0x11B9, 0x1106, 0x1167,
    0x11BA, 0x1106, 0x1167, 0x11BB, 0x1106, 0x1167, 0x11BC, 0x1106, 0x1167, 0x11BD, 0x1106, 0x1167,
    0x11BE, 0x1106, 0x1167, 0x11BF, 0x1106, 0x1167, 0x11C0, 0x1106, 0x1167, 0x11C1, 0x1106, 0x1167,
    0x11C2, 0x1106, 0x1168, 0x1106, 0x1168, 0x11A8, 0x1106, 0x1168, 0x11A9, 0x1106, 0x1168, 0x11AA,
    0x1106, 0x1168, 0x11AB, 0x1106, 0x1168, 0x11AC, 0x1106, 0x1168, 0x11AD, 0x1106, 0x1168, 0x11AE,
    0x1106, 0x1168, 0x11AF, 0x1106, 0x1168, 0x11B0, 0x1106, 0x1168, 0x11B1, 0x1106, 0x1168, 0x11B2,
    0x1106, 0x1168, 0x11B3, 0x1106, 0x1168, 0x11B4, 0x1106, 0x1168, 0x11B5, 0x1106, 0x1168, 0x11B6,
    0x1106, 0x1168, 0x11B7, 0x1106, 0x1168, 0x11B8, 0x1106, 0x1168, 0x11B9, 0x1106, 0x1168, 0x11BA,
    0x1106, 0x1168, 0x11BB, 0x1106, 0x1168, 0x11BC, 0x1106, 0x1168, 0x11BD, 0x1106, 0x1168, 0x11BE,
    0x1106, 0x1168, 0x11BF, 0x1106, 0x1168, 0x11C0, 0x1106, 0x1168, 0x11C1, 0x1106, 0x1168, 0x11C2,
    0x1106, 0x1169, 0x1106, 0x1169, 0x11A8, 0x1106, 0x1169, 0x11A9, 0x1106, 0x1169, 0x11AA, 0x1106,
    0x1169, 0x11AB, 0x1106, 0x1169, 0x11AC, 0x1106, 0x1169, 0x11AD, 0x1106, 0x1169, 0x11AE, 0x1106,
    0x1169, 0x11AF, 0x1106, 0x1169, 0x11B0, 0x1106, 0x1169, 0x11B1, 0x1106, 0x1169, 0x11B2, 0x1106,
    0x1169, 0x11B3, 0x1106, 0x1169, 0x11B4, 0x1106, 0x1169, 0x11B5, 0x1106, 0x1169, 0x11B6, 0x1106,
    0x1169, 0x11B7, 0x1106, 0x1169, 0x11B8, 0x1106, 0x1169, 0x11B9, 0x1106, 0x1169, 0x11BA, 0x1106,
    0x1169, 0x11BB, 0x1106, 0x1169, 0x11BC, 0x1106, 0x1169, 0x11BD, 0x1106, 0x1169, 0x11BE, 0x1106,
    0x1169, 0x11BF, 0x1106, 0x1169, 0x11C0, 0x1106, 0x1169, 0x11C1, 0x1106, 0x1169, 0x11C2, 0x1106,
    0x116A, 0x1106, 0x116A, 0x11A8, 0x1106, 0x116A, 0x11A9, 0x1106, 0x116A, 0x11AA, 0x1106, 0x116A,
    0x11AB, 0x1106, 0x116A, 0x11AC, 0x1106, 0x116A, 0x11AD, 0x1106, 0x116A, 0x11AE, 0x1106, 0x116A,
    0x11AF, 0x1106, 0x116A, 0x11B0, 0x1106, 0x116A, 0x11B1, 0x1106, 0x116A, 0x11B2, 0x1106, 0x116A,
    0x11B3, 0x1106, 0x116A, 0x11B4, 0x1106, 0x116A, 0x11B5, 0x1106, 0x116A, 0x11B6, 0x1106, 0x116A,
    0x11B7, 0x1106, 0x116A, 0x11B8, 0x1106, 0x116A, 0x11B9, 0x1106, 0x116A, 0x11BA, 0x1106, 0x116A,
    0x11BB, 0x1106, 0x116A, 0x11BC, 0x1106, 0x116A, 0x11BD, 0x1106, 0x116A, 0x11BE, 0x1106, 0x116A,
    0x11BF, 0x1106, 0x116A, 0x11C0, 0x1106, 0x116A, 0x11C1, 0x1106, 0x116A, 0x11C2, 0x1106, 0x116B,
    0x1106, 0x116B, 0x11A8, 0x1106, 0x116B, 0x11A9, 0x1106, 0x116B, 0x11AA, 0x1106, 0x116B, 0x11AB,
    0x1106, 0x116B, 0x11AC, 0x1106, 0x116B, 0x11AD, 0x1106, 0x116B, 0x11AE, 0x1106, 0x116B, 0x11AF,
    0x1106, 0x116B, 0x11B0, 0x1106, 0x116B, 0x11B1, 0x1106, 0x116B, 0x11B2, 0x1106, 0x116B, 0x11B3,
    0x1106, 0x116B, 0x11B4, 0x1106, 0x116B, 0x11B5, 0x1106, 0x116B, 0x11B6, 0x1106, 0x116B, 0x11B7,
    0x1106, 0x116B, 0x11B8, 0x1106, 0x116B, 0x11B9, 0x1106, 0x116B, 0x11BA, 0x1106, 0x116B, 0x11BB,
    0x1106, 0x116B, 0x11BC, 0x1106, 0x116B, 0x11BD, 0x1106, 0x116B, 0x11BE, 0x1106, 0x116B, 0x11BF,
    0x1106, 0x116B, 0x11C0, 0x1106, 0x116B, 0x11C1, 0x1106, 0x116B, 0x11C2, 0x1106, 0x116C, 0x1106,
    0x116C, 0x11A8, 0x1106, 0x116C, 0x11A9, 0x1106, 0x116C, 0x11AA, 0x1106, 0x116C, 0x11AB, 0x1106,
    0x116C, 0x11AC, 0x1106, 0x116C, 0x11AD, 0x1106, 0x116C, 0x11AE, 0x1106, 0x116C, 0x11AF, 0x1106,
    0x116C, 0x11B0, 0x1106, 0x116C, 0x11B1, 0x1106, 0x116C, 0x11B2, 0x1106, 0x116C, 0x11B3, 0x1106,
    0x116C, 0x11B4, 0x1106, 0x116C, 0x11B5, 0x1106, 0x116C, 0x11B6, 0x1106, 0x116C, 0x11B7, 0x1106,
    0x116C, 0x11B8, 0x1106, 0x116C, 0x11B9, 0x1106, 0x116C, 0x11BA, 0x1106, 0x116C, 0x11BB, 0x1106,
    0x116C, 0x11BC, 0x1106, 0x116C, 0x11BD, 0x1106, 0x116C, 0x11BE, 0x1106, 0x116C, 0x11BF, 0x1106,
    0x116C, 0x11C0, 0x1106, 0x116C, 0x11C1, 0x1106, 0x116C, 0x11C2, 0x1106, 0x116D, 0x1106, 0x116D,
    0x11A8, 0x1106, 0x116D, 0x11A9, 0x1106, 0x116D, 0x11AA, 0x1106, 0x116D, 0x11AB, 0x1106, 0x116D,
    0x11AC, 0x1106, 0x116D, 0x11AD, 0x1106, 0x116D, 0x11AE, 0x1106, 0x116D, 0x11AF, 0x1106, 0x116D,
    0x11B0, 0x1106, 0x116D, 0x11B1, 0x1106, 0x116D, 0x11B2, 0x1106, 0x116D, 0x11B3, 0x1106, 0x116D,
    0x11B4, 0x1106, 0x116D, 0x11B5, 0x1106, 0x116D, 0x11B6, 0x1106, 0x116D, 0x11B7, 0x1106, 0x116D,
    0x11B8, 0x1106, 0x116D, 0x11B9, 0x1106, 0x116D, 0x11BA, 0x1106, 0x116D, 0x11BB, 0x1106, 0x116D,
    0x11BC, 0x1106, 0x116D, 0x11BD, 0x1106, 0x116D, 0x11BE, 0x1106, 0x116D, 0x11BF, 0x1106, 0x116D,
    0x11C0, 0x1106, 0x116D, 0x11C1, 0x1106, 0x116D, 0x11C2, 0x1106, 0x116E, 0x1106, 0x116E, 0x11A8,
    0x1106, 0x116E, 0x11A9, 0x1106, 0x116E, 0x11AA, 0x1106, 0x116E, 0x11AB, 0x1106, 0x116E, 0x11AC,
    0x1106, 0x116E, 0x11AD, 0x1106, 0x116E, 0x11AE, 0x1106, 0x116E, 0x11AF, 0x1106, 0x116E, 0x11B0,
    0x1106, 0x116E, 0x11B1, 0x1106, 0x116E, 0x11B2, 0x1106, 0x116E, 0x11B3, 0x1106, 0x116E, 0x11B4,
    0x1106, 0x116E, 0x11B5, 0x1106, 0x116E, 0x11B6, 0x1106, 0x116E, 0x11B7, 0x1106, 0x116E, 0x11B8,
    0x1106, 0x116E, 0x11B9, 0x1106, 0x116E, 0x11BA, 0x1106, 0x116E, 0x11BB, 0x1106, 0x116E, 0x11BC,
    0x1106, 0x116E, 0x11BD, 0x1106, 0x116E, 0x11BE, 0x1106, 0x116E, 0x11BF, 0x1106, 0x116E, 0x11C0,
    0x1106, 0x116E, 0x11C1, 0x1106, 0x116E, 0x11C2, 0x1106, 0x116F, 0x1106, 0x116F, 0x11A8, 0x1106,
    0x116F, 0x11A9, 0x1106, 0x116F, 0x11AA, 0x1106, 0x116F, 0x11AB, 0x1106, 0x116F, 0x11AC, 0x1106,
    0x116F, 0x11AD, 0x1106, 0x116F, 0x11AE, 0x1106, 0x116F, 0x11AF, 0x1106, 0x116F, 0x11B0, 0x1106,
    0x116F, 0x11B1, 0x1106, 0x116F, 0x11B2, 0x1106, 0x116F, 0x11B3, 0x1106, 0x116F, 0x11B4, 0x1106,
    0x116F, 0x11B5, 0x1106, 0x116F, 0x11B6, 0x1106, 0x116F, 0x11B7, 0x1106, 0x116F, 0x11B8, 0x1106,
    0x116F, 0x11B9, 0x1106, 0x116F, 0x11BA, 0x1106, 0x116F, 0x11BB, 0x1106, 0x116F, 0x11BC, 0x1106,
    0x116F, 0x11BD, 0x1106, 0x116F, 0x11BE, 0x1106, 0x116F, 0x11BF, 0x1106, 0x116F, 0x11C0, 0x1106,
    0x116F, 0x11C1, 0x1106, 0x116F, 0x11C2, 0x1106, 0x1170, 0x1106, 0x1170, 0x11A8, 0x1106, 0x1170,
    0x11A9, 0x1106, 0x1170, 0x11AA, 0x1106, 0x1170, 0x11AB, 0x1106, 0x1170, 0x11AC, 0x1106, 0x1170,
    0x11AD, 0x1106, 0x1170, 0x11AE, 0x1106, 0x1170, 0x11AF, 0x1106, 0x1170, 0x11B0, 0x1106, 0x1170,
    0x11B1, 0x1106, 0x1170, 0x11B2, 0x1106, 0x1170, 0x11B3, 0x1106, 0x1170, 0x11B4, 0x1106, 0x1170,
    0x11B5, 0x1106, 0x1170, 0x11B6, 0x1106, 0x1170, 0x11B7, 0x1106, 0x1170, 0x11B8, 0x1106, 0x1170,
    0x11B9, 0x1106, 0x1170, 0x11BA, 0x1106, 0x1170, 0x11BB, 0x1106, 0x1170, 0x11BC, 0x1106, 0x1170,
    0x11BD, 0x1106, 0x1170, 0x11BE, 0x1106, 0x1170, 0x11BF, 0x1106, 0x1170, 0x11C0, 0x1106, 0x1170,
    0x11C1, 0x1106, 0x1170, 0x11C2, 0x1106, 0x1171, 0x1106, 0x1171, 0x11A8, 0x1106, 0x1171, 0x11A9,
    0x1106, 0x1171, 0x11AA, 0x1106, 0x1171, 0x11AB, 0x1106, 0x1171, 0x11AC, 0x1106, 0x1171, 0x11AD,
    0x1106, 0x1171, 0x11AE, 0x1106, 0x1171, 0x11AF, 0x1106, 0x1171, 0x11B0, 0x1106, 0x1171, 0x11B1,
    0x1106, 0x1171, 0x11B2, 0x1106, 0x1171, 0x11B3, 0x1106, 0x1171, 0x11B4, 0x1106, 0x1171, 0x11B5,
    0x1106, 0x1171, 0x11B6, 0x1106, 0x1171, 0x11B7, 0x1106, 0x1171, 0x11B8, 0x1106, 0x1171, 0x11B9,
    0x1106, 0x1171, 0x11BA, 0x1106, 0x1171, 0x11BB, 0x1106, 0x1171, 0x11BC, 0x1106, 0x1171, 0x11BD,
    0x1106, 0x1171, 0x11BE, 0x1106, 0x1171, 0x11BF, 0x1106, 0x1171, 0x11C0, 0x1106, 0x1171, 0x11C1,
    0x1106, 0x1171, 0x11C2, 0x1106, 0x1172, 0x1106, 0x1172, 0x11A8, 0x1106, 0x1172, 0x11A9, 0x1106,
    0x1172, 0x11AA, 0x1106, 0x1172, 0x11AB, 0x1106, 0x1172, 0x11AC, 0x1106, 0x1172, 0x11AD, 0x1106,
    0x1172, 0x11AE, 0x1106, 0x1172, 0x11AF, 0x1106, 0x1172, 0x11B0, 0x1106, 0x1172, 0x11B1, 0x1106,
    0x1172, 0x11B2, 0x1106, 0x1172, 0x11B3, 0x1106, 0x1172, 0x11B4, 0x1106, 0x1172, 0x11B5, 0x1106,
    0x1172, 0x11B6, 0x1106, 0x1172, 0x11B7, 0x1106, 0x1172, 0x11B8, 0x1106, 0x1172, 0x11B9, 0x1106,
    0x1172, 0x11BA, 0x1106, 0x1172, 0x11BB, 0x1106, 0x1172, 0x11BC, 0x1106, 0x1172, 0x11BD, 0x1106,
    0x1172, 0x11BE, 0x1106, 0x1172, 0x11BF, 0x1106, 0x1172, 0x11C0, 0x1106, 0x1172, 0x11C1, 0x1106,
    0x1172, 0x11C2, 0x1106, 0x1173, 0x1106, 0x1173, 0x11A8, 0x1106, 0x1173, 0x11A9, 0x1106, 0x1173,
    0x11AA, 0x1106, 0x1173, 0x11AB, 0x1106, 0x1173, 0x11AC, 0x1106, 0x1173, 0x11AD, 0x1106, 0x1173,
    0x11AE, 0x1106, 0x1173, 0x11AF, 0x1106, 0x1173, 0x11B0, 0x1106, 0x1173, 0x11B1, 0x1106, 0x1173,
    0x11B2, 0x1106, 0x1173, 0x11B3, 0x1106, 0x1173, 0x11B4, 0x1106, 0x1173, 0x11B5, 0x1106, 0x1173,
    0x11B6, 0x1106, 0x1173, 0x11B7, 0x1106, 0x1173, 0x11B8, 0x1106, 0x1173, 0x11B9, 0x1106, 0x1173,
    0x11BA, 0x1106, 0x1173, 0x11BB, 0x1106, 0x1173, 0x11BC, 0x1106, 0x1173, 0x11BD, 0x1106, 0x1173,
    0x11BE, 0x1106, 0x1173, 0x11BF, 0x1106, 0x1173, 0x11C0, 0x1106, 0x1173, 0x11C1, 0x1106, 0x1173,
    0x11C2, 0x1106, 0x1174, 0x1106, 0x1174, 0x11A8, 0x1106, 0x1174, 0x11A9, 0x1106, 0x1174, 0x11AA,
    0x1106, 0x1174, 0x11AB, 0x1106, 0x1174, 0x11AC, 0x1106, 0x1174, 0x11AD, 0x1106, 0x1174, 0x11AE,
    0x1106, 0x1174, 0x11AF, 0x1106, 0x1174, 0x11B0, 0x1106, 0x1174, 0x11B1, 0x1106, 0x1174, 0x11B2,
    0x1106, 0x1174, 0x11B3, 0x1106, 0x1174, 0x11B4, 0x1106, 0x1174, 0x11B5, 0x1106, 0x1174, 0x11B6,
    0x1106, 0x1174, 0x11B7, 0x1106, 0x1174, 0x11B8, 0x1106, 0x1174, 0x11B9, 0x1106, 0x1174, 0x11BA,
    0x1106, 0x1174, 0x11BB, 0x1106, 0x1174, 0x11BC, 0x1106, 0x1174, 0x11BD, 0x1106, 0x1174, 0x11BE,
    0x1106, 0x1174, 0x11BF, 0x1106, 0x1174, 0x11C0, 0x1106, 0x1174, 0x11C1, 0x1106, 0x1174, 0x11C2,
    0x1106, 0x1175, 0x1106, 0x1175, 0x11A8, 0x1106, 0x1175, 0x11A9, 0x1106, 0x1175, 0x11AA, 0x1106,
    0x1175, 0x11AB, 0x1106, 0x1175, 0x11AC, 0x1106, 0x1175, 0x11AD, 0x1106, 0x1175, 0x11AE, 0x1106,
    0x1175, 0x11AF, 0x1106, 0x1175, 0x11B0, 0x1106, 0x1175, 0x11B1, 0x1106, 0x1175, 0x11B2, 0x1106,
    0x1175, 0x11B3, 0x1106, 0x1175, 0x11B4, 0x1106, 0x1175, 0x11B5, 0x1106, 0x1175, 0x11B6, 0x1106,
    0x1175, 0x11B7, 0x1106, 0x1175, 0x11B8, 0x1106, 0x1175, 0x11B9, 0x1106, 0x1175, 0x11BA, 0x1106,
    0x1175, 0x11BB, 0x1106, 0x1175, 0x11BC, 0x1106, 0x1175, 0x11BD, 0x1106, 0x1175, 0x11BE, 0x1106,
    0x1175, 0x11BF, 0x1106, 0x1175, 0x11C0, 0x1106, 0x1175, 0x11C1, 0x1106, 0x1175, 0x11C2, 0x1107,
    0x1161, 0x1107, 0x1161, 0x11A8, 0x1107, 0x1161, 0x11A9, 0x1107, 0x1161, 0x11AA, 0x1107, 0x1161,
    0x11AB, 0x1107, 0x1161, 0x11AC, 0x1107, 0x1161, 0x11AD, 0x1107, 0x1161, 0x11AE, 0x1107, 0x1161,
    0x11AF, 0x1107, 0x1161, 0x11B0, 0x1107, 0x1161, 0x11B1, 0x1107, 0x1161, 0x11B2, 0x1107, 0x1161,
    0x11B3, 0x1107, 0x1161, 0x11B4, 0x1107, 0x1161, 0x11B5, 0x1107, 0x1161, 0x11B6, 0x1107, 0x1161,
    0x11B7, 0x1107, 0x1161, 0x11B8, 0x1107, 0x1161, 0x11B9, 0x1107, 0x1161, 0x11BA, 0x1107, 0x1161,
    0x11BB, 0x1107, 0x1161, 0x11BC, 0x1107, 0x1161, 0x11BD, 0x1107, 0x1161, 0x11BE, 0x1107, 0x1161,
    0x11BF, 0x1107, 0x1161, 0x11C0, 0x1107, 0x1161, 0x11C1, 0x1107, 0x1161, 0x11C2, 0x1107, 0x1162,
    0x1107, 0x1162, 0x11A8, 0x1107, 0x1162, 0x11A9, 0x1107, 0x1162, 0x11AA, 0x1107, 0x1162, 0x11AB,
    0x1107, 0x1162, 0x11AC, 0x1107, 0x1162, 0x11AD, 0x1107, 0x1162, 0x11AE, 0x1107, 0x1162, 0x11AF,
    0x1107, 0x1162, 0x11B0, 0x1107, 0x1162, 0x11B1, 0x1107, 0x1162, 0x11B2, 0x1107, 0x1162, 0x11B3,
    0x1107, 0x1162, 0x11B4, 0x1107, 0x1162, 0x11B5, 0x1107, 0x1162, 0x11B6, 0x1107, 0x1162, 0x11B7,
    0x1107, 0x1162, 0x11B8, 0x1107, 0x1162, 0x11B9, 0x1107, 0x1162, 0x11BA, 0x1107, 0x1162, 0x11BB,
    0x1107, 0x1162, 0x11BC, 0x1107, 0x1162, 0x11BD, 0x1107, 0x1162, 0x11BE, 0x1107, 0x1162, 0x11BF,
    0x1107, 0x1162, 0x11C0, 0x1107, 0x1162, 0x11C1, 0x1107, 0x1162, 0x11C2, 0x1107, 0x1163, 0x1107,
    0x1163, 0x11A8, 0x1107, 0x1163, 0x11A9, 0x1107, 0x1163, 0x11AA, 0x1107, 0x1163, 0x11AB, 0x1107,
    0x1163, 0x11AC, 0x1107, 0x1163, 0x11AD, 0x1107, 0x1163, 0x11AE, 0x1107, 0x1163, 0x11AF, 0x1107,
    0x1163, 0x11B0, 0x1107, 0x1163, 0x11B1, 0x1107, 0x1163, 0x11B2, 0x1107, 0x1163, 0x11B3, 0x1107,
    0x1163, 0x11B4, 0x1107, 0x1163, 0x11B5, 0x1107, 0x1163, 0x11B6, 0x1107, 0x1163, 0x11B7, 0x1107,
    0x1163, 0x11B8, 0x1107, 0x1163, 0x11B9, 0x1107, 0x1163, 0x11BA, 0x1107, 0x1163, 0x11BB, 0x1107,
    0x1163, 0x11BC, 0x1107, 0x1163, 0x11BD, 0x1107, 0x1163, 0x11BE, 0x1107, 0x1163, 0x11BF, 0x1107,
    0x1163, 0x11C0, 0x1107, 0x1163, 0x11C1, 0x1107, 0x1163, 0x11C2, 0x1107, 0x1164, 0x1107, 0x1164,
    0x11A8, 0x1107, 0x1164, 0x11A9, 0x1107, 0x1164, 0x11AA, 0x1107, 0x1164, 0x11AB, 0x1107, 0x1164,
    0x11AC, 0x1107, 0x1164, 0x11AD, 0x1107, 0x1164, 0x11AE, 0x1107, 0x1164, 0x11AF, 0x1107, 0x1164,
    0x11B0, 0x1107, 0x1164, 0x11B1, 0x1107, 0x1164, 0x11B2, 0x1107, 0x1164, 0x11B3, 0x1107, 0x1164,
    0x11B4, 0x1107, 0x1164, 0x11B5, 0x1107, 0x1164, 0x11B6, 0x1107, 0x1164, 0x11B7, 0x1107, 0x1164,
    0x11B8, 0x1107, 0x1164, 0x11B9, 0x1107, 0x1164, 0x11BA, 0x1107, 0x1164, 0x11BB, 0x1107, 0x1164,
    0x11BC, 0x1107, 0x1164, 0x11BD, 0x1107, 0x1164, 0x11BE, 0x1107, 0x1164, 0x11BF, 0x1107, 0x1164,
    0x11C0, 0x1107, 0x1164, 0x11C1, 0x1107, 0x1164, 0x11C2, 0x1107, 0x1165, 0x1107, 0x1165, 0x11A8,
    0x1107, 0x1165, 0x11A9, 0x1107, 0x1165, 0x11AA, 0x1107, 0x1165, 0x11AB, 0x1107, 0x1165, 0x11AC,
    0x1107, 0x1165, 0x11AD, 0x1107, 0x1165, 0x11AE, 0x1107, 0x1165, 0x11AF, 0x1107, 0x1165, 0x11B0,
    0x1107, 0x1165, 0x11B1, 0x1107, 0x1165, 0x11B2, 0x1107, 0x1165, 0x11B3, 0x1107, 0x1165, 0x11B4,
    0x1107, 0x1165, 0x11B5, 0x1107, 0x1165, 0x11B6, 0x1107, 0x1165, 0x11B7, 0x1107, 0x1165, 0x11B8,
    0x1107, 0x1165, 0x11B9, 0x1107, 0x1165, 0x11BA, 0x1107, 0x1165, 0x11BB, 0x1107, 0x1165, 0x11BC,
    0x1107, 0x1165, 0x11BD, 0x1107, 0x1165, 0x11BE, 0x1107, 0x1165, 0x11BF, 0x1107, 0x1165, 0x11C0,
    0x1107, 0x1165, 0x11C1, 0x1107, 0x1165, 0x11C2, 0x1107, 0x1166, 0x1107, 0x1166, 0x11A8, 0x1107,
    0x1166, 0x11A9, 0x1107, 0x1166, 0x11AA, 0x1107, 0x1166, 0x11AB, 0x1107, 0x1166, 0x11AC, 0x1107,
    0x1166, 0x11AD, 0x1107, 0x1166, 0x11AE, 0x1107, 0x1166, 0x11AF, 0x1107, 0x1166, 0x11B0, 0x1107,
    0x1166, 0x11B1, 0x1107, 0x1166, 0x11B2, 0x1107, 0x1166, 0x11B3, 0x1107, 0x1166, 0x11B4, 0x1107,
    0x1166, 0x11B5, 0x1107, 0x1166, 0x11B6, 0x1107, 0x1166, 0x11B7, 0x1107, 0x1166, 0x11B8, 0x1107,
    0x1166, 0x11B9, 0x1107, 0x1166, 0x11BA, 0x1107, 0x1166, 0x11BB, 0x1107, 0x1166, 0x11BC, 0x1107,
    0x1166, 0x11BD, 0x1107, 0x1166, 0x11BE, 0x1107, 0x1166, 0x11BF, 0x1107, 0x1166, 0x11C0, 0x1107,
    0x1166, 0x11C1, 0x1107, 0x1166, 0x11C2, 0x1107, 0x1167, 0x1107, 0x1167, 0x11A8, 0x1107, 0x1167,
    0x11A9, 0x1107, 0x1167, 0x11AA, 0x1107, 0x1167, 0x11AB, 0x1107, 0x1167, 0x11AC, 0x1107, 0x1167,
    0x11AD, 0x1107, 0x1167, 0x11AE, 0x1107, 0x1167, 0x11AF, 0x1107, 0x1167, 0x11B0, 0x1107, 0x1167,
    0x11B1, 0x1107, 0x1167, 0x11B2, 0x1107, 0x1167, 0x11B3, 0x1107, 0x1167, 0x11B4, 0x1107, 0x1167,
    0x11B5, 0x1107, 0x1167, 0x11B6, 0x1107, 0x1167, 0x11B7, 0x1107, 0x1167, 0x11B8, 0x1107, 0x1167,
    0x11B9, 0x1107, 0x1167, 0x11BA, 0x1107, 0x1167, 0x11BB, 0x1107, 0x1167, 0x11BC, 0x1107, 0x1167,
    0x11BD, 0x1107, 0x1167, 0x11BE, 0x1107, 0x1167, 0x11BF, 0x1107, 0x1167, 0x11C0, 0x1107, 0x1167,
    0x11C1, 0x1107, 0x1167, 0x11C2, 0x1107, 0x1168, 0x1107, 0x1168, 0x11A8, 0x1107, 0x1168, 0x11A9,
    0x1107, 0x1168, 0x11AA, 0x1107, 0x1168, 0x11AB, 0x1107, 0x1168, 0x11AC, 0x1107, 0x1168, 0x11AD,
    0x1107, 0x1168, 0x11AE, 0x1107, 0x1168, 0x11AF, 0x1107, 0x1168, 0x11B0, 0x1107, 0x1168, 0x11B1,
    0x1107, 0x1168, 0x11B2, 0x1107, 0x1168, 0x11B3, 0x1107, 0x1168, 0x11B4, 0x1107, 0x1168, 0x11B5,
    0x1107, 0x1168, 0x11B6, 0x1107, 0x1168, 0x11B7, 0x1107, 0x1168, 0x11B8, 0x1107, 0x1168, 0x11B9,
    0x1107, 0x1168, 0x11BA, 0x1107, 0x1168, 0x11BB, 0x1107, 0x1168, 0x11BC, 0x1107, 0x1168, 0x11BD,
    0x1107, 0x1168, 0x11BE, 0x1107, 0x1168, 0x11BF, 0x1107, 0x1168, 0x11C0, 0x1107, 0x1168, 0x11C1,
    0x1107, 0x1168, 0x11C2, 0x1107, 0x1169, 0x1107, 0x1169, 0x11A8, 0x1107, 0x1169, 0x11A9, 0x1107,
    0x1169, 0x11AA, 0x1107, 0x1169, 0x11AB, 0x1107, 0x1169, 0x11AC, 0x1107, 0x1169, 0x11AD, 0x1107,
    0x1169, 0x11AE, 0x1107, 0x1169, 0x11AF, 0x1107, 0x1169, 0x11B0, 0x1107, 0x1169, 0x11B1, 0x1107,
    0x1169, 0x11B2, 0x1107, 0x1169, 0x11B3, 0x1107, 0x1169, 0x11B4, 0x1107, 0x1169, 0x11B5, 0x1107,
    0x1169, 0x11B6, 0x1107, 0x1169, 0x11B7, 0x1107, 0x1169, 0x11B8, 0x1107, 0x1169, 0x11B9, 0x1107,
    0x1169, 0x11BA, 0x1107, 0x1169, 0x11BB, 0x1107, 0x1169, 0x11BC, 0x1107, 0x1169, 0x11BD, 0x1107,
    0x1169, 0x11BE, 0x1107, 0x1169, 0x11BF, 0x1107, 0x1169, 0x11C0, 0x1107, 0x1169, 0x11C1, 0x1107,
    0x1169, 0x11C2, 0x1107, 0x116A, 0x1107, 0x116A, 0x11A8, 0x1107, 0x116A, 0x11A9, 0x1107, 0x116A,
    0x11AA, 0x1107, 0x116A, 0x11AB, 0x1107, 0x116A, 0x11AC, 0x1107, 0x116A, 0x11AD, 0x1107, 0x116A,
    0x11AE, 0x1107, 0x116A, 0x11AF, 0x1107, 0x116A, 0x11B0, 0x1107, 0x116A, 0x11B1, 0x1107, 0x116A,
    0x11B2, 0x1107, 0x116A, 0x11B3, 0x1107, 0x116A, 0x11B4, 0x1107, 0x116A, 0x11B5, 0x1107, 0x116A,
    0x11B6, 0x1107, 0x116A, 0x11B7, 0x1107, 0x116A, 0x11B8, 0x1107, 0x116A, 0x11B9, 0x1107, 0x116A,
    0x11BA, 0x1107, 0x116A, 0x11BB, 0x1107, 0x116A, 0x11BC, 0x1107, 0x116A, 0x11BD, 0x1107, 0x116A,
    0x11BE, 0x1107, 0x116A, 0x11BF, 0x1107, 0x116A, 0x11C0, 0x1107, 0x116A, 0x11C1, 0x1107, 0x116A,
    0x11C2, 0x1107, 0x116B, 0x1107, 0x116B, 0x11A8, 0x1107, 0x116B, 0x11A9, 0x1107, 0x116B, 0x11AA,
    0x1107, 0x116B, 0x11AB, 0x1107, 0x116B, 0x11AC, 0x1107, 0x116B, 0x11AD, 0x1107, 0x116B, 0x11AE,
    0x1107, 0x116B, 0x11AF, 0x1107, 0x116B, 0x11B0, 0x1107, 0x116B, 0x11B1, 0x1107, 0x116B, 0x11B2,
    0x1107, 0x116B, 0x11B3, 0x1107, 0x116B, 0x11B4, 0x1107, 0x116B, 0x11B5, 0x1107, 0x116B, 0x11B6,
    0x1107, 0x116B, 0x11B7, 0x1107, 0x116B, 0x11B8, 0x1107, 0x116B, 0x11B9, 0x1107, 0x116B, 0x11BA,
    0x1107, 0x116B, 0x11BB, 0x1107, 0x116B, 0x11BC, 0x1107, 0x116B, 0x11BD, 0x1107, 0x116B, 0x11BE,
    0x1107, 0x116B, 0x11BF, 0x1107, 0x116B, 0x11C0, 0x1107, 0x116B, 0x11C1, 0x1107, 0x116B, 0x11C2,
    0x1107, 0x116C, 0x1107, 0x116C, 0x11A8, 0x1107, 0x116C, 0x11A9, 0x1107, 0x116C, 0x11AA, 0x1107,
    0x116C, 0x11AB, 0x1107, 0x116C, 0x11AC, 0x1107, 0x116C, 0x11AD, 0x1107, 0x116C, 0x11AE, 0x1107,
    0x116C, 0x11AF, 0x1107, 0x116C, 0x11B0, 0x1107, 0x116C, 0x11B1, 0x1107, 0x116C, 0x11B2, 0x1107,
    0x116C, 0x11B3, 0x1107, 0x116C, 0x11B4, 0x1107, 0x116C, 0x11B5, 0x1107, 0x116C, 0x11B6, 0x1107,
    0x116C, 0x11B7, 0x1107, 0x116C, 0x11B8, 0x1107, 0x116C, 0x11B9, 0x1107, 0x116C, 0x11BA, 0x1107,
    0x116C, 0x11BB, 0x1107, 0x116C, 0x11BC, 0x1107, 0x116C, 0x11BD, 0x1107, 0x116C, 0x11BE, 0x1107,
    0x116C, 0x11BF, 0x1107, 0x116C, 0x11C0, 0x1107, 0x116C, 0x11C1, 0x1107, 0x116C, 0x11C2, 0x1107,
    0x116D, 0x1107, 0x116D, 0x11A8, 0x1107, 0x116D, 0x11A9, 0x1107, 0x116D, 0x11AA, 0x1107, 0x116D,
    0x11AB, 0x1107, 0x116D, 0x11AC, 0x1107, 0x116D, 0x11AD, 0x1107, 0x116D, 0x11AE, 0x1107, 0x116D,
    0x11AF, 0x1107, 0x116D, 0x11B0, 0x1107, 0x116D, 0x11B1, 0x1107, 0x116D, 0x11B2, 0x1107, 0x116D,
    0x11B3, 0x1107, 0x116D, 0x11B4, 0x1107, 0x116D, 0x11B5, 0x1107, 0x116D, 0x11B6, 0x1107, 0x116D,
    0x11B7, 0x1107, 0x116D, 0x11B8, 0x1107, 0x116D, 0x11B9, 0x1107, 0x116D, 0x11BA, 0x1107, 0x116D,
    0x11BB, 0x1107, 0x116D, 0x11BC, 0x1107, 0x116D, 0x11BD, 0x1107, 0x116D, 0x11BE, 0x1107, 0x116D,
    0x11BF, 0x1107, 0x116D, 0x11C0, 0x1107, 0x116D, 0x11C1, 0x1107, 0x116D, 0x11C2, 0x1107, 0x116E,
    0x1107, 0x116E, 0x11A8, 0x1107, 0x116E, 0x11A9, 0x1107, 0x116E, 0x11AA, 0x1107, 0x116E, 0x11AB,
    0x1107, 0x116E, 0x11AC, 0x1107, 0x116E, 0x11AD, 0x1107, 0x116E, 0x11AE, 0x1107, 0x116E, 0x11AF,
    0x1107, 0x116E, 0x11B0, 0x1107, 0x116E, 0x11B1, 0x1107, 0x116E, 0x11B2, 0x1107, 0x116E, 0x11B3,
    0x1107, 0x116E, 0x11B4, 0x1107, 0x116E, 0x11B5, 0x1107, 0x116E, 0x11B6, 0x1107, 0x116E, 0x11B7,
    0x1107, 0x116E, 0x11B8, 0x1107, 0x116E, 0x11B9, 0x1107, 0x116E, 0x11BA, 0x1107, 0x116E, 0x11BB,
    0x1107, 0x116E, 0x11BC, 0x1107, 0x116E, 0x11BD, 0x1107, 0x116E, 0x11BE, 0x1107, 0x116E, 0x11BF,
    0x1107, 0x116E, 0x11C0, 0x1107, 0x116E, 0x11C1, 0x1107, 0x116E, 0x11C2, 0x1107, 0x116F, 0x1107,
    0x116F, 0x11A8, 0x1107, 0x116F, 0x11A9, 0x1107, 0x116F, 0x11AA, 0x1107, 0x116F, 0x11AB, 0x1107,
    0x116F, 0x11AC, 0x1107, 0x116F, 0x11AD, 0x1107, 0x116F, 0x11AE, 0x1107, 0x116F, 0x11AF, 0x1107,
    0x116F, 0x11B0, 0x1107, 0x116F, 0x11B1, 0x1107, 0x116F, 0x11B2, 0x1107, 0x116F, 0x11B3, 0x1107,
    0x116F, 0x11B4, 0x1107, 0x116F, 0x11B5, 0x1107, 0x116F, 0x11B6, 0x1107, 0x116F, 0x11B7, 0x1107,
    0x116F, 0x11B8, 0x1107, 0x116F, 0x11B9, 0x1107, 0x116F, 0x11BA, 0x1107, 0x116F, 0x11BB, 0x1107,
    0x116F, 0x11BC, 0x1107, 0x116F, 0x11BD, 0x1107, 0x116F, 0x11BE, 0x1107, 0x116F, 0x11BF, 0x1107,
    0x116F, 0x11C0, 0x1107, 0x116F, 0x11C1, 0x1107, 0x116F, 0x11C2, 0x1107, 0x1170, 0x1107, 0x1170,
    0x11A8, 0x1107, 0x1170, 0x11A9, 0x1107, 0x1170, 0x11AA, 0x1107, 0x1170, 0x11AB, 0x1107, 0x1170,
    0x11AC, 0x1107, 0x1170, 0x11AD, 0x1107, 0x1170, 0x11AE, 0x1107, 0x1170, 0x11AF, 0x1107, 0x1170,
    0x11B0, 0x1107, 0x1170, 0x11B1, 0x1107, 0x1170, 0x11B2, 0x1107, 0x1170, 0x11B3, 0x1107, 0x1170,
    0x11B4, 0x1107, 0x1170, 0x11B5, 0x1107, 0x1170, 0x11B6, 0x1107, 0x1170, 0x11B7, 0x1107, 0x1170,
    0x11B8, 0x1107, 0x1170, 0x11B9, 0x1107, 0x1170, 0x11BA, 0x1107, 0x1170, 0x11BB, 0x1107, 0x1170,
    0x11BC, 0x1107, 0x1170, 0x11BD, 0x1107, 0x1170, 0x11BE, 0x1107, 0x1170, 0x11BF, 0x1107, 0x1170,
    0x11C0, 0x1107, 0x1170, 0x11C1, 0x1107, 0x1170, 0x11C2, 0x1107, 0x1171, 0x1107, 0x1171, 0x11A8,
    0x1107, 0x1171, 0x11A9, 0x1107, 0x1171, 0x11AA, 0x1107, 0x1171, 0x11AB, 0x1107, 0x1171, 0x11AC,
    0x1107, 0x1171, 0x11AD, 0x1107, 0x1171, 0x11AE, 0x1107, 0x1171, 0x11AF, 0x1107, 0x1171, 0x11B0,
    0x1107, 0x1171, 0x11B1, 0x1107, 0x1171, 0x11B2, 0x1107, 0x1171, 0x11B3, 0x1107, 0x1171, 0x11B4,
    0x1107, 0x1171, 0x11B5, 0x1107, 0x1171, 0x11B6, 0x1107, 0x1171, 0x11B7, 0x1107, 0x1171, 0x11B8,
    0x1107, 0x1171, 0x11B9, 0x1107, 0x1171, 0x11BA, 0x1107, 0x1171, 0x11BB, 0x1107, 0x1171, 0x11BC,
    0x1107, 0x1171, 0x11BD, 0x1107, 0x1171, 0x11BE, 0x1107, 0x1171, 0x11BF, 0x1107, 0x1171, 0x11C0,
    0x1107, 0x1171, 0x11C1, 0x1107, 0x1171, 0x11C2, 0x1107, 0x1172, 0x1107, 0x1172, 0x11A8, 0x1107,
    0x1172, 0x11A9, 0x1107, 0x1172, 0x11AA, 0x1107, 0x1172, 0x11AB, 0x1107, 0x1172, 0x11AC, 0x1107,
    0x1172, 0x11AD, 0x1107, 0x1172, 0x11AE, 0x1107, 0x1172, 0x11AF, 0x1107, 0x1172, 0x11B0, 0x1107,
    0x1172, 0x11B1, 0x1107, 0x1172, 0x11B2, 0x1107, 0x1172, 0x11B3, 0x1107, 0x1172, 0x11B4, 0x1107,
    0x1172, 0x11B5, 0x1107, 0x1172, 0x11B6, 0x1107, 0x1172, 0x11B7, 0x1107, 0x1172, 0x11B8, 0x1107,
    0x1172, 0x11B9, 0x1107, 0x1172, 0x11BA, 0x1107, 0x1172, 0x11BB, 0x1107, 0x1172, 0x11BC, 0x1107,
    0x1172, 0x11BD, 0x1107, 0x1172, 0x11BE, 0x1107, 0x1172, 0x11BF, 0x1107, 0x1172, 0x11C0, 0x1107,
    0x1172, 0x11C1, 0x1107, 0x1172, 0x11C2, 0x1107, 0x1173, 0x1107, 0x1173, 0x11A8, 0x1107, 0x1173,
    0x11A9, 0x1107, 0x1173, 0x11AA, 0x1107, 0x1173, 0x11AB, 0x1107, 0x1173, 0x11AC, 0x1107, 0x1173,
    0x11AD, 0x1107, 0x1173, 0x11AE, 0x1107, 0x1173, 0x11AF, 0x1107, 0x1173, 0x11B0, 0x1107, 0x1173,
    0x11B1, 0x1107, 0x1173, 0x11B2, 0x1107, 0x1173, 0x11B3, 0x1107, 0x1173, 0x11B4, 0x1107, 0x1173,
    0x11B5, 0x1107, 0x1173, 0x11B6, 0x1107, 0x1173, 0x11B7, 0x1107, 0x1173, 0x11B8, 0x1107, 0x1173,
    0x11B9, 0x1107, 0x1173, 0x11BA, 0x1107, 0x1173, 0x11BB, 0x1107, 0x1173, 0x11BC, 0x1107, 0x1173,
    0x11BD, 0x1107, 0x1173, 0x11BE, 0x1107, 0x1173, 0x11BF, 0x1107, 0x1173, 0x11C0, 0x1107, 0x1173,
    0x11C1, 0x1107, 0x1173, 0x11C2, 0x1107, 0x1174, 0x1107, 0x1174, 0x11A8, 0x1107, 0x1174, 0x11A9,
    0x1107, 0x1174, 0x11AA, 0x1107, 0x1174, 0x11AB, 0x1107, 0x1174, 0x11AC, 0x1107, 0x1174, 0x11AD,
    0x1107, 0x1174, 0x11AE, 0x1107, 0x1174, 0x11AF, 0x1107, 0x1174, 0x11B0, 0x1107, 0x1174, 0x11B1,
    0x1107, 0x1174, 0x11B2, 0x1107, 0x1174, 0x11B3, 0x1107, 0x1174, 0x11B4, 0x1107, 0x1174, 0x11B5,
    0x1107, 0x1174, 0x11B6, 0x1107, 0x1174, 0x11B7, 0x1107, 0x1174, 0x11B8, 0x1107, 0x1174, 0x11B9,
    0x1107, 0x1174, 0x11BA, 0x1107, 0x1174, 0x11BB, 0x1107, 0x1174, 0x11BC, 0x1107, 0x1174, 0x11BD,
    0x1107, 0x1174, 0x11BE, 0x1107, 0x1174, 0x11BF, 0x1107, 0x1174, 0x11C0, 0x1107, 0x1174, 0x11C1,
    0x1107, 0x1174, 0x11C2, 0x1107, 0x1175, 0x1107, 0x1175, 0x11A8, 0x1107, 0x1175, 0x11A9, 0x1107,
    0x1175, 0x11AA, 0x1107, 0x1175, 0x11AB, 0x1107, 0x1175, 0x11AC, 0x1107, 0x1175, 0x11AD, 0x1107,
    0x1175, 0x11AE, 0x1107, 0x1175, 0x11AF, 0x1107, 0x1175, 0x11B0, 0x1107, 0x1175, 0x11B1, 0x1107,
    0x1175, 0x11B2, 0x1107, 0x1175, 0x11B3, 0x1107, 0x1175, 0x11B4, 0x1107, 0x1175, 0x11B5, 0x1107,
    0x1175, 0x11B6, 0x1107, 0x1175, 0x11B7, 0x1107, 0x1175, 0x11B8, 0x1107, 0x1175, 0x11B9, 0x1107,
    0x1175, 0x11BA, 0x1107, 0x1175, 0x11BB, 0x1107, 0x1175, 0x11BC, 0x1107, 0x1175, 0x11BD, 0x1107,
    0x1175, 0x11BE, 0x1107, 0x1175, 0x11BF, 0x1107, 0x1175, 0x11C0, 0x1107, 0x1175, 0x11C1, 0x1107,
    0x1175, 0x11C2, 0x1108, 0x1161, 0x1108, 0x1161, 0x11A8, 0x1108, 0x1161, 0x11A9, 0x1108, 0x1161,
    0x11AA, 0x1108, 0x1161, 0x11AB, 0x1108, 0x1161, 0x11AC, 0x1108, 0x1161, 0x11AD, 0x1108, 0x1161,
    0x11AE, 0x1108, 0x1161, 0x11AF, 0x1108, 0x1161, 0x11B0, 0x1108, 0x1161, 0x11B1, 0x1108, 0x1161,
    0x11B2, 0x1108, 0x1161, 0x11B3, 0x1108, 0x1161, 0x11B4, 0x1108, 0x1161, 0x11B5, 0x1108, 0x1161,
    0x11B6, 0x1108, 0x1161, 0x11B7, 0x1108, 0x1161, 0x11B8, 0x1108, 0x1161, 0x11B9, 0x1108, 0x1161,
    0x11BA, 0x1108, 0x1161, 0x11BB, 0x1108, 0x1161, 0x11BC, 0x1108, 0x1161, 0x11BD, 0x1108, 0x1161,
    0x11BE, 0x1108, 0x1161, 0x11BF, 0x1108, 0x1161, 0x11C0, 0x1108, 0x1161, 0x11C1, 0x1108, 0x1161,
    0x11C2, 0x1108, 0x1162, 0x1108, 0x1162, 0x11A8, 0x1108, 0x1162, 0x11A9, 0x1108, 0x1162, 0x11AA,
    0x1108, 0x1162, 0x11AB, 0x1108, 0x1162, 0x11AC, 0x1108, 0x1162, 0x11AD, 0x1108, 0x1162, 0x11AE,
    0x1108, 0x1162, 0x11AF, 0x1108, 0x1162, 0x11B0, 0x1108, 0x1162, 0x11B1, 0x1108, 0x1162, 0x11B2,
    0x1108, 0x1162, 0x11B3, 0x1108, 0x1162, 0x11B4, 0x1108, 0x1162, 0x11B5, 0x1108, 0x1162, 0x11B6,
    0x1108, 0x1162, 0x11B7, 0x1108, 0x1162, 0x11B8, 0x1108, 0x1162, 0x11B9, 0x1108, 0x1162, 0x11BA,
    0x1108, 0x1162, 0x11BB, 0x1108, 0x1162, 0x11BC, 0x1108, 0x1162, 0x11BD, 0x1108, 0x1162, 0x11BE,
    0x1108, 0x1162, 0x11BF, 0x1108, 0x1162, 0x11C0, 0x1108, 0x1162, 0x11C1, 0x1108, 0x1162, 0x11C2,
    0x1108, 0x1163, 0x1108, 0x1163, 0x11A8, 0x1108, 0x1163, 0x11A9, 0x1108, 0x1163, 0x11AA, 0x1108,
    0x1163, 0x11AB, 0x1108, 0x1163, 0x11AC, 0x1108, 0x1163, 0x11AD, 0x1108, 0x1163, 0x11AE, 0x1108,
    0x1163, 0x11AF, 0x1108, 0x1163, 0x11B0, 0x1108, 0x1163, 0x11B1, 0x1108, 0x1163, 0x11B2, 0x1108,
    0x1163, 0x11B3, 0x1108, 0x1163, 0x11B4, 0x1108, 0x1163, 0x11B5, 0x1108, 0x1163, 0x11B6, 0x1108,
    0x1163, 0x11B7, 0x1108, 0x1163, 0x11B8, 0x1108, 0x1163, 0x11B9, 0x1108, 0x1163, 0x11BA, 0x1108,
    0x1163, 0x11BB, 0x1108, 0x1163, 0x11BC, 0x1108, 0x1163, 0x11BD, 0x1108, 0x1163, 0x11BE, 0x1108,
    0x1163, 0x11BF, 0x1108, 0x1163, 0x11C0, 0x1108, 0x1163, 0x11C1, 0x1108, 0x1163, 0x11C2, 0x1108,
    0x1164, 0x1108, 0x1164, 0x11A8, 0x1108, 0x1164, 0x11A9, 0x1108, 0x1164, 0x11AA, 0x1108, 0x1164,
    0x11AB, 0x1108, 0x1164, 0x11AC, 0x1108, 0x1164, 0x11AD, 0x1108, 0x1164, 0x11AE, 0x1108, 0x1164,
    0x11AF, 0x1108, 0x1164, 0x11B0, 0x1108, 0x1164, 0x11B1, 0x1108, 0x1164, 0x11B2, 0x1108, 0x1164,
    0x11B3, 0x1108, 0x1164, 0x11B4, 0x1108, 0x1164, 0x11B5, 0x1108, 0x1164, 0x11B6, 0x1108, 0x1164,
    0x11B7, 0x1108, 0x1164, 0x11B8, 0x1108, 0x1164, 0x11B9, 0x1108, 0x1164, 0x11BA, 0x1108, 0x1164,
    0x11BB, 0x1108, 0x1164, 0x11BC, 0x1108, 0x1164, 0x11BD, 0x1108, 0x1164, 0x11BE, 0x1108, 0x1164,
    0x11BF, 0x1108, 0x1164, 0x11C0, 0x1108, 0x1164, 0x11C1, 0x1108, 0x1164, 0x11C2, 0x1108, 0x1165,
    0x1108, 0x1165, 0x11A8, 0x1108, 0x1165, 0x11A9, 0x1108, 0x1165, 0x11AA, 0x1108, 0x1165, 0x11AB,
    0x1108, 0x1165, 0x11AC, 0x1108, 0x1165, 0x11AD, 0x1108, 0x1165, 0x11AE, 0x1108, 0x1165, 0x11AF,
    0x1108, 0x1165, 0x11B0, 0x1108, 0x1165, 0x11B1, 0x1108, 0x1165, 0x11B2, 0x1108, 0x1165, 0x11B3,
    0x1108, 0x1165, 0x11B4, 0x1108, 0x1165, 0x11B5, 0x1108, 0x1165, 0x11B6, 0x1108, 0x1165, 0x11B7,
    0x1108, 0x1165, 0x11B8, 0x1108, 0x1165, 0x11B9, 0x1108, 0x1165, 0x11BA, 0x1108, 0x1165, 0x11BB,
    0x1108, 0x1165, 0x11BC, 0x1108, 0x1165, 0x11BD, 0x1108, 0x1165, 0x11BE, 0x1108, 0x1165, 0x11BF,
    0x1108, 0x1165, 0x11C0, 0x1108, 0x1165, 0x11C1, 0x1108, 0x1165, 0x11C2, 0x1108, 0x1166, 0x1108,
    0x1166, 0x11A8, 0x1108, 0x1166, 0x11A9, 0x1108, 0x1166, 0x11AA, 0x1108, 0x1166, 0x11AB, 0x1108,
    0x1166, 0x11AC, 0x1108, 0x1166, 0x11AD, 0x1108, 0x1166, 0x11AE, 0x1108, 0x1166, 0x11AF, 0x1108,
    0x1166, 0x11B0, 0x1108, 0x1166, 0x11B1, 0x1108, 0x1166, 0x11B2, 0x1108, 0x1166, 0x11B3, 0x1108,
    0x1166, 0x11B4, 0x1108, 0x1166, 0x11B5, 0x1108, 0x1166, 0x11B6, 0x1108, 0x1166, 0x11B7, 0x1108,
    0x1166, 0x11B8, 0x1108, 0x1166, 0x11B9, 0x1108, 0x1166, 0x11BA, 0x1108, 0x1166, 0x11BB, 0x1108,
    0x1166, 0x11BC, 0x1108, 0x1166, 0x11BD, 0x1108, 0x1166, 0x11BE, 0x1108, 0x1166, 0x11BF, 0x1108,
    0x1166, 0x11C0, 0x1108, 0x1166, 0x11C1, 0x1108, 0x1166, 0x11C2, 0x1108, 0x1167, 0x1108, 0x1167,
    0x11A8, 0x1108, 0x1167, 0x11A9, 0x1108, 0x1167, 0x11AA, 0x1108, 0x1167, 0x11AB, 0x1108, 0x1167,
    0x11AC, 0x1108, 0x1167, 0x11AD, 0x1108, 0x1167, 0x11AE, 0x1108, 0x1167, 0x11AF, 0x1108, 0x1167,
    0x11B0, 0x1108, 0x1167, 0x11B1, 0x1108, 0x1167, 0x11B2, 0x1108, 0x1167, 0x11B3, 0x1108, 0x1167,
    0x11B4, 0x1108, 0x1167, 0x11B5, 0x1108, 0x1167, 0x11B6, 0x1108, 0x1167, 0x11B7, 0x1108, 0x1167,
    0x11B8, 0x1108, 0x1167, 0x11B9, 0x1108, 0x1167, 0x11BA, 0x1108, 0x1167, 0x11BB, 0x1108, 0x1167,
    0x11BC, 0x1108, 0x1167, 0x11BD, 0x1108, 0x1167, 0x11BE, 0x1108, 0x1167, 0x11BF, 0x1108, 0x1167,
    0x11C0, 0x1108, 0x1167, 0x11C1, 0x1108, 0x1167, 0x11C2, 0x1108, 0x1168, 0x1108, 0x1168, 0x11A8,
    0x1108, 0x1168, 0x11A9, 0x1108, 0x1168, 0x11AA, 0x1108, 0x1168, 0x11AB, 0x1108, 0x1168, 0x11AC,
    0x1108, 0x1168, 0x11AD, 0x1108, 0x1168, 0x11AE, 0x1108, 0x1168, 0x11AF, 0x1108, 0x1168, 0x11B0,
    0x1108, 0x1168, 0x11B1, 0x1108, 0x1168, 0x11B2, 0x1108, 0x1168, 0x11B3, 0x1108, 0x1168, 0x11B4,
    0x1108, 0x1168, 0x11B5, 0x1108, 0x1168, 0x11B6, 0x1108, 0x1168, 0x11B7, 0x1108, 0x1168, 0x11B8,
    0x1108, 0x1168, 0x11B9, 0x1108, 0x1168, 0x11BA, 0x1108, 0x1168, 0x11BB, 0x1108, 0x1168, 0x11BC,
    0x1108, 0x1168, 0x11BD, 0x1108, 0x1168, 0x11BE, 0x1108, 0x1168, 0x11BF, 0x1108, 0x1168, 0x11C0,
    0x1108, 0x1168, 0x11C1, 0x1108, 0x1168, 0x11C2, 0x1108, 0x1169, 0x1108, 0x1169, 0x11A8, 0x1108,
    0x1169, 0x11A9, 0x1108, 0x1169, 0x11AA, 0x1108, 0x1169, 0x11AB, 0x1108, 0x1169, 0x11AC, 0x1108,
    0x1169, 0x11AD, 0x1108, 0x1169, 0x11AE, 0x1108, 0x1169, 0x11AF, 0x1108, 0x1169, 0x11B0, 0x1108,
    0x1169, 0x11B1, 0x1108, 0x1169, 0x11B2, 0x1108, 0x1169, 0x11B3, 0x1108, 0x1169, 0x11B4, 0x1108,
    0x1169, 0x11B5, 0x1108, 0x1169, 0x11B6, 0x1108, 0x1169, 0x11B7, 0x1108, 0x1169, 0x11B8, 0x1108,
    0x1169, 0x11B9, 0x1108, 0x1169, 0x11BA, 0x1108, 0x1169, 0x11BB, 0x1108, 0x1169, 0x11BC, 0x1108,
    0x1169, 0x11BD, 0x1108, 0x1169, 0x11BE, 0x1108, 0x1169, 0x11BF, 0x1108, 0x1169, 0x11C0, 0x1108,
    0x1169, 0x11C1, 0x1108, 0x1169, 0x11C2, 0x1108, 0x116A, 0x1108, 0x116A, 0x11A8, 0x1108, 0x116A,
    0x11A9, 0x1108, 0x116A, 0x11AA, 0x1108, 0x116A, 0x11AB, 0x1108, 0x116A, 0x11AC, 0x1108, 0x116A,
    0x11AD, 0x1108, 0x116A, 0x11AE, 0x1108, 0x116A, 0x11AF, 0x1108, 0x116A, 0x11B0, 0x1108, 0x116A,
    0x11B1, 0x1108, 0x116A, 0x11B2, 0x1108, 0x116A, 0x11B3, 0x1108, 0x116A, 0x11B4, 0x1108, 0x116A,
    0x11B5, 0x1108, 0x116A, 0x11B6, 0x1108, 0x116A, 0x11B7, 0x1108, 0x116A, 0x11B8, 0x1108, 0x116A,
    0x11B9, 0x1108, 0x116A, 0x11BA, 0x1108, 0x116A, 0x11BB, 0x1108, 0x116A, 0x11BC, 0x1108, 0x116A,
    0x11BD, 0x1108, 0x116A, 0x11BE, 0x1108, 0x116A, 0x11BF, 0x1108, 0x116A, 0x11C0, 0x1108, 0x116A,
    0x11C1, 0x1108, 0x116A, 0x11C2, 0x1108, 0x116B, 0x1108, 0x116B, 0x11A8, 0x1108, 0x116B, 0x11A9,
    0x1108, 0x116B, 0x11AA, 0x1108, 0x116B, 0x11AB, 0x1108, 0x116B, 0x11AC, 0x1108, 0x116B, 0x11AD,
    0x1108, 0x116B, 0x11AE, 0x1108, 0x116B, 0x11AF, 0x1108, 0x116B, 0x11B0, 0x1108, 0x116B, 0x11B1,
    0x1108, 0x116B, 0x11B2, 0x1108, 0x116B, 0x11B3, 0x1108, 0x116B, 0x11B4, 0x1108, 0x116B, 0x11B5,
    0x1108, 0x116B, 0x11B6, 0x1108, 0x116B, 0x11B7, 0x1108, 0x116B, 0x11B8, 0x1108, 0x116B, 0x11B9,
    0x1108, 0x116B, 0x11BA, 0x1108, 0x116B, 0x11BB, 0x1108, 0x116B, 0x11BC, 0x1108, 0x116B, 0x11BD,
    0x1108, 0x116B, 0x11BE, 0x1108, 0x116B, 0x11BF, 0x1108, 0x116B, 0x11C0, 0x1108, 0x116B, 0x11C1,
    0x1108, 0x116B, 0x11C2, 0x1108, 0x116C, 0x1108, 0x116C, 0x11A8, 0x1108, 0x116C, 0x11A9, 0x1108,
    0x116C, 0x11AA, 0x1108, 0x116C, 0x11AB, 0x1108, 0x116C, 0x11AC, 0x1108, 0x116C, 0x11AD, 0x1108,
    0x116C, 0x11AE, 0x1108, 0x116C, 0x11AF, 0x1108, 0x116C, 0x11B0, 0x1108, 0x116C, 0x11B1, 0x1108,
    0x116C, 0x11B2, 0x1108, 0x116C, 0x11B3, 0x1108, 0x116C, 0x11B4, 0x1108, 0x116C, 0x11B5, 0x1108,
    0x116C, 0x11B6, 0x1108, 0x116C, 0x11B7, 0x1108, 0x116C, 0x11B8, 0x1108, 0x116C, 0x11B9, 0x1108,
    0x116C, 0x11BA, 0x1108, 0x116C, 0x11BB, 0x1108, 0x116C, 0x11BC, 0x1108, 0x116C, 0x11BD, 0x1108,
    0x116C, 0x11BE, 0x1108, 0x116C, 0x11BF, 0x1108, 0x116C, 0x11C0, 0x1108, 0x116C, 0x11C1, 0x1108,
    0x116C, 0x11C2, 0x1108, 0x116D, 0x1108, 0x116D, 0x11A8, 0x1108, 0x116D, 0x11A9, 0x1108, 0x116D,
    0x11AA, 0x1108, 0x116D, 0x11AB, 0x1108, 0x116D, 0x11AC, 0x1108, 0x116D, 0x11AD, 0x1108, 0x116D,
    0x11AE, 0x1108, 0x116D, 0x11AF, 0x1108, 0x116D, 0x11B0, 0x1108, 0x116D, 0x11B1, 0x1108, 0x116D,
    0x11B2, 0x1108, 0x116D, 0x11B3, 0x1108, 0x116D, 0x11B4, 0x1108, 0x116D, 0x11B5, 0x1108, 0x116D,
    0x11B6, 0x1108, 0x116D, 0x11B7, 0x1108, 0x116D, 0x11B8, 0x1108, 0x116D, 0x11B9, 0x1108, 0x116D,
    0x11BA, 0x1108, 0x116D, 0x11BB, 0x1108, 0x116D, 0x11BC, 0x1108, 0x116D, 0x11BD, 0x1108, 0x116D,
    0x11BE, 0x1108, 0x116D, 0x11BF, 0x1108, 0x116D, 0x11C0, 0x1108, 0x116D, 0x11C1, 0x1108, 0x116D,
    0x11C2, 0x1108, 0x116E, 0x1108, 0x116E, 0x11A8, 0x1108, 0x116E, 0x11A9, 0x1108, 0x116E, 0x11AA,
    0x1108, 0x116E, 0x11AB, 0x1108, 0x116E, 0x11AC, 0x1108, 0x116E, 0x11AD, 0x1108, 0x116E, 0x11AE,
    0x1108, 0x116E, 0x11AF, 0x1108, 0x116E, 0x11B0, 0x1108, 0x116E, 0x11B1, 0x1108, 0x116E, 0x11B2,
    0x1108, 0x116E, 0x11B3, 0x1108, 0x116E, 0x11B4, 0x1108, 0x116E, 0x11B5, 0x1108, 0x116E, 0x11B6,
    0x1108, 0x116E, 0x11B7, 0x1108, 0x116E, 0x11B8, 0x1108, 0x116E, 0x11B9, 0x1108, 0x116E, 0x11BA,
    0x1108, 0x116E, 0x11BB, 0x1108, 0x116E, 0x11BC, 0x1108, 0x116E, 0x11BD, 0x1108, 0x116E, 0x11BE,
    0x1108, 0x116E, 0x11BF, 0x1108, 0x116E, 0x11C0, 0x1108, 0x116E, 0x11C1, 0x1108, 0x116E, 0x11C2,
    0x1108, 0x116F, 0x1108, 0x116F, 0x11A8, 0x1108, 0x116F, 0x11A9, 0x1108, 0x116F, 0x11AA, 0x1108,
    0x116F, 0x11AB, 0x1108, 0x116F, 0x11AC, 0x1108, 0x116F, 0x11AD, 0x1108, 0x116F, 0x11AE, 0x1108,
    0x116F, 0x11AF, 0x1108, 0x116F, 0x11B0, 0x1108, 0x116F, 0x11B1, 0x1108, 0x116F, 0x11B2, 0x1108,
    0x116F, 0x11B3, 0x1108, 0x116F, 0x11B4, 0x1108, 0x116F, 0x11B5, 0x1108, 0x116F, 0x11B6, 0x1108,
    0x116F, 0x11B7, 0x1108, 0x116F, 0x11B8, 0x1108, 0x116F, 0x11B9, 0x1108, 0x116F, 0x11BA, 0x1108,
    0x116F, 0x11BB, 0x1108, 0x116F, 0x11BC, 0x1108, 0x116F, 0x11BD, 0x1108, 0x116F, 0x11BE, 0x1108,
    0x116F, 0x11BF, 0x1108, 0x116F, 0x11C0, 0x1108, 0x116F, 0x11C1, 0x1108, 0x116F, 0x11C2, 0x1108,
    0x1170, 0x1108, 0x1170, 0x11A8, 0x1108, 0x1170, 0x11A9, 0x1108, 0x1170, 0x11AA, 0x1108, 0x1170,
    0x11AB, 0x1108, 0x1170, 0x11AC, 0x1108, 0x1170, 0x11AD, 0x1108, 0x1170, 0x11AE, 0x1108, 0x1170,
    0x11AF, 0x1108, 0x1170, 0x11B0, 0x1108, 0x1170, 0x11B1, 0x1108, 0x1170, 0x11B2, 0x1108, 0x1170,
    0x11B3, 0x1108, 0x1170, 0x11B4, 0x1108, 0x1170, 0x11B5, 0x1108, 0x1170, 0x11B6, 0x1108, 0x1170,
    0x11B7, 0x1108, 0x1170, 0x11B8, 0x1108, 0x1170, 0x11B9, 0x1108, 0x1170, 0x11BA, 0x1108, 0x1170,
    0x11BB, 0x1108, 0x1170, 0x11BC, 0x1108, 0x1170, 0x11BD, 0x1108, 0x1170, 0x11BE, 0x1108, 0x1170,
    0x11BF, 0x1108, 0x1170, 0x11C0, 0x1108, 0x1170, 0x11C1, 0x1108, 0x1170, 0x11C2, 0x1108, 0x1171,
    0x1108, 0x1171, 0x11A8, 0x1108, 0x1171, 0x11A9, 0x1108, 0x1171, 0x11AA, 0x1108, 0x1171, 0x11AB,
    0x1108, 0x1171, 0x11AC, 0x1108, 0x1171, 0x11AD, 0x1108, 0x1171, 0x11AE, 0x1108, 0x1171, 0x11AF,
    0x1108, 0x1171, 0x11B0, 0x1108, 0x1171, 0x11B1, 0x1108, 0x1171, 0x11B2, 0x1108, 0x1171, 0x11B3,
    0x1108, 0x1171, 0x11B4, 0x1108, 0x1171, 0x11B5, 0x1108, 0x1171, 0x11B6, 0x1108, 0x1171, 0x11B7,
    0x1108, 0x1171, 0x11B8, 0x1108, 0x1171, 0x11B9, 0x1108, 0x1171, 0x11BA, 0x1108, 0x1171, 0x11BB,
    0x1108, 0x1171, 0x11BC, 0x1108, 0x1171, 0x11BD, 0x1108, 0x1171, 0x11BE, 0x1108, 0x1171, 0x11BF,
    0x1108, 0x1171, 0x11C0, 0x1108, 0x1171, 0x11C1, 0x1108, 0x1171, 0x11C2, 0x1108, 0x1172, 0x1108,
    0x1172, 0x11A8, 0x1108, 0x1172, 0x11A9, 0x1108, 0x1172, 0x11AA, 0x1108, 0x1172, 0x11AB, 0x1108,
    0x1172, 0x11AC, 0x1108, 0x1172, 0x11AD, 0x1108, 0x1172, 0x11AE, 0x1108, 0x1172, 0x11AF, 0x1108,
    0x1172, 0x11B0, 0x1108, 0x1172, 0x11B1, 0x1108, 0x1172, 0x11B2, 0x1108, 0x1172, 0x11B3, 0x1108,
    0x1172, 0x11B4, 0x1108, 0x1172, 0x11B5, 0x1108, 0x1172, 0x11B6, 0x1108, 0x1172, 0x11B7, 0x1108,
    0x1172, 0x11B8, 0x1108, 0x1172, 0x11B9, 0x1108, 0x1172, 0x11BA, 0x1108, 0x1172, 0x11BB, 0x1108,
    0x1172, 0x11BC, 0x1108, 0x1172, 0x11BD, 0x1108, 0x1172, 0x11BE, 0x1108, 0x1172, 0x11BF, 0x1108,
    0x1172, 0x11C0, 0x1108, 0x1172, 0x11C1, 0x1108, 0x1172, 0x11C2, 0x1108, 0x1173, 0x1108, 0x1173,
    0x11A8, 0x1108, 0x1173, 0x11A9, 0x1108, 0x1173, 0x11AA, 0x1108, 0x1173, 0x11AB, 0x1108, 0x1173,
    0x11AC, 0x1108, 0x1173, 0x11AD, 0x1108, 0x1173, 0x11AE, 0x1108, 0x1173, 0x11AF, 0x1108, 0x1173,
    0x11B0, 0x1108, 0x1173, 0x11B1, 0x1108, 0x1173, 0x11B2, 0x1108, 0x1173, 0x11B3, 0x1108, 0x1173,
    0x11B4, 0x1108, 0x1173, 0x11B5, 0x1108, 0x1173, 0x11B6, 0x1108, 0x1173, 0x11B7, 0x1108, 0x1173,
    0x11B8, 0x1108, 0x1173, 0x11B9, 0x1108, 0x1173, 0x11BA, 0x1108, 0x1173, 0x11BB, 0x1108, 0x1173,
    0x11BC, 0x1108, 0x1173, 0x11BD, 0x1108, 0x1173, 0x11BE, 0x1108, 0x1173, 0x11BF, 0x1108, 0x1173,
    0x11C0, 0x1108, 0x1173, 0x11C1, 0x1108, 0x1173, 0x11C2, 0x1108, 0x1174, 0x1108, 0x1174, 0x11A8,
    0x1108, 0x1174, 0x11A9, 0x1108, 0x1174, 0x11AA, 0x1108, 0x1174, 0x11AB, 0x1108, 0x1174, 0x11AC,
    0x1108, 0x1174, 0x11AD, 0x1108, 0x1174, 0x11AE, 0x1108, 0x1174, 0x11AF, 0x1108, 0x1174, 0x11B0,
    0x1108, 0x1174, 0x11B1, 0x1108, 0x1174, 0x11B2, 0x1108, 0x1174, 0x11B3, 0x1108, 0x1174, 0x11B4,
    0x1108, 0x1174, 0x11B5, 0x1108, 0x1174, 0x11B6, 0x1108, 0x1174, 0x11B7, 0x1108, 0x1174, 0x11B8,
    0x1108, 0x1174, 0x11B9, 0x1108, 0x1174, 0x11BA, 0x1108, 0x1174, 0x11BB, 0x1108, 0x1174, 0x11BC,
    0x1108, 0x1174, 0x11BD, 0x1108, 0x1174, 0x11BE, 0x1108, 0x1174, 0x11BF, 0x1108, 0x1174, 0x11C0,
    0x1108, 0x1174, 0x11C1, 0x1108, 0x1174, 0x11C2, 0x1108, 0x1175, 0x1108, 0x1175, 0x11A8, 0x1108,
    0x1175, 0x11A9, 0x1108, 0x1175, 0x11AA, 0x1108, 0x1175, 0x11AB, 0x1108, 0x1175, 0x11AC, 0x1108,
    0x1175, 0x11AD, 0x1108, 0x1175, 0x11AE, 0x1108, 0x1175, 0x11AF, 0x1108, 0x1175, 0x11B0, 0x1108,
    0x1175, 0x11B1, 0x1108, 0x1175, 0x11B2, 0x1108, 0x1175, 0x11B3, 0x1108, 0x1175, 0x11B4, 0x1108,
    0x1175, 0x11B5, 0x1108, 0x1175, 0x11B6, 0x1108, 0x1175, 0x11B7, 0x1108, 0x1175, 0x11B8, 0x1108,
    0x1175, 0x11B9, 0x1108, 0x1175, 0x11BA, 0x1108, 0x1175, 0x11BB, 0x1108, 0x1175, 0x11BC, 0x1108,
    0x1175, 0x11BD, 0x1108, 0x1175, 0x11BE, 0x1108, 0x1175, 0x11BF, 0x1108, 0x1175, 0x11C0, 0x1108,
    0x1175, 0x11C1, 0x1108, 0x1175, 0x11C2, 0x1109, 0x1161, 0x1109, 0x1161, 0x11A8, 0x1109, 0x1161,
    0x11A9, 0x1109, 0x1161, 0x11AA, 0x1109, 0x1161, 0x11AB, 0x1109, 0x1161, 0x11AC, 0x1109, 0x1161,
    0x11AD, 0x1109, 0x1161, 0x11AE, 0x1109, 0x1161, 0x11AF, 0x1109, 0x1161, 0x11B0, 0x1109, 0x1161,
    0x11B1, 0x1109, 0x1161, 0x11B2, 0x1109, 0x1161, 0x11B3, 0x1109, 0x1161, 0x11B4, 0x1109, 0x1161,
    0x11B5, 0x1109, 0x1161, 0x11B6, 0x1109, 0x1161, 0x11B7, 0x1109, 0x1161, 0x11B8, 0x1109, 0x1161,
    0x11B9, 0x1109, 0x1161, 0x11BA, 0x1109, 0x1161, 0x11BB, 0x1109, 0x1161, 0x11BC, 0x1109, 0x1161,
    0x11BD, 0x1109, 0x1161, 0x11BE, 0x1109, 0x1161, 0x11BF, 0x1109, 0x1161, 0x11C0, 0x1109, 0x1161,
    0x11C1, 0x1109, 0x1161, 0x11C2, 0x1109, 0x1162, 0x1109, 0x1162, 0x11A8, 0x1109, 0x1162, 0x11A9,
    0x1109, 0x1162, 0x11AA, 0x1109, 0x1162, 0x11AB, 0x1109, 0x1162, 0x11AC, 0x1109, 0x1162, 0x11AD,
    0x1109, 0x1162, 0x11AE, 0x1109, 0x1162, 0x11AF, 0x1109, 0x1162, 0x11B0, 0x1109, 0x1162, 0x11B1,
    0x1109, 0x1162, 0x11B2, 0x1109, 0x1162, 0x11B3, 0x1109, 0x1162, 0x11B4, 0x1109, 0x1162, 0x11B5,
    0x1109, 0x1162, 0x11B6, 0x1109, 0x1162, 0x11B7, 0x1109, 0x1162, 0x11B8, 0x1109, 0x1162, 0x11B9,
    0x1109, 0x1162, 0x11BA, 0x1109, 0x1162, 0x11BB, 0x1109, 0x1162, 0x11BC, 0x1109, 0x1162, 0x11BD,
    0x1109, 0x1162, 0x11BE, 0x1109, 0x1162, 0x11BF, 0x1109, 0x1162, 0x11C0, 0x1109, 0x1162, 0x11C1,
    0x1109, 0x1162, 0x11C2, 0x1109, 0x1163, 0x1109, 0x1163, 0x11A8, 0x1109, 0x1163, 0x11A9, 0x1109,
    0x1163, 0x11AA, 0x1109, 0x1163, 0x11AB, 0x1109, 0x1163, 0x11AC, 0x1109, 0x1163, 0x11AD, 0x1109,
    0x1163, 0x11AE, 0x1109, 0x1163, 0x11AF, 0x1109, 0x1163, 0x11B0, 0x1109, 0x1163, 0x11B1, 0x1109,
    0x1163, 0x11B2, 0x1109, 0x1163, 0x11B3, 0x1109, 0x1163, 0x11B4, 0x1109, 0x1163, 0x11B5, 0x1109,
    0x1163, 0x11B6, 0x1109, 0x1163, 0x11B7, 0x1109, 0x1163, 0x11B8, 0x1109, 0x1163, 0x11B9, 0x1109,
    0x1163, 0x11BA, 0x1109, 0x1163, 0x11BB, 0x1109, 0x1163, 0x11BC, 0x1109, 0x1163, 0x11BD, 0x1109,
    0x1163, 0x11BE, 0x1109, 0x1163, 0x11BF, 0x1109, 0x1163, 0x11C0, 0x1109, 0x1163, 0x11C1, 0x1109,
    0x1163, 0x11C2, 0x1109, 0x1164, 0x1109, 0x1164, 0x11A8, 0x1109, 0x1164, 0x11A9, 0x1109, 0x1164,
    0x11AA, 0x1109, 0x1164, 0x11AB, 0x1109, 0x1164, 0x11AC, 0x1109, 0x1164, 0x11AD, 0x1109, 0x1164,
    0x11AE, 0x1109, 0x1164, 0x11AF, 0x1109, 0x1164, 0x11B0, 0x1109, 0x1164, 0x11B1, 0x1109, 0x1164,
    0x11B2, 0x1109, 0x1164, 0x11B3, 0x1109, 0x1164, 0x11B4, 0x1109, 0x1164, 0x11B5, 0x1109, 0x1164,
    0x11B6, 0x1109, 0x1164, 0x11B7, 0x1109, 0x1164, 0x11B8, 0x1109, 0x1164, 0x11B9, 0x1109, 0x1164,
    0x11BA, 0x1109, 0x1164, 0x11BB, 0x1109, 0x1164, 0x11BC, 0x1109, 0x1164, 0x11BD, 0x1109, 0x1164,
    0x11BE, 0x1109, 0x1164, 0x11BF, 0x1109, 0x1164, 0x11C0, 0x1109, 0x1164, 0x11C1, 0x1109, 0x1164,
    0x11C2, 0x1109, 0x1165, 0x1109, 0x1165, 0x11A8, 0x1109, 0x1165, 0x11A9, 0x1109, 0x1165, 0x11AA,
    0x1109, 0x1165, 0x11AB, 0x1109, 0x1165, 0x11AC, 0x1109, 0x1165, 0x11AD, 0x1109, 0x1165, 0x11AE,
    0x1109, 0x1165, 0x11AF, 0x1109, 0x1165, 0x11B0, 0x1109, 0x1165, 0x11B1, 0x1109, 0x1165, 0x11B2,
    0x1109, 0x1165, 0x11B3, 0x1109, 0x1165, 0x11B4, 0x1109, 0x1165, 0x11B5, 0x1109, 0x1165, 0x11B6,
    0x1109, 0x1165, 0x11B7, 0x1109, 0x1165, 0x11B8, 0x1109, 0x1165, 0x11B9, 0x1109, 0x1165, 0x11BA,
    0x1109, 0x1165, 0x11BB, 0x1109, 0x1165, 0x11BC, 0x1109, 0x1165, 0x11BD, 0x1109, 0x1165, 0x11BE,
    0x1109, 0x1165, 0x11BF, 0x1109, 0x1165, 0x11C0, 0x1109, 0x1165, 0x11C1, 0x1109, 0x1165, 0x11C2,
    0x1109, 0x1166, 0x1109, 0x1166, 0x11A8, 0x1109, 0x1166, 0x11A9, 0x1109, 0x1166, 0x11AA, 0x1109,
    0x1166, 0x11AB, 0x1109, 0x1166, 0x11AC, 0x1109, 0x1166, 0x11AD, 0x1109, 0x1166, 0x11AE, 0x1109,
    0x1166, 0x11AF, 0x1109, 0x1166, 0x11B0, 0x1109, 0x1166, 0x11B1, 0x1109, 0x1166, 0x11B2, 0x1109,
    0x1166, 0x11B3, 0x1109, 0x1166, 0x11B4, 0x1109, 0x1166, 0x11B5, 0x1109, 0x1166, 0x11B6, 0x1109,
    0x1166, 0x11B7, 0x1109, 0x1166, 0x11B8, 0x1109, 0x1166, 0x11B9, 0x1109, 0x1166, 0x11BA, 0x1109,
    0x1166, 0x11BB, 0x1109, 0x1166, 0x11BC, 0x1109, 0x1166, 0x11BD, 0x1109, 0x1166, 0x11BE, 0x1109,
    0x1166, 0x11BF, 0x1109, 0x1166, 0x11C0, 0x1109, 0x1166, 0x11C1, 0x1109, 0x1166, 0x11C2, 0x1109,
    0x1167, 0x1109, 0x1167, 0x11A8, 0x1109, 0x1167, 0x11A9, 0x1109, 0x1167, 0x11AA, 0x1109, 0x1167,
    0x11AB, 0x1109, 0x1167, 0x11AC, 0x1109, 0x1167, 0x11AD, 0x1109, 0x1167, 0x11AE, 0x1109, 0x1167,
    0x11AF, 0x1109, 0x1167, 0x11B0, 0x1109, 0x1167, 0x11B1, 0x1109, 0x1167, 0x11B2, 0x1109, 0x1167,
    0x11B3, 0x1109, 0x1167, 0x11B4, 0x1109, 0x1167, 0x11B5, 0x1109, 0x1167, 0x11B6, 0x1109, 0x1167,
    0x11B7, 0x1109, 0x1167, 0x11B8, 0x1109, 0x1167, 0x11B9, 0x1109, 0x1167, 0x11BA, 0x1109, 0x1167,
    0x11BB, 0x1109, 0x1167, 0x11BC, 0x1109, 0x1167, 0x11BD, 0x1109, 0x1167, 0x11BE, 0x1109, 0x1167,
    0x11BF, 0x1109, 0x1167, 0x11C0, 0x1109, 0x1167, 0x11C1, 0x1109, 0x1167, 0x11C2, 0x1109, 0x1168,
    0x1109, 0x1168, 0x11A8, 0x1109, 0x1168, 0x11A9, 0x1109, 0x1168, 0x11AA, 0x1109, 0x1168, 0x11AB,
    0x1109, 0x1168, 0x11AC, 0x1109, 0x1168, 0x11AD, 0x1109, 0x1168, 0x11AE, 0x1109, 0x1168, 0x11AF,
    0x1109, 0x1168, 0x11B0, 0x1109, 0x1168, 0x11B1, 0x1109, 0x1168, 0x11B2, 0x1109, 0x1168, 0x11B3,
    0x1109, 0x1168, 0x11B4, 0x1109, 0x1168, 0x11B5, 0x1109, 0x1168, 0x11B6, 0x1109, 0x1168, 0x11B7,
    0x1109, 0x1168, 0x11B8, 0x1109, 0x1168, 0x11B9, 0x1109, 0x1168, 0x11BA, 0x1109, 0x1168, 0x11BB,
    0x1109, 0x1168, 0x11BC, 0x1109, 0x1168, 0x11BD, 0x1109, 0x1168, 0x11BE, 0x1109, 0x1168, 0x11BF,
    0x1109, 0x1168, 0x11C0, 0x1109, 0x1168, 0x11C1, 0x1109, 0x1168, 0x11C2, 0x1109, 0x1169, 0x1109,
    0x1169, 0x11A8, 0x1109, 0x1169, 0x11A9, 0x1109, 0x1169, 0x11AA, 0x1109, 0x1169, 0x11AB, 0x1109,
    0x1169, 0x11AC, 0x1109, 0x1169, 0x11AD, 0x1109, 0x1169, 0x11AE, 0x1109, 0x1169, 0x11AF, 0x1109,
    0x1169, 0x11B0, 0x1109, 0x1169, 0x11B1, 0x1109, 0x1169, 0x11B2, 0x1109, 0x1169, 0x11B3, 0x1109,
    0x1169, 0x11B4, 0x1109, 0x1169, 0x11B5, 0x1109, 0x1169, 0x11B6, 0x1109, 0x1169, 0x11B7, 0x1109,
    0x1169, 0x11B8, 0x1109, 0x1169, 0x11B9, 0x1109, 0x1169, 0x11BA, 0x1109, 0x1169, 0x11BB, 0x1109,
    0x1169, 0x11BC, 0x1109, 0x1169, 0x11BD, 0x1109, 0x1169, 0x11BE, 0x1109, 0x1169, 0x11BF, 0x1109,
    0x1169, 0x11C0, 0x1109, 0x1169, 0x11C1, 0x1109, 0x1169, 0x11C2, 0x1109, 0x116A, 0x1109, 0x116A,
    0x11A8, 0x1109, 0x116A, 0x11A9, 0x1109, 0x116A, 0x11AA, 0x1109, 0x116A, 0x11AB, 0x1109, 0x116A,
    0x11AC, 0x1109, 0x116A, 0x11AD, 0x1109, 0x116A, 0x11AE, 0x1109, 0x116A, 0x11AF, 0x1109, 0x116A,
    0x11B0, 0x1109, 0x116A, 0x11B1, 0x1109, 0x116A, 0x11B2, 0x1109, 0x116A, 0x11B3, 0x1109, 0x116A,
    0x11B4, 0x1109, 0x116A, 0x11B5, 0x1109, 0x116A, 0x11B6, 0x1109, 0x116A, 0x11B7, 0x1109, 0x116A,
    0x11B8, 0x1109, 0x116A, 0x11B9, 0x1109, 0x116A, 0x11BA, 0x1109, 0x116A, 0x11BB, 0x1109, 0x116A,
    0x11BC, 0x1109, 0x116A, 0x11BD, 0x1109, 0x116A, 0x11BE, 0x1109, 0x116A, 0x11BF, 0x1109, 0x116A,
    0x11C0, 0x1109, 0x116A, 0x11C1, 0x1109, 0x116A, 0x11C2, 0x1109, 0x116B, 0x1109, 0x116B, 0x11A8,
    0x1109, 0x116B, 0x11A9, 0x1109, 0x116B, 0x11AA, 0x1109, 0x116B, 0x11AB, 0x1109, 0x116B, 0x11AC,
    0x1109, 0x116B, 0x11AD, 0x1109, 0x116B, 0x11AE, 0x1109, 0x116B, 0x11AF, 0x1109, 0x116B, 0x11B0,
    0x1109, 0x116B, 0x11B1, 0x1109, 0x116B, 0x11B2, 0x1109, 0x116B, 0x11B3, 0x1109, 0x116B, 0x11B4,
    0x1109, 0x116B, 0x11B5, 0x1109, 0x116B, 0x11B6, 0x1109, 0x116B, 0x11B7, 0x1109, 0x116B, 0x11B8,
    0x1109, 0x116B, 0x11B9, 0x1109, 0x116B, 0x11BA, 0x1109, 0x116B, 0x11BB, 0x1109, 0x116B, 0x11BC,
    0x1109, 0x116B, 0x11BD, 0x1109, 0x116B, 0x11BE, 0x1109, 0x116B, 0x11BF, 0x1109, 0x116B, 0x11C0,
    0x1109, 0x116B, 0x11C1, 0x1109, 0x116B, 0x11C2, 0x1109, 0x116C, 0x1109, 0x116C, 0x11A8, 0x1109,
    0x116C, 0x11A9, 0x1109, 0x116C, 0x11AA, 0x1109, 0x116C, 0x11AB, 0x1109, 0x116C, 0x11AC, 0x1109,
    0x116C, 0x11AD, 0x1109, 0x116C, 0x11AE, 0x1109, 0x116C, 0x11AF, 0x1109, 0x116C, 0x11B0, 0x1109,
    0x116C, 0x11B1, 0x1109, 0x116C, 0x11B2, 0x1109, 0x116C, 0x11B3, 0x1109, 0x116C, 0x11B4, 0x1109,
    0x116C, 0x11B5, 0x1109, 0x116C, 0x11B6, 0x1109, 0x116C, 0x11B7, 0x1109, 0x116C, 0x11B8, 0x1109,
    0x116C, 0x11B9, 0x1109, 0x116C, 0x11BA, 0x1109, 0x116C, 0x11BB, 0x1109, 0x116C, 0x11BC, 0x1109,
    0x116C, 0x11BD, 0x1109, 0x116C, 0x11BE, 0x1109, 0x116C, 0x11BF, 0x1109, 0x116C, 0x11C0, 0x1109,
    0x116C, 0x11C1, 0x1109, 0x116C, 0x11C2, 0x1109, 0x116D, 0x1109, 0x116D, 0x11A8, 0x1109, 0x116D,
    0x11A9, 0x1109, 0x116D, 0x11AA, 0x1109, 0x116D, 0x11AB, 0x1109, 0x116D, 0x11AC, 0x1109, 0x116D,
    0x11AD, 0x1109, 0x116D, 0x11AE, 0x1109, 0x116D, 0x11AF, 0x1109, 0x116D, 0x11B0, 0x1109, 0x116D,
    0x11B1, 0x1109, 0x116D, 0x11B2, 0x1109, 0x116D, 0x11B3, 0x1109, 0x116D, 0x11B4, 0x1109, 0x116D,
    0x11B5, 0x1109, 0x116D, 0x11B6, 0x1109, 0x116D, 0x11B7, 0x1109, 0x116D, 0x11B8, 0x1109, 0x116D,
    0x11B9, 0x1109, 0x116D, 0x11BA, 0x1109, 0x116D, 0x11BB, 0x1109, 0x116D, 0x11BC, 0x1109, 0x116D,
    0x11BD, 0x1109, 0x116D, 0x11BE, 0x1109, 0x116D, 0x11BF, 0x1109, 0x116D, 0x11C0, 0x1109, 0x116D,
    0x11C1, 0x1109, 0x116D, 0x11C2, 0x1109, 0x116E, 0x1109, 0x116E, 0x11A8, 0x1109, 0x116E, 0x11A9,
    0x1109, 0x116E, 0x11AA, 0x1109, 0x116E, 0x11AB, 0x1109, 0x116E, 0x11AC, 0x1109, 0x116E, 0x11AD,
    0x1109, 0x116E, 0x11AE, 0x1109, 0x116E, 0x11AF, 0x1109, 0x116E, 0x11B0, 0x1109, 0x116E, 0x11B1,
    0x1109, 0x116E, 0x11B2, 0x1109, 0x116E, 0x11B3, 0x1109, 0x116E, 0x11B4, 0x1109, 0x116E, 0x11B5,
    0x1109, 0x116E, 0x11B6, 0x1109, 0x116E, 0x11B7, 0x1109, 0x116E, 0x11B8, 0x1109, 0x116E, 0x11B9,
    0x1109, 0x116E, 0x11BA, 0x1109, 0x116E, 0x11BB, 0x1109, 0x116E, 0x11BC, 0x1109, 0x116E, 0x11BD,
    0x1109, 0x116E, 0x11BE, 0x1109, 0x116E, 0x11BF, 0x1109, 0x116E, 0x11C0, 0x1109, 0x116E, 0x11C1,
    0x1109, 0x116E, 0x11C2, 0x1109, 0x116F, 0x1109, 0x116F, 0x11A8, 0x1109, 0x116F, 0x11A9, 0x1109,
    0x116F, 0x11AA, 0x1109, 0x116F, 0x11AB, 0x1109, 0x116F, 0x11AC, 0x1109, 0x116F, 0x11AD, 0x1109,
    0x116F, 0x11AE, 0x1109, 0x116F, 0x11AF, 0x1109, 0x116F, 0x11B0, 0x1109, 0x116F, 0x11B1, 0x1109,
    0x116F, 0x11B2, 0x1109, 0x116F, 0x11B3, 0x1109, 0x116F, 0x11B4, 0x1109, 0x116F, 0x11B5, 0x1109,
    0x116F, 0x11B6, 0x1109, 0x116F, 0x11B7, 0x1109, 0x116F, 0x11B8, 0x1109, 0x116F, 0x11B9, 0x1109,
    0x116F, 0x11BA, 0x1109, 0x116F, 0x11BB, 0x1109, 0x116F, 0x11BC, 0x1109, 0x116F, 0x11BD, 0x1109,
    0x116F, 0x11BE, 0x1109, 0x116F, 0x11BF, 0x1109, 0x116F, 0x11C0, 0x1109, 0x116F, 0x11C1, 0x1109,
    0x116F, 0x11C2, 0x1109, 0x1170, 0x1109, 0x1170, 0x11A8, 0x1109, 0x1170, 0x11A9, 0x1109, 0x1170,
    0x11AA, 0x1109, 0x1170, 0x11AB, 0x1109, 0x1170, 0x11AC, 0x1109, 0x1170, 0x11AD, 0x1109, 0x1170,
    0x11AE, 0x1109, 0x1170, 0x11AF, 0x1109, 0x1170, 0x11B0, 0x1109, 0x1170, 0x11B1, 0x1109, 0x1170,
    0x11B2, 0x1109, 0x1170, 0x11B3, 0x1109, 0x1170, 0x11B4, 0x1109, 0x1170, 0x11B5, 0x1109, 0x1170,
    0x11B6, 0x1109, 0x1170, 0x11B7, 0x1109, 0x1170, 0x11B8, 0x1109, 0x1170, 0x11B9, 0x1109, 0x1170,
    0x11BA, 0x1109, 0x1170, 0x11BB, 0x1109, 0x1170, 0x11BC, 0x1109, 0x1170, 0x11BD, 0x1109, 0x1170,
    0x11BE, 0x1109, 0x1170, 0x11BF, 0x1109, 0x1170, 0x11C0, 0x1109, 0x1170, 0x11C1, 0x1109, 0x1170,
    0x11C2, 0x1109, 0x1171, 0x1109, 0x1171, 0x11A8, 0x1109, 0x1171, 0x11A9, 0x1109, 0x1171, 0x11AA,
    0x1109, 0x1171, 0x11AB, 0x1109, 0x1171, 0x11AC, 0x1109, 0x1171, 0x11AD, 0x1109, 0x1171, 0x11AE,
    0x1109, 0x1171, 0x11AF, 0x1109, 0x1171, 0x11B0, 0x1109, 0x1171, 0x11B1, 0x1109, 0x1171, 0x11B2,
    0x1109, 0x1171, 0x11B3, 0x1109, 0x1171, 0x11B4, 0x1109, 0x1171, 0x11B5, 0x1109, 0x1171, 0x11B6,
    0x1109, 0x1171, 0x11B7, 0x1109, 0x1171, 0x11B8, 0x1109, 0x1171, 0x11B9, 0x1109, 0x1171, 0x11BA,
    0x1109, 0x1171, 0x11BB, 0x1109, 0x1171, 0x11BC, 0x1109, 0x1171, 0x11BD, 0x1109, 0x1171, 0x11BE,
    0x1109, 0x1171, 0x11BF, 0x1109, 0x1171, 0x11C0, 0x1109, 0x1171, 0x11C1, 0x1109, 0x1171, 0x11C2,
    0x1109, 0x1172, 0x1109, 0x1172, 0x11A8, 0x1109, 0x1172, 0x11A9, 0x1109, 0x1172, 0x11AA, 0x1109,
    0x1172, 0x11AB, 0x1109, 0x1172, 0x11AC, 0x1109, 0x1172, 0x11AD, 0x1109, 0x1172, 0x11AE, 0x1109,
    0x1172, 0x11AF, 0x1109, 0x1172, 0x11B0, 0x1109, 0x1172, 0x11B1, 0x1109, 0x1172, 0x11B2, 0x1109,
    0x1172, 0x11B3, 0x1109, 0x1172, 0x11B4, 0x1109, 0x1172, 0x11B5, 0x1109, 0x1172, 0x11B6, 0x1109,
    0x1172, 0x11B7, 0x1109, 0x1172, 0x11B8, 0x1109, 0x1172, 0x11B9, 0x1109, 0x1172, 0x11BA, 0x1109,
    0x1172, 0x11BB, 0x1109, 0x1172, 0x11BC, 0x1109, 0x1172, 0x11BD, 0x1109, 0x1172, 0x11BE, 0x1109,
    0x1172, 0x11BF, 0x1109, 0x1172, 0x11C0, 0x1109, 0x1172, 0x11C1, 0x1109, 0x1172, 0x11C2, 0x1109,
    0x1173, 0x1109, 0x1173, 0x11A8, 0x1109, 0x1173, 0x11A9, 0x1109, 0x1173, 0x11AA, 0x1109, 0x1173,
    0x11AB, 0x1109, 0x1173, 0x11AC, 0x1109, 0x1173, 0x11AD, 0x1109, 0x1173, 0x11AE, 0x1109, 0x1173,
    0x11AF, 0x1109, 0x1173, 0x11B0, 0x1109, 0x1173, 0x11B1, 0x1109, 0x1173, 0x11B2, 0x1109, 0x1173,
    0x11B3, 0x1109, 0x1173, 0x11B4, 0x1109, 0x1173, 0x11B5, 0x1109, 0x1173, 0x11B6, 0x1109, 0x1173,
    0x11B7, 0x1109, 0x1173, 0x11B8, 0x1109, 0x1173, 0x11B9, 0x1109, 0x1173, 0x11BA, 0x1109, 0x1173,
    0x11BB, 0x1109, 0x1173, 0x11BC, 0x1109, 0x1173, 0x11BD, 0x1109, 0x1173, 0x11BE, 0x1109, 0x1173,
    0x11BF, 0x1109, 0x1173, 0x11C0, 0x1109, 0x1173, 0x11C1, 0x1109, 0x1173, 0x11C2, 0x1109, 0x1174,
    0x1109, 0x1174, 0x11A8, 0x1109, 0x1174, 0x11A9, 0x1109, 0x1174, 0x11AA, 0x1109, 0x1174, 0x11AB,
    0x1109, 0x1174, 0x11AC, 0x1109, 0x1174, 0x11AD, 0x1109, 0x1174, 0x11AE, 0x1109, 0x1174, 0x11AF,
    0x1109, 0x1174, 0x11B0, 0x1109, 0x1174, 0x11B1, 0x1109, 0x1174, 0x11B2, 0x1109, 0x1174, 0x11B3,
    0x1109, 0x1174, 0x11B4, 0x1109, 0x1174, 0x11B5, 0x1109, 0x1174, 0x11B6, 0x1109, 0x1174, 0x11B7,
    0x1109, 0x1174, 0x11B8, 0x1109, 0x1174, 0x11B9, 0x1109, 0x1174, 0x11BA, 0x1109, 0x1174, 0x11BB,
    0x1109, 0x1174, 0x11BC, 0x1109, 0x1174, 0x11BD, 0x1109, 0x1174, 0x11BE, 0x1109, 0x1174, 0x11BF,
    0x1109, 0x1174, 0x11C0, 0x1109, 0x1174, 0x11C1, 0x1109, 0x1174, 0x11C2, 0x1109, 0x1175, 0x1109,
    0x1175, 0x11A8, 0x1109, 0x1175, 0x11A9, 0x1109, 0x1175, 0x11AA, 0x1109, 0x1175, 0x11AB, 0x1109,
    0x1175, 0x11AC, 0x1109, 0x1175, 0x11AD, 0x1109, 0x1175, 0x11AE, 0x1109, 0x1175, 0x11AF, 0x1109,
    0x1175, 0x11B0, 0x1109, 0x1175, 0x11B1, 0x1109, 0x1175, 0x11B2, 0x1109, 0x1175, 0x11B3, 0x1109,
    0x1175, 0x11B4, 0x1109, 0x1175, 0x11B5, 0x1109, 0x1175, 0x11B6, 0x1109, 0x1175, 0x11B7, 0x1109,
    0x1175, 0x11B8, 0x1109, 0x1175, 0x11B9, 0x1109, 0x1175, 0x11BA, 0x1109, 0x1175, 0x11BB, 0x1109,
    0x1175, 0x11BC, 0x1109, 0x1175, 0x11BD, 0x1109, 0x1175, 0x11BE, 0x1109, 0x1175, 0x11BF, 0x1109,
    0x1175, 0x11C0, 0x1109, 0x1175, 0x11C1, 0x1109, 0x1175, 0x11C2, 0x110A, 0x1161, 0x110A, 0x1161,
    0x11A8, 0x110A, 0x1161, 0x11A9, 0x110A, 0x1161, 0x11AA, 0x110A, 0x1161, 0x11AB, 0x110A, 0x1161,
    0x11AC, 0x110A, 0x1161, 0x11AD, 0x110A, 0x1161, 0x11AE, 0x110A, 0x1161, 0x11AF, 0x110A, 0x1161,
    0x11B0, 0x110A, 0x1161, 0x11B1, 0x110A, 0x1161, 0x11B2, 0x110A, 0x1161, 0x11B3, 0x110A, 0x1161,
    0x11B4, 0x110A, 0x1161, 0x11B5, 0x110A, 0x1161, 0x11B6, 0x110A, 0x1161, 0x11B7, 0x110A, 0x1161,
    0x11B8, 0x110A, 0x1161, 0x11B9, 0x110A, 0x1161, 0x11BA, 0x110A, 0x1161, 0x11BB, 0x110A, 0x1161,
    0x11BC, 0x110A, 0x1161, 0x11BD, 0x110A, 0x1161, 0x11BE, 0x110A, 0x1161, 0x11BF, 0x110A, 0x1161,
    0x11C0, 0x110A, 0x1161, 0x11C1, 0x110A, 0x1161, 0x11C2, 0x110A, 0x1162, 0x110A, 0x1162, 0x11A8,
    0x110A, 0x1162, 0x11A9, 0x110A, 0x1162, 0x11AA, 0x110A, 0x1162, 0x11AB, 0x110A, 0x1162, 0x11AC,
    0x110A, 0x1162, 0x11AD, 0x110A, 0x1162, 0x11AE, 0x110A, 0x1162, 0x11AF, 0x110A, 0x1162, 0x11B0,
    0x110A, 0x1162, 0x11B1, 0x110A, 0x1162, 0x11B2, 0x110A, 0x1162, 0x11B3, 0x110A, 0x1162, 0x11B4,
    0x110A, 0x1162, 0x11B5, 0x110A, 0x1162, 0x11B6, 0x110A, 0x1162, 0x11B7, 0x110A, 0x1162, 0x11B8,
    0x110A, 0x1162, 0x11B9, 0x110A, 0x1162, 0x11BA, 0x110A, 0x1162, 0x11BB, 0x110A, 0x1162, 0x11BC,
    0x110A, 0x1162, 0x11BD, 0x110A, 0x1162, 0x11BE, 0x110A, 0x1162, 0x11BF, 0x110A, 0x1162, 0x11C0,
    0x110A, 0x1162, 0x11C1, 0x110A, 0x1162, 0x11C2, 0x110A, 0x1163, 0x110A, 0x1163, 0x11A8, 0x110A,
    0x1163, 0x11A9, 0x110A, 0x1163, 0x11AA, 0x110A, 0x1163, 0x11AB, 0x110A, 0x1163, 0x11AC, 0x110A,
    0x1163, 0x11AD, 0x110A, 0x1163, 0x11AE, 0x110A, 0x1163, 0x11AF, 0x110A, 0x1163, 0x11B0, 0x110A,
    0x1163, 0x11B1, 0x110A, 0x1163, 0x11B2, 0x110A, 0x1163, 0x11B3, 0x110A, 0x1163, 0x11B4, 0x110A,
    0x1163, 0x11B5, 0x110A, 0x1163, 0x11B6, 0x110A, 0x1163, 0x11B7, 0x110A, 0x1163, 0x11B8, 0x110A,
    0x1163, 0x11B9, 0x110A, 0x1163, 0x11BA, 0x110A, 0x1163, 0x11BB, 0x110A, 0x1163, 0x11BC, 0x110A,
    0x1163, 0x11BD, 0x110A, 0x1163, 0x11BE, 0x110A, 0x1163, 0x11BF, 0x110A, 0x1163, 0x11C0, 0x110A,
    0x1163, 0x11C1, 0x110A, 0x1163, 0x11C2, 0x110A, 0x1164, 0x110A, 0x1164, 0x11A8, 0x110A, 0x1164,
    0x11A9, 0x110A, 0x1164, 0x11AA, 0x110A, 0x1164, 0x11AB, 0x110A, 0x1164, 0x11AC, 0x110A, 0x1164,
    0x11AD, 0x110A, 0x1164, 0x11AE, 0x110A, 0x1164, 0x11AF, 0x110A, 0x1164, 0x11B0, 0x110A, 0x1164,
    0x11B1, 0x110A, 0x1164, 0x11B2, 0x110A, 0x1164, 0x11B3, 0x110A, 0x1164, 0x11B4, 0x110A, 0x1164,
    0x11B5, 0x110A, 0x1164, 0x11B6, 0x110A, 0x1164, 0x11B7, 0x110A, 0x1164, 0x11B8, 0x110A, 0x1164,
    0x11B9, 0x110A, 0x1164, 0x11BA, 0x110A, 0x1164, 0x11BB, 0x110A, 0x1164, 0x11BC, 0x110A, 0x1164,
    0x11BD, 0x110A, 0x1164, 0x11BE, 0x110A, 0x1164, 0x11BF, 0x110A, 0x1164, 0x11C0, 0x110A, 0x1164,
    0x11C1, 0x110A, 0x1164, 0x11C2, 0x110A, 0x1165, 0x110A, 0x1165, 0x11A8, 0x110A, 0x1165, 0x11A9,
    0x110A, 0x1165, 0x11AA, 0x110A, 0x1165, 0x11AB, 0x110A, 0x1165, 0x11AC, 0x110A, 0x1165, 0x11AD,
    0x110A, 0x1165, 0x11AE, 0x110A, 0x1165, 0x11AF, 0x110A, 0x1165, 0x11B0, 0x110A, 0x1165, 0x11B1,
    0x110A, 0x1165, 0x11B2, 0x110A, 0x1165, 0x11B3, 0x110A, 0x1165, 0x11B4, 0x110A, 0x1165, 0x11B5,
    0x110A, 0x1165, 0x11B6, 0x110A, 0x1165, 0x11B7, 0x110A, 0x1165, 0x11B8, 0x110A, 0x1165, 0x11B9,
    0x110A, 0x1165, 0x11BA, 0x110A, 0x1165, 0x11BB, 0x110A, 0x1165, 0x11BC, 0x110A, 0x1165, 0x11BD,
    0x110A, 0x1165, 0x11BE, 0x110A, 0x1165, 0x11BF, 0x110A, 0x1165, 0x11C0, 0x110A, 0x1165, 0x11C1,
    0x110A, 0x1165, 0x11C2, 0x110A, 0x1166, 0x110A, 0x1166, 0x11A8, 0x110A, 0x1166, 0x11A9, 0x110A,
    0x1166, 0x11AA, 0x110A, 0x1166, 0x11AB, 0x110A, 0x1166, 0x11AC, 0x110A, 0x1166, 0x11AD, 0x110A,
    0x1166, 0x11AE, 0x110A, 0x1166, 0x11AF, 0x110A, 0x1166, 0x11B0, 0x110A, 0x1166, 0x11B1, 0x110A,
    0x1166, 0x11B2, 0x110A, 0x1166, 0x11B3, 0x110A, 0x1166, 0x11B4, 0x110A, 0x1166, 0x11B5, 0x110A,
    0x1166, 0x11B6, 0x110A, 0x1166, 0x11B7, 0x110A, 0x1166, 0x11B8, 0x110A, 0x1166, 0x11B9, 0x110A,
    0x1166, 0x11BA, 0x110A, 0x1166, 0x11BB, 0x110A, 0x1166, 0x11BC, 0x110A, 0x1166, 0x11BD, 0x110A,
    0x1166, 0x11BE, 0x110A, 0x1166, 0x11BF, 0x110A, 0x1166, 0x11C0, 0x110A, 0x1166, 0x11C1, 0x110A,
    0x1166, 0x11C2, 0x110A, 0x1167, 0x110A, 0x1167, 0x11A8, 0x110A, 0x1167, 0x11A9, 0x110A, 0x1167,
    0x11AA, 0x110A, 0x1167, 0x11AB, 0x110A, 0x1167, 0x11AC, 0x110A, 0x1167, 0x11AD, 0x110A, 0x1167,
    0x11AE, 0x110A, 0x1167, 0x11AF, 0x110A, 0x1167, 0x11B0, 0x110A, 0x1167, 0x11B1, 0x110A, 0x1167,
    0x11B2, 0x110A, 0x1167, 0x11B3, 0x110A, 0x1167, 0x11B4, 0x110A, 0x1167, 0x11B5, 0x110A, 0x1167,
    0x11B6, 0x110A, 0x1167, 0x11B7, 0x110A, 0x1167, 0x11B8, 0x110A, 0x1167, 0x11B9, 0x110A, 0x1167,
    0x11BA, 0x110A, 0x1167, 0x11BB, 0x110A, 0x1167, 0x11BC, 0x110A, 0x1167, 0x11BD, 0x110A, 0x1167,
    0x11BE, 0x110A, 0x1167, 0x11BF, 0x110A, 0x1167, 0x11C0, 0x110A, 0x1167, 0x11C1, 0x110A, 0x1167,
    0x11C2, 0x110A, 0x1168, 0x110A, 0x1168, 0x11A8, 0x110A, 0x1168, 0x11A9, 0x110A, 0x1168, 0x11AA,
    0x110A, 0x1168, 0x11AB, 0x110A, 0x1168, 0x11AC, 0x110A, 0x1168, 0x11AD, 0x110A, 0x1168, 0x11AE,
    0x110A, 0x1168, 0x11AF, 0x110A, 0x1168, 0x11B0, 0x110A, 0x1168, 0x11B1, 0x110A, 0x1168, 0x11B2,
    0x110A, 0x1168, 0x11B3, 0x110A, 0x1168, 0x11B4, 0x110A, 0x1168, 0x11B5, 0x110A, 0x1168, 0x11B6,
    0x110A, 0x1168, 0x11B7, 0x110A, 0x1168, 0x11B8, 0x110A, 0x1168, 0x11B9, 0x110A, 0x1168, 0x11BA,
    0x110A, 0x1168, 0x11BB, 0x110A, 0x1168, 0x11BC, 0x110A, 0x1168, 0x11BD, 0x110A, 0x1168, 0x11BE,
    0x110A, 0x1168, 0x11BF, 0x110A, 0x1168, 0x11C0, 0x110A, 0x1168, 0x11C1, 0x110A, 0x1168, 0x11C2,
    0x110A, 0x1169, 0x110A, 0x1169, 0x11A8, 0x110A, 0x1169, 0x11A9, 0x110A, 0x1169, 0x11AA, 0x110A,
    0x1169, 0x11AB, 0x110A, 0x1169, 0x11AC, 0x110A, 0x1169, 0x11AD, 0x110A, 0x1169, 0x11AE, 0x110A,
    0x1169, 0x11AF, 0x110A, 0x1169, 0x11B0, 0x110A, 0x1169, 0x11B1, 0x110A, 0x1169, 0x11B2, 0x110A,
    0x1169, 0x11B3, 0x110A, 0x1169, 0x11B4, 0x110A, 0x1169, 0x11B5, 0x110A, 0x1169, 0x11B6, 0x110A,
    0x1169, 0x11B7, 0x110A, 0x1169, 0x11B8, 0x110A, 0x1169, 0x11B9, 0x110A, 0x1169, 0x11BA, 0x110A,
    0x1169, 0x11BB, 0x110A, 0x1169, 0x11BC, 0x110A, 0x1169, 0x11BD, 0x110A, 0x1169, 0x11BE, 0x110A,
    0x1169, 0x11BF, 0x110A, 0x1169, 0x11C0, 0x110A, 0x1169, 0x11C1, 0x110A, 0x1169, 0x11C2, 0x110A,
    0x116A, 0x110A, 0x116A, 0x11A8, 0x110A, 0x116A, 0x11A9, 0x110A, 0x116A, 0x11AA, 0x110A, 0x116A,
    0x11AB, 0x110A, 0x116A, 0x11AC, 0x110A, 0x116A, 0x11AD, 0x110A, 0x116A, 0x11AE, 0x110A, 0x116A,
    0x11AF, 0x110A, 0x116A, 0x11B0, 0x110A, 0x116A, 0x11B1, 0x110A, 0x116A, 0x11B2, 0x110A, 0x116A,
    0x11B3, 0x110A, 0x116A, 0x11B4, 0x110A, 0x116A, 0x11B5, 0x110A, 0x116A, 0x11B6, 0x110A, 0x116A,
    0x11B7, 0x110A, 0x116A, 0x11B8, 0x110A, 0x116A, 0x11B9, 0x110A, 0x116A, 0x11BA, 0x110A, 0x116A,
    0x11BB, 0x110A, 0x116A, 0x11BC, 0x110A, 0x116A, 0x11BD, 0x110A, 0x116A, 0x11BE, 0x110A, 0x116A,
    0x11BF, 0x110A, 0x116A, 0x11C0, 0x110A, 0x116A, 0x11C1, 0x110A, 0x116A, 0x11C2, 0x110A, 0x116B,
    0x110A, 0x116B, 0x11A8, 0x110A, 0x116B, 0x11A9, 0x110A, 0x116B, 0x11AA, 0x110A, 0x116B, 0x11AB,
    0x110A, 0x116B, 0x11AC, 0x110A, 0x116B, 0x11AD, 0x110A, 0x116B, 0x11AE, 0x110A, 0x116B, 0x11AF,
    0x110A, 0x116B, 0x11B0, 0x110A, 0x116B, 0x11B1, 0x110A, 0x116B, 0x11B2, 0x110A, 0x116B, 0x11B3,
    0x110A, 0x116B, 0x11B4, 0x110A, 0x116B, 0x11B5, 0x110A, 0x116B, 0x11B6, 0x110A, 0x116B, 0x11B7,
    0x110A, 0x116B, 0x11B8, 0x110A, 0x116B, 0x11B9, 0x110A, 0x116B, 0x11BA, 0x110A, 0x116B, 0x11BB,
    0x110A, 0x116B, 0x11BC, 0x110A, 0x116B, 0x11BD, 0x110A, 0x116B, 0x11BE, 0x110A, 0x116B, 0x11BF,
    0x110A, 0x116B, 0x11C0, 0x110A, 0x116B, 0x11C1, 0x110A, 0x116B, 0x11C2, 0x110A, 0x116C, 0x110A,
    0x116C, 0x11A8, 0x110A, 0x116C, 0x11A9, 0x110A, 0x116C, 0x11AA, 0x110A, 0x116C, 0x11AB, 0x110A,
    0x116C, 0x11AC, 0x110A, 0x116C, 0x11AD, 0x110A, 0x116C, 0x11AE, 0x110A, 0x116C, 0x11AF, 0x110A,
    0x116C, 0x11B0, 0x110A, 0x116C, 0x11B1, 0x110A, 0x116C, 0x11B2, 0x110A, 0x116C, 0x11B3, 0x110A,
    0x116C, 0x11B4, 0x110A, 0x116C, 0x11B5, 0x110A, 0x116C, 0x11B6, 0x110A, 0x116C, 0x11B7, 0x110A,
    0x116C, 0x11B8, 0x110A, 0x116C, 0x11B9, 0x110A, 0x116C, 0x11BA, 0x110A, 0x116C, 0x11BB, 0x110A,
    0x116C, 0x11BC, 0x110A, 0x116C, 0x11BD, 0x110A, 0x116C, 0x11BE, 0x110A, 0x116C, 0x11BF, 0x110A,
    0x116C, 0x11C0, 0x110A, 0x116C, 0x11C1, 0x110A, 0x116C, 0x11C2, 0x110A, 0x116D, 0x110A, 0x116D,
    0x11A8, 0x110A, 0x116D, 0x11A9, 0x110A, 0x116D, 0x11AA, 0x110A, 0x116D, 0x11AB, 0x110A, 0x116D,
    0x11AC, 0x110A, 0x116D, 0x11AD, 0x110A, 0x116D, 0x11AE, 0x110A, 0x116D, 0x11AF, 0x110A, 0x116D,
    0x11B0, 0x110A, 0x116D, 0x11B1, 0x110A, 0x116D, 0x11B2, 0x110A, 0x116D, 0x11B3, 0x110A, 0x116D,
    0x11B4, 0x110A, 0x116D, 0x11B5, 0x110A, 0x116D, 0x11B6, 0x110A, 0x116D, 0x11B7, 0x110A, 0x116D,
    0x11B8, 0x110A, 0x116D, 0x11B9, 0x110A, 0x116D, 0x11BA, 0x110A, 0x116D, 0x11BB, 0x110A, 0x116D,
    0x11BC, 0x110A, 0x116D, 0x11BD, 0x110A, 0x116D, 0x11BE, 0x110A, 0x116D, 0x11BF, 0x110A, 0x116D,
    0x11C0, 0x110A, 0x116D, 0x11C1, 0x110A, 0x116D, 0x11C2, 0x110A, 0x116E, 0x110A, 0x116E, 0x11A8,
    0x110A, 0x116E, 0x11A9, 0x110A, 0x116E, 0x11AA, 0x110A, 0x116E, 0x11AB, 0x110A, 0x116E, 0x11AC,
    0x110A, 0x116E, 0x11AD, 0x110A, 0x116E, 0x11AE, 0x110A, 0x116E, 0x11AF, 0x110A, 0x116E, 0x11B0,
    0x110A, 0x116E, 0x11B1, 0x110A, 0x116E, 0x11B2, 0x110A, 0x116E, 0x11B3, 0x110A, 0x116E, 0x11B4,
    0x110A, 0x116E, 0x11B5, 0x110A, 0x116E, 0x11B6, 0x110A, 0x116E, 0x11B7, 0x110A, 0x116E, 0x11B8,
    0x110A, 0x116E, 0x11B9, 0x110A, 0x116E, 0x11BA, 0x110A, 0x116E, 0x11BB, 0x110A, 0x116E, 0x11BC,
    0x110A, 0x116E, 0x11BD, 0x110A, 0x116E, 0x11BE, 0x110A, 0x116E, 0x11BF, 0x110A, 0x116E, 0x11C0,
    0x110A, 0x116E, 0x11C1, 0x110A, 0x116E, 0x11C2, 0x110A, 0x116F, 0x110A, 0x116F, 0x11A8, 0x110A,
    0x116F, 0x11A9, 0x110A, 0x116F, 0x11AA, 0x110A, 0x116F, 0x11AB, 0x110A, 0x116F, 0x11AC, 0x110A,
    0x116F, 0x11AD, 0x110A, 0x116F, 0x11AE, 0x110A, 0x116F, 0x11AF, 0x110A, 0x116F, 0x11B0, 0x110A,
    0x116F, 0x11B1, 0x110A, 0x116F, 0x11B2, 0x110A, 0x116F, 0x11B3, 0x110A, 0x116F, 0x11B4, 0x110A,
    0x116F, 0x11B5, 0x110A, 0x116F, 0x11B6, 0x110A, 0x116F, 0x11B7, 0x110A, 0x116F, 0x11B8, 0x110A,
    0x116F, 0x11B9, 0x110A, 0x116F, 0x11BA, 0x110A, 0x116F, 0x11BB, 0x110A, 0x116F, 0x11BC, 0x110A,
    0x116F, 0x11BD, 0x110A, 0x116F, 0x11BE, 0x110A, 0x116F, 0x11BF, 0x110A, 0x116F, 0x11C0, 0x110A,
    0x116F, 0x11C1, 0x110A, 0x116F, 0x11C2, 0x110A, 0x1170, 0x110A, 0x1170, 0x11A8, 0x110A, 0x1170,
    0x11A9, 0x110A, 0x1170, 0x11AA, 0x110A, 0x1170, 0x11AB, 0x110A, 0x1170, 0x11AC, 0x110A, 0x1170,
    0x11AD, 0x110A, 0x1170, 0x11AE, 0x110A, 0x1170, 0x11AF, 0x110A, 0x1170, 0x11B0, 0x110A, 0x1170,
    0x11B1, 0x110A, 0x1170, 0x11B2, 0x110A, 0x1170, 0x11B3, 0x110A, 0x1170, 0x11B4, 0x110A, 0x1170,
    0x11B5, 0x110A, 0x1170, 0x11B6, 0x110A, 0x1170, 0x11B7, 0x110A, 0x1170, 0x11B8, 0x110A, 0x1170,
    0x11B9, 0x110A, 0x1170, 0x11BA, 0x110A, 0x1170, 0x11BB, 0x110A, 0x1170, 0x11BC, 0x110A, 0x1170,
    0x11BD, 0x110A, 0x1170, 0x11BE, 0x110A, 0x1170, 0x11BF, 0x110A, 0x1170, 0x11C0, 0x110A, 0x1170,
    0x11C1, 0x110A, 0x1170, 0x11C2, 0x110A, 0x1171, 0x110A, 0x1171, 0x11A8, 0x110A, 0x1171, 0x11A9,
    0x110A, 0x1171, 0x11AA, 0x110A, 0x1171, 0x11AB, 0x110A, 0x1171, 0x11AC, 0x110A, 0x1171, 0x11AD,
    0x110A, 0x1171, 0x11AE, 0x110A, 0x1171, 0x11AF, 0x110A, 0x1171, 0x11B0, 0x110A, 0x1171, 0x11B1,
    0x110A, 0x1171, 0x11B2, 0x110A, 0x1171, 0x11B3, 0x110A, 0x1171, 0x11B4, 0x110A, 0x1171, 0x11B5,
    0x110A, 0x1171, 0x11B6, 0x110A, 0x1171, 0x11B7, 0x110A, 0x1171, 0x11B8, 0x110A, 0x1171, 0x11B9,
    0x110A, 0x1171, 0x11BA, 0x110A, 0x1171, 0x11BB, 0x110A, 0x1171, 0x11BC, 0x110A, 0x1171, 0x11BD,
    0x110A, 0x1171, 0x11BE, 0x110A, 0x1171, 0x11BF, 0x110A, 0x1171, 0x11C0, 0x110A, 0x1171, 0x11C1,
    0x110A, 0x1171, 0x11C2, 0x110A, 0x1172, 0x110A, 0x1172, 0x11A8, 0x110A, 0x1172, 0x11A9, 0x110A,
    0x1172, 0x11AA, 0x110A, 0x1172, 0x11AB, 0x110A, 0x1172, 0x11AC, 0x110A, 0x1172, 0x11AD, 0x110A,
    0x1172, 0x11AE, 0x110A, 0x1172, 0x11AF, 0x110A, 0x1172, 0x11B0, 0x110A, 0x1172, 0x11B1, 0x110A,
    0x1172, 0x11B2, 0x110A, 0x1172, 0x11B3, 0x110A, 0x1172, 0x11B4, 0x110A, 0x1172, 0x11B5, 0x110A,
    0x1172, 0x11B6, 0x110A, 0x1172, 0x11B7, 0x110A, 0x1172, 0x11B8, 0x110A, 0x1172, 0x11B9, 0x110A,
    0x1172, 0x11BA, 0x110A, 0x1172, 0x11BB, 0x110A, 0x1172, 0x11BC, 0x110A, 0x1172, 0x11BD, 0x110A,
    0x1172, 0x11BE, 0x110A, 0x1172, 0x11BF, 0x110A, 0x1172, 0x11C0, 0x110A, 0x1172, 0x11C1, 0x110A,
    0x1172, 0x11C2, 0x110A, 0x1173, 0x110A, 0x1173, 0x11A8, 0x110A, 0x1173, 0x11A9, 0x110A, 0x1173,
    0x11AA, 0x110A, 0x1173, 0x11AB, 0x110A, 0x1173, 0x11AC, 0x110A, 0x1173, 0x11AD, 0x110A, 0x1173,
    0x11AE, 0x110A, 0x1173, 0x11AF, 0x110A, 0x1173, 0x11B0, 0x110A, 0x1173, 0x11B1, 0x110A, 0x1173,
    0x11B2, 0x110A, 0x1173, 0x11B3, 0x110A, 0x1173, 0x11B4, 0x110A, 0x1173, 0x11B5, 0x110A, 0x1173,
    0x11B6, 0x110A, 0x1173, 0x11B7, 0x110A, 0x1173, 0x11B8, 0x110A, 0x1173, 0x11B9, 0x110A, 0x1173,
    0x11BA, 0x110A, 0x1173, 0x11BB, 0x110A, 0x1173, 0x11BC, 0x110A, 0x1173, 0x11BD, 0x110A, 0x1173,
    0x11BE, 0x110A, 0x1173, 0x11BF, 0x110A, 0x1173, 0x11C0, 0x110A, 0x1173, 0x11C1, 0x110A, 0x1173,
    0x11C2, 0x110A, 0x1174, 0x110A, 0x1174, 0x11A8, 0x110A, 0x1174, 0x11A9, 0x110A, 0x1174, 0x11AA,
    0x110A, 0x1174, 0x11AB, 0x110A, 0x1174, 0x11AC, 0x110A, 0x1174, 0x11AD, 0x110A, 0x1174, 0x11AE,
    0x110A, 0x1174, 0x11AF, 0x110A, 0x1174, 0x11B0, 0x110A, 0x1174, 0x11B1, 0x110A, 0x1174, 0x11B2,
    0x110A, 0x1174, 0x11B3, 0x110A, 0x1174, 0x11B4, 0x110A, 0x1174, 0x11B5, 0x110A, 0x1174, 0x11B6,
    0x110A, 0x1174, 0x11B7, 0x110A, 0x1174, 0x11B8, 0x110A, 0x1174, 0x11B9, 0x110A, 0x1174, 0x11BA,
    0x110A, 0x1174, 0x11BB, 0x110A, 0x1174, 0x11BC, 0x110A, 0x1174, 0x11BD, 0x110A, 0x1174, 0x11BE,
    0x110A, 0x1174, 0x11BF, 0x110A, 0x1174, 0x11C0, 0x110A, 0x1174, 0x11C1, 0x110A, 0x1174, 0x11C2,
    0x110A, 0x1175, 0x110A, 0x1175, 0x11A8, 0x110A, 0x1175, 0x11A9, 0x110A, 0x1175, 0x11AA, 0x110A,
    0x1175, 0x11AB, 0x110A, 0x1175, 0x11AC, 0x110A, 0x1175, 0x11AD, 0x110A, 0x1175, 0x11AE, 0x110A,
    0x1175, 0x11AF, 0x110A, 0x1175, 0x11B0, 0x110A, 0x1175, 0x11B1, 0x110A, 0x1175, 0x11B2, 0x110A,
    0x1175, 0x11B3, 0x110A, 0x1175, 0x11B4, 0x110A, 0x1175, 0x11B5, 0x110A, 0x1175, 0x11B6, 0x110A,
    0x1175, 0x11B7, 0x110A, 0x1175, 0x11B8, 0x110A, 0x1175, 0x11B9, 0x110A, 0x1175, 0x11BA, 0x110A,
    0x1175, 0x11BB, 0x110A, 0x1175, 0x11BC, 0x110A, 0x1175, 0x11BD, 0x110A, 0x1175, 0x11BE, 0x110A,
    0x1175, 0x11BF, 0x110A, 0x1175, 0x11C0, 0x110A, 0x1175, 0x11C1, 0x110A, 0x1175, 0x11C2, 0x110B,
    0x1161, 0x110B, 0x1161, 0x11A8, 0x110B, 0x1161, 0x11A9, 0x110B, 0x1161, 0x11AA, 0x110B, 0x1161,
    0x11AB, 0x110B, 0x1161, 0x11AC, 0x110B, 0x1161, 0x11AD, 0x110B, 0x1161, 0x11AE, 0x110B, 0x1161,
    0x11AF, 0x110B, 0x1161, 0x11B0, 0x110B, 0x1161, 0x11B1, 0x110B, 0x1161, 0x11B2, 0x110B, 0x1161,
    0x11B3, 0x110B, 0x1161, 0x11B4, 0x110B, 0x1161, 0x11B5, 0x110B, 0x1161, 0x11B6, 0x110B, 0x1161,
    0x11B7, 0x110B, 0x1161, 0x11B8, 0x110B, 0x1161, 0x11B9, 0x110B, 0x1161, 0x11BA, 0x110B, 0x1161,
    0x11BB, 0x110B, 0x1161, 0x11BC, 0x110B, 0x1161, 0x11BD, 0x110B, 0x1161, 0x11BE, 0x110B, 0x1161,
    0x11BF, 0x110B, 0x1161, 0x11C0, 0x110B, 0x1161, 0x11C1, 0x110B, 0x1161, 0x11C2, 0x110B, 0x1162,
    0x110B, 0x1162, 0x11A8, 0x110B, 0x1162, 0x11A9, 0x110B, 0x1162, 0x11AA, 0x110B, 0x1162, 0x11AB,
    0x110B, 0x1162, 0x11AC, 0x110B, 0x1162, 0x11AD, 0x110B, 0x1162, 0x11AE, 0x110B, 0x1162, 0x11AF,
    0x110B, 0x1162, 0x11B0, 0x110B, 0x1162, 0x11B1, 0x110B, 0x1162, 0x11B2, 0x110B, 0x1162, 0x11B3,
    0x110B, 0x1162, 0x11B4, 0x110B, 0x1162, 0x11B5, 0x110B, 0x1162, 0x11B6, 0x110B, 0x1162, 0x11B7,
    0x110B, 0x1162, 0x11B8, 0x110B, 0x1162, 0x11B9, 0x110B, 0x1162, 0x11BA, 0x110B, 0x1162, 0x11BB,
    0x110B, 0x1162, 0x11BC, 0x110B, 0x1162, 0x11BD, 0x110B, 0x1162, 0x11BE, 0x110B, 0x1162, 0x11BF,
    0x110B, 0x1162, 0x11C0, 0x110B, 0x1162, 0x11C1, 0x110B, 0x1162, 0x11C2, 0x110B, 0x1163, 0x110B,
    0x1163, 0x11A8, 0x110B, 0x1163, 0x11A9, 0x110B, 0x1163, 0x11AA, 0x110B, 0x1163, 0x11AB, 0x110B,
    0x1163, 0x11AC, 0x110B, 0x1163, 0x11AD, 0x110B, 0x1163, 0x11AE, 0x110B, 0x1163, 0x11AF, 0x110B,
    0x1163, 0x11B0, 0x110B, 0x1163, 0x11B1, 0x110B, 0x1163, 0x11B2, 0x110B, 0x1163, 0x11B3, 0x110B,
    0x1163, 0x11B4, 0x110B, 0x1163, 0x11B5, 0x110B, 0x1163, 0x11B6, 0x110B, 0x1163, 0x11B7, 0x110B,
    0x1163, 0x11B8, 0x110B, 0x1163, 0x11B9, 0x110B, 0x1163, 0x11BA, 0x110B, 0x1163, 0x11BB, 0x110B,
    0x1163, 0x11BC, 0x110B, 0x1163, 0x11BD, 0x110B, 0x1163, 0x11BE, 0x110B, 0x1163, 0x11BF, 0x110B,
    0x1163, 0x11C0, 0x110B, 0x1163, 0x11C1, 0x110B, 0x1163, 0x11C2, 0x110B, 0x1164, 0x110B, 0x1164,
    0x11A8, 0x110B, 0x1164, 0x11A9, 0x110B, 0x1164, 0x11AA, 0x110B, 0x1164, 0x11AB, 0x110B, 0x1164,
    0x11AC, 0x110B, 0x1164, 0x11AD, 0x110B, 0x1164, 0x11AE, 0x110B, 0x1164, 0x11AF, 0x110B, 0x1164,
    0x11B0, 0x110B, 0x1164, 0x11B1, 0x110B, 0x1164, 0x11B2, 0x110B, 0x1164, 0x11B3, 0x110B, 0x1164,
    0x11B4, 0x110B, 0x1164, 0x11B5, 0x110B, 0x1164, 0x11B6, 0x110B, 0x1164, 0x11B7, 0x110B, 0x1164,
    0x11B8, 0x110B, 0x1164, 0x11B9, 0x110B, 0x1164, 0x11BA, 0x110B, 0x1164, 0x11BB, 0x110B, 0x1164,
    0x11BC, 0x110B, 0x1164, 0x11BD, 0x110B, 0x1164, 0x11BE, 0x110B, 0x1164, 0x11BF, 0x110B, 0x1164,
    0x11C0, 0x110B, 0x1164, 0x11C1, 0x110B, 0x1164, 0x11C2, 0x110B, 0x1165, 0x110B, 0x1165, 0x11A8,
    0x110B, 0x1165, 0x11A9, 0x110B, 0x1165, 0x11AA, 0x110B, 0x1165, 0x11AB, 0x110B, 0x1165, 0x11AC,
    0x110B, 0x1165, 0x11AD, 0x110B, 0x1165, 0x11AE, 0x110B, 0x1165, 0x11AF, 0x110B, 0x1165, 0x11B0,
    0x110B, 0x1165, 0x11B1, 0x110B, 0x1165, 0x11B2, 0x110B, 0x1165, 0x11B3, 0x110B, 0x1165, 0x11B4,
    0x110B, 0x1165, 0x11B5, 0x110B, 0x1165, 0x11B6, 0x110B, 0x1165, 0x11B7, 0x110B, 0x1165, 0x11B8,
    0x110B, 0x1165, 0x11B9, 0x110B, 0x1165, 0x11BA, 0x110B, 0x1165, 0x11BB, 0x110B, 0x1165, 0x11BC,
    0x110B, 0x1165, 0x11BD, 0x110B, 0x1165, 0x11BE, 0x110B, 0x1165, 0x11BF, 0x110B, 0x1165, 0x11C0,
    0x110B, 0x1165, 0x11C1, 0x110B, 0x1165, 0x11C2, 0x110B, 0x1166, 0x110B, 0x1166, 0x11A8, 0x110B,
    0x1166, 0x11A9, 0x110B, 0x1166, 0x11AA, 0x110B, 0x1166, 0x11AB, 0x110B, 0x1166, 0x11AC, 0x110B,
    0x1166, 0x11AD, 0x110B, 0x1166, 0x11AE, 0x110B, 0x1166, 0x11AF, 0x110B, 0x1166, 0x11B0, 0x110B,
    0x1166, 0x11B1, 0x110B, 0x1166, 0x11B2, 0x110B, 0x1166, 0x11B3, 0x110B, 0x1166, 0x11B4, 0x110B,
    0x1166, 0x11B5, 0x110B, 0x1166, 0x11B6, 0x110B, 0x1166, 0x11B7, 0x110B, 0x1166, 0x11B8, 0x110B,
    0x1166, 0x11B9, 0x110B, 0x1166, 0x11BA, 0x110B, 0x1166, 0x11BB, 0x110B, 0x1166, 0x11BC, 0x110B,
    0x1166, 0x11BD, 0x110B, 0x1166, 0x11BE, 0x110B, 0x1166, 0x11BF, 0x110B, 0x1166, 0x11C0, 0x110B,
    0x1166, 0x11C1, 0x110B, 0x1166, 0x11C2, 0x110B, 0x1167, 0x110B, 0x1167, 0x11A8, 0x110B, 0x1167,
    0x11A9, 0x110B, 0x1167, 0x11AA, 0x110B, 0x1167, 0x11AB, 0x110B, 0x1167, 0x11AC, 0x110B, 0x1167,
    0x11AD, 0x110B, 0x1167, 0x11AE, 0x110B, 0x1167, 0x11AF, 0x110B, 0x1167, 0x11B0, 0x110B, 0x1167,
    0x11B1, 0x110B, 0x1167, 0x11B2, 0x110B, 0x1167, 0x11B3, 0x110B, 0x1167, 0x11B4, 0x110B, 0x1167,
    0x11B5, 0x110B, 0x1167, 0x11B6, 0x110B, 0x1167, 0x11B7, 0x110B, 0x1167, 0x11B8, 0x110B, 0x1167,
    0x11B9, 0x110B, 0x1167, 0x11BA, 0x110B, 0x1167, 0x11BB, 0x110B, 0x1167, 0x11BC, 0x110B, 0x1167,
    0x11BD, 0x110B, 0x1167, 0x11BE, 0x110B, 0x1167, 0x11BF, 0x110B, 0x1167, 0x11C0, 0x110B, 0x1167,
    0x11C1, 0x110B, 0x1167, 0x11C2, 0x110B, 0x1168, 0x110B, 0x1168, 0x11A8, 0x110B, 0x1168, 0x11A9,
    0x110B, 0x1168, 0x11AA, 0x110B, 0x1168, 0x11AB, 0x110B, 0x1168, 0x11AC, 0x110B, 0x1168, 0x11AD,
    0x110B, 0x1168, 0x11AE, 0x110B, 0x1168, 0x11AF, 0x110B, 0x1168, 0x11B0, 0x110B, 0x1168, 0x11B1,
    0x110B, 0x1168, 0x11B2, 0x110B, 0x1168, 0x11B3, 0x110B, 0x1168, 0x11B4, 0x110B, 0x1168, 0x11B5,
    0x110B, 0x1168, 0x11B6, 0x110B, 0x1168, 0x11B7, 0x110B, 0x1168, 0x11B8, 0x110B, 0x1168, 0x11B9,
    0x110B, 0x1168, 0x11BA, 0x110B, 0x1168, 0x11BB, 0x110B, 0x1168, 0x11BC, 0x110B, 0x1168, 0x11BD,
    0x110B, 0x1168, 0x11BE, 0x110B, 0x1168, 0x11BF, 0x110B, 0x1168, 0x11C0, 0x110B, 0x1168, 0x11C1,
    0x110B, 0x1168, 0x11C2, 0x110B, 0x1169, 0x110B, 0x1169, 0x11A8, 0x110B, 0x1169, 0x11A9, 0x110B,
    0x1169, 0x11AA, 0x110B, 0x1169, 0x11AB, 0x110B, 0x1169, 0x11AC, 0x110B, 0x1169, 0x11AD, 0x110B,
    0x1169, 0x11AE, 0x110B, 0x1169, 0x11AF, 0x110B, 0x1169, 0x11B0, 0x110B, 0x1169, 0x11B1, 0x110B,
    0x1169, 0x11B2, 0x110B, 0x1169, 0x11B3, 0x110B, 0x1169, 0x11B4, 0x110B, 0x1169, 0x11B5, 0x110B,
    0x1169, 0x11B6, 0x110B, 0x1169, 0x11B7, 0x110B, 0x1169, 0x11B8, 0x110B, 0x1169, 0x11B9, 0x110B,
    0x1169, 0x11BA, 0x110B, 0x1169, 0x11BB, 0x110B, 0x1169, 0x11BC, 0x110B, 0x1169, 0x11BD, 0x110B,
    0x1169, 0x11BE, 0x110B, 0x1169, 0x11BF, 0x110B, 0x1169, 0x11C0, 0x110B, 0x1169, 0x11C1, 0x110B,
    0x1169, 0x11C2, 0x110B, 0x116A, 0x110B, 0x116A, 0x11A8, 0x110B, 0x116A, 0x11A9, 0x110B, 0x116A,
    0x11AA, 0x110B, 0x116A, 0x11AB, 0x110B, 0x116A, 0x11AC, 0x110B, 0x116A, 0x11AD, 0x110B, 0x116A,
    0x11AE, 0x110B, 0x116A, 0x11AF, 0x110B, 0x116A, 0x11B0, 0x110B, 0x116A, 0x11B1, 0x110B, 0x116A,
    0x11B2, 0x110B, 0x116A, 0x11B3, 0x110B, 0x116A, 0x11B4, 0x110B, 0x116A, 0x11B5, 0x110B, 0x116A,
    0x11B6, 0x110B, 0x116A, 0x11B7, 0x110B, 0x116A, 0x11B8, 0x110B, 0x116A, 0x11B9, 0x110B, 0x116A,
    0x11BA, 0x110B, 0x116A, 0x11BB, 0x110B, 0x116A, 0x11BC, 0x110B, 0x116A, 0x11BD, 0x110B, 0x116A,
    0x11BE, 0x110B, 0x116A, 0x11BF, 0x110B, 0x116A, 0x11C0, 0x110B, 0x116A, 0x11C1, 0x110B, 0x116A,
    0x11C2, 0x110B, 0x116B, 0x110B, 0x116B, 0x11A8, 0x110B, 0x116B, 0x11A9, 0x110B, 0x116B, 0x11AA,
    0x110B, 0x116B, 0x11AB, 0x110B, 0x116B, 0x11AC, 0x110B, 0x116B, 0x11AD, 0x110B, 0x116B, 0x11AE,
    0x110B, 0x116B, 0x11AF, 0x110B, 0x116B, 0x11B0, 0x110B, 0x116B, 0x11B1, 0x110B, 0x116B, 0x11B2,
    0x110B, 0x116B, 0x11B3, 0x110B, 0x116B, 0x11B4, 0x110B, 0x116B, 0x11B5, 0x110B, 0x116B, 0x11B6,
    0x110B, 0x116B, 0x11B7, 0x110B, 0x116B, 0x11B8, 0x110B, 0x116B, 0x11B9, 0x110B, 0x116B, 0x11BA,
    0x110B, 0x116B, 0x11BB, 0x110B, 0x116B, 0x11BC, 0x110B, 0x116B, 0x11BD, 0x110B, 0x116B, 0x11BE,
    0x110B, 0x116B, 0x11BF, 0x110B, 0x116B, 0x11C0, 0x110B, 0x116B, 0x11C1, 0x110B, 0x116B, 0x11C2,
    0x110B, 0x116C, 0x110B, 0x116C, 0x11A8, 0x110B, 0x116C, 0x11A9, 0x110B, 0x116C, 0x11AA, 0x110B,
    0x116C, 0x11AB, 0x110B, 0x116C, 0x11AC, 0x110B, 0x116C, 0x11AD, 0x110B, 0x116C, 0x11AE, 0x110B,
    0x116C, 0x11AF, 0x110B, 0x116C, 0x11B0, 0x110B, 0x116C, 0x11B1, 0x110B, 0x116C, 0x11B2, 0x110B,
    0x116C, 0x11B3, 0x110B, 0x116C, 0x11B4, 0x110B, 0x116C, 0x11B5, 0x110B, 0x116C, 0x11B6, 0x110B,
    0x116C, 0x11B7, 0x110B, 0x116C, 0x11B8, 0x110B, 0x116C, 0x11B9, 0x110B, 0x116C, 0x11BA, 0x110B,
    0x116C, 0x11BB, 0x110B, 0x116C, 0x11BC, 0x110B, 0x116C, 0x11BD, 0x110B, 0x116C, 0x11BE, 0x110B,
    0x116C, 0x11BF, 0x110B, 0x116C, 0x11C0, 0x110B, 0x116C, 0x11C1, 0x110B, 0x116C, 0x11C2, 0x110B,
    0x116D, 0x110B, 0x116D, 0x11A8, 0x110B, 0x116D, 0x11A9, 0x110B, 0x116D, 0x11AA, 0x110B, 0x116D,
    0x11AB, 0x110B, 0x116D, 0x11AC, 0x110B, 0x116D, 0x11AD, 0x110B, 0x116D, 0x11AE, 0x110B, 0x116D,
    0x11AF, 0x110B, 0x116D, 0x11B0, 0x110B, 0x116D, 0x11B1, 0x110B, 0x116D, 0x11B2, 0x110B, 0x116D,
    0x11B3, 0x110B, 0x116D, 0x11B4, 0x110B, 0x116D, 0x11B5, 0x110B, 0x116D, 0x11B6, 0x110B, 0x116D,
    0x11B7, 0x110B, 0x116D, 0x11B8, 0x110B, 0x116D, 0x11B9, 0x110B, 0x116D, 0x11BA, 0x110B, 0x116D,
    0x11BB, 0x110B, 0x116D, 0x11BC, 0x110B, 0x116D, 0x11BD, 0x110B, 0x116D, 0x11BE, 0x110B, 0x116D,
    0x11BF, 0x110B, 0x116D, 0x11C0, 0x110B, 0x116D, 0x11C1, 0x110B, 0x116D, 0x11C2, 0x110B, 0x116E,
    0x110B, 0x116E, 0x11A8, 0x110B, 0x116E, 0x11A9, 0x110B, 0x116E, 0x11AA, 0x110B, 0x116E, 0x11AB,
    0x110B, 0x116E, 0x11AC, 0x110B, 0x116E, 0x11AD, 0x110B, 0x116E, 0x11AE, 0x110B, 0x116E, 0x11AF,
    0x110B, 0x116E, 0x11B0, 0x110B, 0x116E, 0x11B1, 0x110B, 0x116E, 0x11B2, 0x110B, 0x116E, 0x11B3,
    0x110B, 0x116E, 0x11B4, 0x110B, 0x116E, 0x11B5, 0x110B, 0x116E, 0x11B6, 0x110B, 0x116E, 0x11B7,
    0x110B, 0x116E, 0x11B8, 0x110B, 0x116E, 0x11B9, 0x110B, 0x116E, 0x11BA, 0x110B, 0x116E, 0x11BB,
    0x110B, 0x116E, 0x11BC, 0x110B, 0x116E, 0x11BD, 0x110B, 0x116E, 0x11BE, 0x110B, 0x116E, 0x11BF,
    0x110B, 0x116E, 0x11C0, 0x110B, 0x116E, 0x11C1, 0x110B, 0x116E, 0x11C2, 0x110B, 0x116F, 0x110B,
    0x116F, 0x11A8, 0x110B, 0x116F, 0x11A9, 0x110B, 0x116F, 0x11AA, 0x110B, 0x116F, 0x11AB, 0x110B,
    0x116F, 0x11AC, 0x110B, 0x116F, 0x11AD, 0x110B, 0x116F, 0x11AE, 0x110B, 0x116F, 0x11AF, 0x110B,
    0x116F, 0x11B0, 0x110B, 0x116F, 0x11B1, 0x110B, 0x116F, 0x11B2, 0x110B, 0x116F, 0x11B3, 0x110B,
    0x116F, 0x11B4, 0x110B, 0x116F, 0x11B5, 0x110B, 0x116F, 0x11B6, 0x110B, 0x116F, 0x11B7, 0x110B,
    0x116F, 0x11B8, 0x110B, 0x116F, 0x11B9, 0x110B, 0x116F, 0x11BA, 0x110B, 0x116F, 0x11BB, 0x110B,
    0x116F, 0x11BC, 0x110B, 0x116F, 0x11BD, 0x110B, 0x116F, 0x11BE, 0x110B, 0x116F, 0x11BF, 0x110B,
    0x116F, 0x11C0, 0x110B, 0x116F, 0x11C1, 0x110B, 0x116F, 0x11C2, 0x110B, 0x1170, 0x110B, 0x1170,
    0x11A8, 0x110B, 0x1170, 0x11A9, 0x110B, 0x1170, 0x11AA, 0x110B, 0x1170, 0x11AB, 0x110B, 0x1170,
    0x11AC, 0x110B, 0x1170, 0x11AD, 0x110B, 0x1170, 0x11AE, 0x110B, 0x1170, 0x11AF, 0x110B, 0x1170,
    0x11B0, 0x110B, 0x1170, 0x11B1, 0x110B, 0x1170, 0x11B2, 0x110B, 0x1170, 0x11B3, 0x110B, 0x1170,
    0x11B4, 0x110B, 0x1170, 0x11B5, 0x110B, 0x1170, 0x11B6, 0x110B, 0x1170, 0x11B7, 0x110B, 0x1170,
    0x11B8, 0x110B, 0x1170, 0x11B9, 0x110B, 0x1170, 0x11BA, 0x110B, 0x1170, 0x11BB, 0x110B, 0x1170,
    0x11BC, 0x110B, 0x1170, 0x11BD, 0x110B, 0x1170, 0x11BE, 0x110B, 0x1170, 0x11BF, 0x110B, 0x1170,
    0x11C0, 0x110B, 0x1170, 0x11C1, 0x110B, 0x1170, 0x11C2, 0x110B, 0x1171, 0x110B, 0x1171, 0x11A8,
    0x110B, 0x1171, 0x11A9, 0x110B, 0x1171, 0x11AA, 0x110B, 0x1171, 0x11AB, 0x110B, 0x1171, 0x11AC,
    0x110B, 0x1171, 0x11AD, 0x110B, 0x1171, 0x11AE, 0x110B, 0x1171, 0x11AF, 0x110B, 0x1171, 0x11B0,
    0x110B, 0x1171, 0x11B1, 0x110B, 0x1171, 0x11B2, 0x110B, 0x1171, 0x11B3, 0x110B, 0x1171, 0x11B4,
    0x110B, 0x1171, 0x11B5, 0x110B, 0x1171, 0x11B6, 0x110B, 0x1171, 0x11B7, 0x110B, 0x1171, 0x11B8,
    0x110B, 0x1171, 0x11B9, 0x110B, 0x1171, 0x11BA, 0x110B, 0x1171, 0x11BB, 0x110B, 0x1171, 0x11BC,
    0x110B, 0x1171, 0x11BD, 0x110B, 0x1171, 0x11BE, 0x110B, 0x1171, 0x11BF, 0x110B, 0x1171, 0x11C0,
    0x110B, 0x1171, 0x11C1, 0x110B, 0x1171, 0x11C2, 0x110B, 0x1172, 0x110B, 0x1172, 0x11A8, 0x110B,
    0x1172, 0x11A9, 0x110B, 0x1172, 0x11AA, 0x110B, 0x1172, 0x11AB, 0x110B, 0x1172, 0x11AC, 0x110B,
    0x1172, 0x11AD, 0x110B, 0x1172, 0x11AE, 0x110B, 0x1172, 0x11AF, 0x110B, 0x1172, 0x11B0, 0x110B,
    0x1172, 0x11B1, 0x110B, 0x1172, 0x11B2, 0x110B, 0x1172, 0x11B3, 0x110B, 0x1172, 0x11B4, 0x110B,
    0x1172, 0x11B5, 0x110B, 0x1172, 0x11B6, 0x110B, 0x1172, 0x11B7, 0x110B, 0x1172, 0x11B8, 0x110B,
    0x1172, 0x11B9, 0x110B, 0x1172, 0x11BA, 0x110B, 0x1172, 0x11BB, 0x110B, 0x1172, 0x11BC, 0x110B,
    0x1172, 0x11BD, 0x110B, 0x1172, 0x11BE, 0x110B, 0x1172, 0x11BF, 0x110B, 0x1172, 0x11C0, 0x110B,
    0x1172, 0x11C1, 0x110B, 0x1172, 0x11C2, 0x110B, 0x1173, 0x110B, 0x1173, 0x11A8, 0x110B, 0x1173,
    0x11A9, 0x110B, 0x1173, 0x11AA, 0x110B, 0x1173, 0x11AB, 0x110B, 0x1173, 0x11AC, 0x110B, 0x1173,
    0x11AD, 0x110B, 0x1173, 0x11AE, 0x110B, 0x1173, 0x11AF, 0x110B, 0x1173, 0x11B0, 0x110B, 0x1173,
    0x11B1, 0x110B, 0x1173, 0x11B2, 0x110B, 0x1173, 0x11B3, 0x110B, 0x1173, 0x11B4, 0x110B, 0x1173,
    0x11B5, 0x110B, 0x1173, 0x11B6, 0x110B, 0x1173, 0x11B7, 0x110B, 0x1173, 0x11B8, 0x110B, 0x1173,
    0x11B9, 0x110B, 0x1173, 0x11BA, 0x110B, 0x1173, 0x11BB, 0x110B, 0x1173, 0x11BC, 0x110B, 0x1173,
    0x11BD, 0x110B, 0x1173, 0x11BE, 0x110B, 0x1173, 0x11BF, 0x110B, 0x1173, 0x11C0, 0x110B, 0x1173,
    0x11C1, 0x110B, 0x1173, 0x11C2, 0x110B, 0x1174, 0x110B, 0x1174, 0x11A8, 0x110B, 0x1174, 0x11A9,
    0x110B, 0x1174, 0x11AA, 0x110B, 0x1174, 0x11AB, 0x110B, 0x1174, 0x11AC, 0x110B, 0x1174, 0x11AD,
    0x110B, 0x1174, 0x11AE, 0x110B, 0x1174, 0x11AF, 0x110B, 0x1174, 0x11B0, 0x110B, 0x1174, 0x11B1,
    0x110B, 0x1174, 0x11B2, 0x110B, 0x1174, 0x11B3, 0x110B, 0x1174, 0x11B4, 0x110B, 0x1174, 0x11B5,
    0x110B, 0x1174, 0x11B6, 0x110B, 0x1174, 0x11B7, 0x110B, 0x1174, 0x11B8, 0x110B, 0x1174, 0x11B9,
    0x110B, 0x1174, 0x11BA, 0x110B, 0x1174, 0x11BB, 0x110B, 0x1174, 0x11BC, 0x110B, 0x1174, 0x11BD,
    0x110B, 0x1174, 0x11BE, 0x110B, 0x1174, 0x11BF, 0x110B, 0x1174, 0x11C0, 0x110B, 0x1174, 0x11C1,
    0x110B, 0x1174, 0x11C2, 0x110B, 0x1175, 0x110B, 0x1175, 0x11A8, 0x110B, 0x1175, 0x11A9, 0x110B,
    0x1175, 0x11AA, 0x110B, 0x1175, 0x11AB, 0x110B, 0x1175, 0x11AC, 0x110B, 0x1175, 0x11AD, 0x110B,
    0x1175, 0x11AE, 0x110B, 0x1175, 0x11AF, 0x110B, 0x1175, 0x11B0, 0x110B, 0x1175, 0x11B1, 0x110B,
    0x1175, 0x11B2, 0x110B, 0x1175, 0x11B3, 0x110B, 0x1175, 0x11B4, 0x110B, 0x1175, 0x11B5, 0x110B,
    0x1175, 0x11B6, 0x110B, 0x1175, 0x11B7, 0x110B, 0x1175, 0x11B8, 0x110B, 0x1175, 0x11B9, 0x110B,
    0x1175, 0x11BA, 0x110B, 0x1175, 0x11BB, 0x110B, 0x1175, 0x11BC, 0x110B, 0x1175, 0x11BD, 0x110B,
    0x1175, 0x11BE, 0x110B, 0x1175, 0x11BF, 0x110B, 0x1175, 0x11C0, 0x110B, 0x1175, 0x11C1, 0x110B,
    0x1175, 0x11C2, 0x110C, 0x1161, 0x110C, 0x1161, 0x11A8, 0x110C, 0x1161, 0x11A9, 0x110C, 0x1161,
    0x11AA, 0x110C, 0x1161, 0x11AB, 0x110C, 0x1161, 0x11AC, 0x110C, 0x1161, 0x11AD, 0x110C, 0x1161,
    0x11AE, 0x110C, 0x1161, 0x11AF, 0x110C, 0x1161, 0x11B0, 0x110C, 0x1161, 0x11B1, 0x110C, 0x1161,
    0x11B2, 0x110C, 0x1161, 0x11B3, 0x110C, 0x1161, 0x11B4, 0x110C, 0x1161, 0x11B5, 0x110C, 0x1161,
    0x11B6, 0x110C, 0x1161, 0x11B7, 0x110C, 0x1161, 0x11B8, 0x110C, 0x1161, 0x11B9, 0x110C, 0x1161,
    0x11BA, 0x110C, 0x1161, 0x11BB, 0x110C, 0x1161, 0x11BC, 0x110C, 0x1161, 0x11BD, 0x110C, 0x1161,
    0x11BE, 0x110C, 0x1161, 0x11BF, 0x110C, 0x1161, 0x11C0, 0x110C, 0x1161, 0x11C1, 0x110C, 0x1161,
    0x11C2, 0x110C, 0x1162, 0x110C, 0x1162, 0x11A8, 0x110C, 0x1162, 0x11A9, 0x110C, 0x1162, 0x11AA,
    0x110C, 0x1162, 0x11AB, 0x110C, 0x1162, 0x11AC, 0x110C, 0x1162, 0x11AD, 0x110C, 0x1162, 0x11AE,
    0x110C, 0x1162, 0x11AF, 0x110C, 0x1162, 0x11B0, 0x110C, 0x1162, 0x11B1, 0x110C, 0x1162, 0x11B2,
    0x110C, 0x1162, 0x11B3, 0x110C, 0x1162, 0x11B4, 0x110C, 0x1162, 0x11B5, 0x110C, 0x1162, 0x11B6,
    0x110C, 0x1162, 0x11B7, 0x110C, 0x1162, 0x11B8, 0x110C, 0x1162, 0x11B9, 0x110C, 0x1162, 0x11BA,
    0x110C, 0x1162, 0x11BB, 0x110C, 0x1162, 0x11BC, 0x110C, 0x1162, 0x11BD, 0x110C, 0x1162, 0x11BE,
    0x110C, 0x1162, 0x11BF, 0x110C, 0x1162, 0x11C0, 0x110C, 0x1162, 0x11C1, 0x110C, 0x1162, 0x11C2,
    0x110C, 0x1163, 0x110C, 0x1163, 0x11A8, 0x110C, 0x1163, 0x11A9, 0x110C, 0x1163, 0x11AA, 0x110C,
    0x1163, 0x11AB, 0x110C, 0x1163, 0x11AC, 0x110C, 0x1163, 0x11AD, 0x110C, 0x1163, 0x11AE, 0x110C,
    0x1163, 0x11AF, 0x110C, 0x1163, 0x11B0, 0x110C, 0x1163, 0x11B1, 0x110C, 0x1163, 0x11B2, 0x110C,
    0x1163, 0x11B3, 0x110C, 0x1163, 0x11B4, 0x110C, 0x1163, 0x11B5, 0x110C, 0x1163, 0x11B6, 0x110C,
    0x1163, 0x11B7, 0x110C, 0x1163, 0x11B8, 0x110C, 0x1163, 0x11B9, 0x110C, 0x1163, 0x11BA, 0x110C,
    0x1163, 0x11BB, 0x110C, 0x1163, 0x11BC, 0x110C, 0x1163, 0x11BD, 0x110C, 0x1163, 0x11BE, 0x110C,
    0x1163, 0x11BF, 0x110C, 0x1163, 0x11C0, 0x110C, 0x1163, 0x11C1, 0x110C, 0x1163, 0x11C2, 0x110C,
    0x1164, 0x110C, 0x1164, 0x11A8, 0x110C, 0x1164, 0x11A9, 0x110C, 0x1164, 0x11AA, 0x110C, 0x1164,
    0x11AB, 0x110C, 0x1164, 0x11AC, 0x110C, 0x1164, 0x11AD, 0x110C, 0x1164, 0x11AE, 0x110C, 0x1164,
    0x11AF, 0x110C, 0x1164, 0x11B0, 0x110C, 0x1164, 0x11B1, 0x110C, 0x1164, 0x11B2, 0x110C, 0x1164,
    0x11B3, 0x110C, 0x1164, 0x11B4, 0x110C, 0x1164, 0x11B5, 0x110C, 0x1164, 0x11B6, 0x110C, 0x1164,
    0x11B7, 0x110C, 0x1164, 0x11B8, 0x110C, 0x1164, 0x11B9, 0x110C, 0x1164, 0x11BA, 0x110C, 0x1164,
    0x11BB, 0x110C, 0x1164, 0x11BC, 0x110C, 0x1164, 0x11BD, 0x110C, 0x1164, 0x11BE, 0x110C, 0x1164,
    0x11BF, 0x110C, 0x1164, 0x11C0, 0x110C, 0x1164, 0x11C1, 0x110C, 0x1164, 0x11C2, 0x110C, 0x1165,
    0x110C, 0x1165, 0x11A8, 0x110C, 0x1165, 0x11A9, 0x110C, 0x1165, 0x11AA, 0x110C, 0x1165, 0x11AB,
    0x110C, 0x1165, 0x11AC, 0x110C, 0x1165, 0x11AD, 0x110C, 0x1165, 0x11AE, 0x110C, 0x1165, 0x11AF,
    0x110C, 0x1165, 0x11B0, 0x110C, 0x1165, 0x11B1, 0x110C, 0x1165, 0x11B2, 0x110C, 0x1165, 0x11B3,
    0x110C, 0x1165, 0x11B4, 0x110C, 0x1165, 0x11B5, 0x110C, 0x1165, 0x11B6, 0x110C, 0x1165, 0x11B7,
    0x110C, 0x1165, 0x11B8, 0x110C, 0x1165, 0x11B9, 0x110C, 0x1165, 0x11BA, 0x110C, 0x1165, 0x11BB,
    0x110C, 0x1165, 0x11BC, 0x110C, 0x1165, 0x11BD, 0x110C, 0x1165, 0x11BE, 0x110C, 0x1165, 0x11BF,
    0x110C, 0x1165, 0x11C0, 0x110C, 0x1165, 0x11C1, 0x110C, 0x1165, 0x11C2, 0x110C, 0x1166, 0x110C,
    0x1166, 0x11A8, 0x110C, 0x1166, 0x11A9, 0x110C, 0x1166, 0x11AA, 0x110C, 0x1166, 0x11AB, 0x110C,
    0x1166, 0x11AC, 0x110C, 0x1166, 0x11AD, 0x110C, 0x1166, 0x11AE, 0x110C, 0x1166, 0x11AF, 0x110C,
    0x1166, 0x11B0, 0x110C, 0x1166, 0x11B1, 0x110C, 0x1166, 0x11B2, 0x110C, 0x1166, 0x11B3, 0x110C,
    0x1166, 0x11B4, 0x110C, 0x1166, 0x11B5, 0x110C, 0x1166, 0x11B6, 0x110C, 0x1166, 0x11B7, 0x110C,
    0x1166, 0x11B8, 0x110C, 0x1166, 0x11B9, 0x110C, 0x1166, 0x11BA, 0x110C, 0x1166, 0x11BB, 0x110C,
    0x1166, 0x11BC, 0x110C, 0x1166, 0x11BD, 0x110C, 0x1166, 0x11BE, 0x110C, 0x1166, 0x11BF, 0x110C,
    0x1166, 0x11C0, 0x110C, 0x1166, 0x11C1, 0x110C, 0x1166, 0x11C2, 0x110C, 0x1167, 0x110C, 0x1167,
    0x11A8, 0x110C, 0x1167, 0x11A9, 0x110C, 0x1167, 0x11AA, 0x110C, 0x1167, 0x11AB, 0x110C, 0x1167,
    0x11AC, 0x110C, 0x1167, 0x11AD, 0x110C, 0x1167, 0x11AE, 0x110C, 0x1167, 0x11AF, 0x110C, 0x1167,
    0x11B0, 0x110C, 0x1167, 0x11B1, 0x110C, 0x1167, 0x11B2, 0x110C, 0x1167, 0x11B3, 0x110C, 0x1167,
    0x11B4, 0x110C, 0x1167, 0x11B5, 0x110C, 0x1167, 0x11B6, 0x110C, 0x1167, 0x11B7, 0x110C, 0x1167,
    0x11B8, 0x110C, 0x1167, 0x11B9, 0x110C, 0x1167, 0x11BA, 0x110C, 0x1167, 0x11BB, 0x110C, 0x1167,
    0x11BC, 0x110C, 0x1167, 0x11BD, 0x110C, 0x1167, 0x11BE, 0x110C, 0x1167, 0x11BF, 0x110C, 0x1167,
    0x11C0, 0x110C, 0x1167, 0x11C1, 0x110C, 0x1167, 0x11C2, 0x110C, 0x1168, 0x110C, 0x1168, 0x11A8,
    0x110C, 0x1168, 0x11A9, 0x110C, 0x1168, 0x11AA, 0x110C, 0x1168, 0x11AB, 0x110C, 0x1168, 0x11AC,
    0x110C, 0x1168, 0x11AD, 0x110C, 0x1168, 0x11AE, 0x110C, 0x1168, 0x11AF, 0x110C, 0x1168, 0x11B0,
    0x110C, 0x1168, 0x11B1, 0x110C, 0x1168, 0x11B2, 0x110C, 0x1168, 0x11B3, 0x110C, 0x1168, 0x11B4,
    0x110C, 0x1168, 0x11B5, 0x110C, 0x1168, 0x11B6, 0x110C, 0x1168, 0x11B7, 0x110C, 0x1168, 0x11B8,
    0x110C, 0x1168, 0x11B9, 0x110C, 0x1168, 0x11BA, 0x110C, 0x1168, 0x11BB, 0x110C, 0x1168, 0x11BC,
    0x110C, 0x1168, 0x11BD, 0x110C, 0x1168, 0x11BE, 0x110C, 0x1168, 0x11BF, 0x110C, 0x1168, 0x11C0,
    0x110C, 0x1168, 0x11C1, 0x110C, 0x1168, 0x11C2, 0x110C, 0x1169, 0x110C, 0x1169, 0x11A8, 0x110C,
    0x1169, 0x11A9, 0x110C, 0x1169, 0x11AA, 0x110C, 0x1169, 0x11AB, 0x110C, 0x1169, 0x11AC, 0x110C,
    0x1169, 0x11AD, 0x110C, 0x1169, 0x11AE, 0x110C, 0x1169, 0x11AF, 0x110C, 0x1169, 0x11B0, 0x110C,
    0x1169, 0x11B1, 0x110C, 0x1169, 0x11B2, 0x110C, 0x1169, 0x11B3, 0x110C, 0x1169, 0x11B4, 0x110C,
    0x1169, 0x11B5, 0x110C, 0x1169, 0x11B6, 0x110C, 0x1169, 0x11B7, 0x110C, 0x1169, 0x11B8, 0x110C,
    0x1169, 0x11B9, 0x110C, 0x1169, 0x11BA, 0x110C, 0x1169, 0x11BB, 0x110C, 0x1169, 0x11BC, 0x110C,
    0x1169, 0x11BD, 0x110C, 0x1169, 0x11BE, 0x110C, 0x1169, 0x11BF, 0x110C, 0x1169, 0x11C0, 0x110C,
    0x1169, 0x11C1, 0x110C, 0x1169, 0x11C2, 0x110C, 0x116A, 0x110C, 0x116A, 0x11A8, 0x110C, 0x116A,
    0x11A9, 0x110C, 0x116A, 0x11AA, 0x110C, 0x116A, 0x11AB, 0x110C, 0x116A, 0x11AC, 0x110C, 0x116A,
    0x11AD, 0x110C, 0x116A, 0x11AE, 0x110C, 0x116A, 0x11AF, 0x110C, 0x116A, 0x11B0, 0x110C, 0x116A,
    0x11B1, 0x110C, 0x116A, 0x11B2, 0x110C, 0x116A, 0x11B3, 0x110C, 0x116A, 0x11B4, 0x110C, 0x116A,
    0x11B5, 0x110C, 0x116A, 0x11B6, 0x110C, 0x116A, 0x11B7, 0x110C, 0x116A, 0x11B8, 0x110C, 0x116A,
    0x11B9, 0x110C, 0x116A, 0x11BA, 0x110C, 0x116A, 0x11BB, 0x110C, 0x116A, 0x11BC, 0x110C, 0x116A,
    0x11BD, 0x110C, 0x116A, 0x11BE, 0x110C, 0x116A, 0x11BF, 0x110C, 0x116A, 0x11C0, 0x110C, 0x116A,
    0x11C1, 0x110C, 0x116A, 0x11C2, 0x110C, 0x116B, 0x110C, 0x116B, 0x11A8, 0x110C, 0x116B, 0x11A9,
    0x110C, 0x116B, 0x11AA, 0x110C, 0x116B, 0x11AB, 0x110C, 0x116B, 0x11AC, 0x110C, 0x116B, 0x11AD,
    0x110C, 0x116B, 0x11AE, 0x110C, 0x116B, 0x11AF, 0x110C, 0x116B, 0x11B0, 0x110C, 0x116B, 0x11B1,
    0x110C, 0x116B, 0x11B2, 0x110C, 0x116B, 0x11B3, 0x110C, 0x116B, 0x11B4, 0x110C, 0x116B, 0x11B5,
    0x110C, 0x116B, 0x11B6, 0x110C, 0x116B, 0x11B7, 0x110C, 0x116B, 0x11B8, 0x110C, 0x116B, 0x11B9,
    0x110C, 0x116B, 0x11BA, 0x110C, 0x116B, 0x11BB, 0x110C, 0x116B, 0x11BC, 0x110C, 0x116B, 0x11BD,
    0x110C, 0x116B, 0x11BE, 0x110C, 0x116B, 0x11BF, 0x110C, 0x116B, 0x11C0, 0x110C, 0x116B, 0x11C1,
    0x110C, 0x116B, 0x11C2, 0x110C, 0x116C, 0x110C, 0x116C, 0x11A8, 0x110C, 0x116C, 0x11A9, 0x110C,
    0x116C, 0x11AA, 0x110C, 0x116C, 0x11AB, 0x110C, 0x116C, 0x11AC, 0x110C, 0x116C, 0x11AD, 0x110C,
    0x116C, 0x11AE, 0x110C, 0x116C, 0x11AF, 0x110C, 0x116C, 0x11B0, 0x110C, 0x116C, 0x11B1, 0x110C,
    0x116C, 0x11B2, 0x110C, 0x116C, 0x11B3, 0x110C, 0x116C, 0x11B4, 0x110C, 0x116C, 0x11B5, 0x110C,
    0x116C, 0x11B6, 0x110C, 0x116C, 0x11B7, 0x110C, 0x116C, 0x11B8, 0x110C, 0x116C, 0x11B9, 0x110C,
    0x116C, 0x11BA, 0x110C, 0x116C, 0x11BB, 0x110C, 0x116C, 0x11BC, 0x110C, 0x116C, 0x11BD, 0x110C,
    0x116C, 0x11BE, 0x110C, 0x116C, 0x11BF, 0x110C, 0x116C, 0x11C0, 0x110C, 0x116C, 0x11C1, 0x110C,
    0x116C, 0x11C2, 0x110C, 0x116D, 0x110C, 0x116D, 0x11A8, 0x110C, 0x116D, 0x11A9, 0x110C, 0x116D,
    0x11AA, 0x110C, 0x116D, 0x11AB, 0x110C, 0x116D, 0x11AC, 0x110C, 0x116D, 0x11AD, 0x110C, 0x116D,
    0x11AE, 0x110C, 0x116D, 0x11AF, 0x110C, 0x116D, 0x11B0, 0x110C, 0x116D, 0x11B1, 0x110C, 0x116D,
    0x11B2, 0x110C, 0x116D, 0x11B3, 0x110C, 0x116D, 0x11B4, 0x110C, 0x116D, 0x11B5, 0x110C, 0x116D,
    0x11B6, 0x110C, 0x116D, 0x11B7, 0x110C, 0x116D, 0x11B8, 0x110C, 0x116D, 0x11B9, 0x110C, 0x116D,
    0x11BA, 0x110C, 0x116D, 0x11BB, 0x110C, 0x116D, 0x11BC, 0x110C, 0x116D, 0x11BD, 0x110C, 0x116D,
    0x11BE, 0x110C, 0x116D, 0x11BF, 0x110C, 0x116D, 0x11C0, 0x110C, 0x116D, 0x11C1, 0x110C, 0x116D,
    0x11C2, 0x110C, 0x116E, 0x110C, 0x116E, 0x11A8, 0x110C, 0x116E, 0x11A9, 0x110C, 0x116E, 0x11AA,
    0x110C, 0x116E, 0x11AB, 0x110C, 0x116E, 0x11AC, 0x110C, 0x116E, 0x11AD, 0x110C, 0x116E, 0x11AE,
    0x110C, 0x116E, 0x11AF, 0x110C, 0x116E, 0x11B0, 0x110C, 0x116E, 0x11B1, 0x110C, 0x116E, 0x11B2,
    0x110C, 0x116E, 0x11B3, 0x110C, 0x116E, 0x11B4, 0x110C, 0x116E, 0x11B5, 0x110C, 0x116E, 0x11B6,
    0x110C, 0x116E, 0x11B7, 0x110C, 0x116E, 0x11B8, 0x110C, 0x116E, 0x11B9, 0x110C, 0x116E, 0x11BA,
    0x110C, 0x116E, 0x11BB, 0x110C, 0x116E, 0x11BC, 0x110C, 0x116E, 0x11BD, 0x110C, 0x116E, 0x11BE,
    0x110C, 0x116E, 0x11BF, 0x110C, 0x116E, 0x11C0, 0x110C, 0x116E, 0x11C1, 0x110C, 0x116E, 0x11C2,
    0x110C, 0x116F, 0x110C, 0x116F, 0x11A8, 0x110C, 0x116F, 0x11A9, 0x110C, 0x116F, 0x11AA, 0x110C,
    0x116F, 0x11AB, 0x110C, 0x116F, 0x11AC, 0x110C, 0x116F, 0x11AD, 0x110C, 0x116F, 0x11AE, 0x110C,
    0x116F, 0x11AF, 0x110C, 0x116F, 0x11B0, 0x110C, 0x116F, 0x11B1, 0x110C, 0x116F, 0x11B2, 0x110C,
    0x116F, 0x11B3, 0x110C, 0x116F, 0x11B4, 0x110C, 0x116F, 0x11B5, 0x110C, 0x116F, 0x11B6, 0x110C,
    0x116F, 0x11B7, 0x110C, 0x116F, 0x11B8, 0x110C, 0x116F, 0x11B9, 0x110C, 0x116F, 0x11BA, 0x110C,
    0x116F, 0x11BB, 0x110C, 0x116F, 0x11BC, 0x110C, 0x116F, 0x11BD, 0x110C, 0x116F, 0x11BE, 0x110C,
    0x116F, 0x11BF, 0x110C, 0x116F, 0x11C0, 0x110C, 0x116F, 0x11C1, 0x110C, 0x116F, 0x11C2, 0x110C,
    0x1170, 0x110C, 0x1170, 0x11A8, 0x110C, 0x1170, 0x11A9, 0x110C, 0x1170, 0x11AA, 0x110C, 0x1170,
    0x11AB, 0x110C, 0x1170, 0x11AC, 0x110C, 0x1170, 0x11AD, 0x110C, 0x1170, 0x11AE, 0x110C, 0x1170,
    0x11AF, 0x110C, 0x1170, 0x11B0, 0x110C, 0x1170, 0x11B1, 0x110C, 0x1170, 0x11B2, 0x110C, 0x1170,
    0x11B3, 0x110C, 0x1170, 0x11B4, 0x110C, 0x1170, 0x11B5, 0x110C, 0x1170, 0x11B6, 0x110C, 0x1170,
    0x11B7, 0x110C, 0x1170, 0x11B8, 0x110C, 0x1170, 0x11B9, 0x110C, 0x1170, 0x11BA, 0x110C, 0x1170,
    0x11BB, 0x110C, 0x1170, 0x11BC, 0x110C, 0x1170, 0x11BD, 0x110C, 0x1170, 0x11BE, 0x110C, 0x1170,
    0x11BF, 0x110C, 0x1170, 0x11C0, 0x110C, 0x1170, 0x11C1, 0x110C, 0x1170, 0x11C2, 0x110C, 0x1171,
    0x110C, 0x1171, 0x11A8, 0x110C, 0x1171, 0x11A9, 0x110C, 0x1171, 0x11AA, 0x110C, 0x1171, 0x11AB,
    0x110C, 0x1171, 0x11AC, 0x110C, 0x1171, 0x11AD, 0x110C, 0x1171, 0x11AE, 0x110C, 0x1171, 0x11AF,
    0x110C, 0x1171, 0x11B0, 0x110C, 0x1171, 0x11B1, 0x110C, 0x1171, 0x11B2, 0x110C, 0x1171, 0x11B3,
    0x110C, 0x1171, 0x11B4, 0x110C, 0x1171, 0x11B5, 0x110C, 0x1171, 0x11B6, 0x110C, 0x1171, 0x11B7,
    0x110C, 0x1171, 0x11B8, 0x110C, 0x1171, 0x11B9, 0x110C, 0x1171, 0x11BA, 0x110C, 0x1171, 0x11BB,
    0x110C, 0x1171, 0x11BC, 0x110C, 0x1171, 0x11BD, 0x110C, 0x1171, 0x11BE, 0x110C, 0x1171, 0x11BF,
    0x110C, 0x1171, 0x11C0, 0x110C, 0x1171, 0x11C1, 0x110C, 0x1171, 0x11C2, 0x110C, 0x1172, 0x110C,
    0x1172, 0x11A8, 0x110C, 0x1172, 0x11A9, 0x110C, 0x1172, 0x11AA, 0x110C, 0x1172, 0x11AB, 0x110C,
    0x1172, 0x11AC, 0x110C, 0x1172, 0x11AD, 0x110C, 0x1172, 0x11AE, 0x110C, 0x1172, 0x11AF, 0x110C,
    0x1172, 0x11B0, 0x110C, 0x1172, 0x11B1, 0x110C, 0x1172, 0x11B2, 0x110C, 0x1172, 0x11B3, 0x110C,
    0x1172, 0x11B4, 0x110C, 0x1172, 0x11B5, 0x110C, 0x1172, 0x11B6, 0x110C, 0x1172, 0x11B7, 0x110C,
    0x1172, 0x11B8, 0x110C, 0x1172, 0x11B9, 0x110C, 0x1172, 0x11BA, 0x110C, 0x1172, 0x11BB, 0x110C,
    0x1172, 0x11BC, 0x110C, 0x1172, 0x11BD, 0x110C, 0x1172, 0x11BE, 0x110C, 0x1172, 0x11BF, 0x110C,
    0x1172, 0x11C0, 0x110C, 0x1172, 0x11C1, 0x110C, 0x1172, 0x11C2, 0x110C, 0x1173, 0x110C, 0x1173,
    0x11A8, 0x110C, 0x1173, 0x11A9, 0x110C, 0x1173, 0x11AA, 0x110C, 0x1173, 0x11AB, 0x110C, 0x1173,
    0x11AC, 0x110C, 0x1173, 0x11AD, 0x110C, 0x1173, 0x11AE, 0x110C, 0x1173, 0x11AF, 0x110C, 0x1173,
    0x11B0, 0x110C, 0x1173, 0x11B1, 0x110C, 0x1173, 0x11B2, 0x110C, 0x1173, 0x11B3, 0x110C, 0x1173,
    0x11B4, 0x110C, 0x1173, 0x11B5, 0x110C, 0x1173, 0x11B6, 0x110C, 0x1173, 0x11B7, 0x110C, 0x1173,
    0x11B8, 0x110C, 0x1173, 0x11B9, 0x110C, 0x1173, 0x11BA, 0x110C, 0x1173, 0x11BB, 0x110C, 0x1173,
    0x11BC, 0x110C, 0x1173, 0x11BD, 0x110C, 0x1173, 0x11BE, 0x110C, 0x1173, 0x11BF, 0x110C, 0x1173,
    0x11C0, 0x110C, 0x1173, 0x11C1, 0x110C, 0x1173, 0x11C2, 0x110C, 0x1174, 0x110C, 0x1174, 0x11A8,
    0x110C, 0x1174, 0x11A9, 0x110C, 0x1174, 0x11AA, 0x110C, 0x1174, 0x11AB, 0x110C, 0x1174, 0x11AC,
    0x110C, 0x1174, 0x11AD, 0x110C, 0x1174, 0x11AE, 0x110C, 0x1174, 0x11AF, 0x110C, 0x1174, 0x11B0,
    0x110C, 0x1174, 0x11B1, 0x110C, 0x1174, 0x11B2, 0x110C, 0x1174, 0x11B3, 0x110C, 0x1174, 0x11B4,
    0x110C, 0x1174, 0x11B5, 0x110C, 0x1174, 0x11B6, 0x110C, 0x1174, 0x11B7, 0x110C, 0x1174, 0x11B8,
    0x110C, 0x1174, 0x11B9, 0x110C, 0x1174, 0x11BA, 0x110C, 0x1174, 0x11BB, 0x110C, 0x1174, 0x11BC,
    0x110C, 0x1174, 0x11BD, 0x110C, 0x1174, 0x11BE, 0x110C, 0x1174, 0x11BF, 0x110C, 0x1174, 0x11C0,
    0x110C, 0x1174, 0x11C1, 0x110C, 0x1174, 0x11C2, 0x110C, 0x1175, 0x110C, 0x1175, 0x11A8, 0x110C,
    0x1175, 0x11A9, 0x110C, 0x1175, 0x11AA, 0x110C, 0x1175, 0x11AB, 0x110C, 0x1175, 0x11AC, 0x110C,
    0x1175, 0x11AD, 0x110C, 0x1175, 0x11AE, 0x110C, 0x1175, 0x11AF, 0x110C, 0x1175, 0x11B0, 0x110C,
    0x1175, 0x11B1, 0x110C, 0x1175, 0x11B2, 0x110C, 0x1175, 0x11B3, 0x110C, 0x1175, 0x11B4, 0x110C,
    0x1175, 0x11B5, 0x110C, 0x1175, 0x11B6, 0x110C, 0x1175, 0x11B7, 0x110C, 0x1175, 0x11B8, 0x110C,
    0x1175, 0x11B9, 0x110C, 0x1175, 0x11BA, 0x110C, 0x1175, 0x11BB, 0x110C, 0x1175, 0x11BC, 0x110C,
    0x1175, 0x11BD, 0x110C, 0x1175, 0x11BE, 0x110C, 0x1175, 0x11BF, 0x110C, 0x1175, 0x11C0, 0x110C,
    0x1175, 0x11C1, 0x110C, 0x1175, 0x11C2, 0x110D, 0x1161, 0x110D, 0x1161, 0x11A8, 0x110D, 0x1161,
    0x11A9, 0x110D, 0x1161, 0x11AA, 0x110D, 0x1161, 0x11AB, 0x110D, 0x1161, 0x11AC, 0x110D, 0x1161,
    0x11AD, 0x110D, 0x1161, 0x11AE, 0x110D, 0x1161, 0x11AF, 0x110D, 0x1161, 0x11B0, 0x110D, 0x1161,
    0x11B1, 0x110D, 0x1161, 0x11B2, 0x110D, 0x1161, 0x11B3, 0x110D, 0x1161, 0x11B4, 0x110D, 0x1161,
    0x11B5, 0x110D, 0x1161, 0x11B6, 0x110D, 0x1161, 0x11B7, 0x110D, 0x1161, 0x11B8, 0x110D, 0x1161,
    0x11B9, 0x110D, 0x1161, 0x11BA, 0x110D, 0x1161, 0x11BB, 0x110D, 0x1161, 0x11BC, 0x110D, 0x1161,
    0x11BD, 0x110D, 0x1161, 0x11BE, 0x110D, 0x1161, 0x11BF, 0x110D, 0x1161, 0x11C0, 0x110D, 0x1161,
    0x11C1, 0x110D, 0x1161, 0x11C2, 0x110D, 0x1162, 0x110D, 0x1162, 0x11A8, 0x110D, 0x1162, 0x11A9,
    0x110D, 0x1162, 0x11AA, 0x110D, 0x1162, 0x11AB, 0x110D, 0x1162, 0x11AC, 0x110D, 0x1162, 0x11AD,
    0x110D, 0x1162, 0x11AE, 0x110D, 0x1162, 0x11AF, 0x110D, 0x1162, 0x11B0, 0x110D, 0x1162, 0x11B1,
    0x110D, 0x1162, 0x11B2, 0x110D, 0x1162, 0x11B3, 0x110D, 0x1162, 0x11B4, 0x110D, 0x1162, 0x11B5,
    0x110D, 0x1162, 0x11B6, 0x110D, 0x1162, 0x11B7, 0x110D, 0x1162, 0x11B8, 0x110D, 0x1162, 0x11B9,
    0x110D, 0x1162, 0x11BA, 0x110D, 0x1162, 0x11BB, 0x110D, 0x1162, 0x11BC, 0x110D, 0x1162, 0x11BD,
    0x110D, 0x1162, 0x11BE, 0x110D, 0x1162, 0x11BF, 0x110D, 0x1162, 0x11C0, 0x110D, 0x1162, 0x11C1,
    0x110D, 0x1162, 0x11C2, 0x110D, 0x1163, 0x110D, 0x1163, 0x11A8, 0x110D, 0x1163, 0x11A9, 0x110D,
    0x1163, 0x11AA, 0x110D, 0x1163, 0x11AB, 0x110D, 0x1163, 0x11AC, 0x110D, 0x1163, 0x11AD, 0x110D,
    0x1163, 0x11AE, 0x110D, 0x1163, 0x11AF, 0x110D, 0x1163, 0x11B0, 0x110D, 0x1163, 0x11B1, 0x110D,
    0x1163, 0x11B2, 0x110D, 0x1163, 0x11B3, 0x110D, 0x1163, 0x11B4, 0x110D, 0x1163, 0x11B5, 0x110D,
    0x1163, 0x11B6, 0x110D, 0x1163, 0x11B7, 0x110D, 0x1163, 0x11B8, 0x110D, 0x1163, 0x11B9, 0x110D,
    0x1163, 0x11BA, 0x110D, 0x1163, 0x11BB, 0x110D, 0x1163, 0x11BC, 0x110D, 0x1163, 0x11BD, 0x110D,
    0x1163, 0x11BE, 0x110D, 0x1163, 0x11BF, 0x110D, 0x1163, 0x11C0, 0x110D, 0x1163, 0x11C1, 0x110D,
    0x1163, 0x11C2, 0x110D, 0x1164, 0x110D, 0x1164, 0x11A8, 0x110D, 0x1164, 0x11A9, 0x110D, 0x1164,
    0x11AA, 0x110D, 0x1164, 0x11AB, 0x110D, 0x1164, 0x11AC, 0x110D, 0x1164, 0x11AD, 0x110D, 0x1164,
    0x11AE, 0x110D, 0x1164, 0x11AF, 0x110D, 0x1164, 0x11B0, 0x110D, 0x1164, 0x11B1, 0x110D, 0x1164,
    0x11B2, 0x110D, 0x1164, 0x11B3, 0x110D, 0x1164, 0x11B4, 0x110D, 0x1164, 0x11B5, 0x110D, 0x1164,
    0x11B6, 0x110D, 0x1164, 0x11B7, 0x110D, 0x1164, 0x11B8, 0x110D, 0x1164, 0x11B9, 0x110D, 0x1164,
    0x11BA, 0x110D, 0x1164, 0x11BB, 0x110D, 0x1164, 0x11BC, 0x110D, 0x1164, 0x11BD, 0x110D, 0x1164,
    0x11BE, 0x110D, 0x1164, 0x11BF, 0x110D, 0x1164, 0x11C0, 0x110D, 0x1164, 0x11C1, 0x110D, 0x1164,
    0x11C2, 0x110D, 0x1165, 0x110D, 0x1165, 0x11A8, 0x110D, 0x1165, 0x11A9, 0x110D, 0x1165, 0x11AA,
    0x110D, 0x1165, 0x11AB, 0x110D, 0x1165, 0x11AC, 0x110D, 0x1165, 0x11AD, 0x110D, 0x1165, 0x11AE,
    0x110D, 0x1165, 0x11AF, 0x110D, 0x1165, 0x11B0, 0x110D, 0x1165, 0x11B1, 0x110D, 0x1165, 0x11B2,
    0x110D, 0x1165, 0x11B3, 0x110D, 0x1165, 0x11B4, 0x110D, 0x1165, 0x11B5, 0x110D, 0x1165, 0x11B6,
    0x110D, 0x1165, 0x11B7, 0x110D, 0x1165, 0x11B8, 0x110D, 0x1165, 0x11B9, 0x110D, 0x1165, 0x11BA,
    0x110D, 0x1165, 0x11BB, 0x110D, 0x1165, 0x11BC, 0x110D, 0x1165, 0x11BD, 0x110D, 0x1165, 0x11BE,
    0x110D, 0x1165, 0x11BF, 0x110D, 0x1165, 0x11C0, 0x110D, 0x1165, 0x11C1, 0x110D, 0x1165, 0x11C2,
    0x110D, 0x1166, 0x110D, 0x1166, 0x11A8, 0x110D, 0x1166, 0x11A9, 0x110D, 0x1166, 0x11AA, 0x110D,
    0x1166, 0x11AB, 0x110D, 0x1166, 0x11AC, 0x110D, 0x1166, 0x11AD, 0x110D, 0x1166, 0x11AE, 0x110D,
    0x1166, 0x11AF, 0x110D, 0x1166, 0x11B0, 0x110D, 0x1166, 0x11B1, 0x110D, 0x1166, 0x11B2, 0x110D,
    0x1166, 0x11B3, 0x110D, 0x1166, 0x11B4, 0x110D, 0x1166, 0x11B5, 0x110D, 0x1166, 0x11B6, 0x110D,
    0x1166, 0x11B7, 0x110D, 0x1166, 0x11B8, 0x110D, 0x1166, 0x11B9, 0x110D, 0x1166, 0x11BA, 0x110D,
    0x1166, 0x11BB, 0x110D, 0x1166, 0x11BC, 0x110D, 0x1166, 0x11BD, 0x110D, 0x1166, 0x11BE, 0x110D,
    0x1166, 0x11BF, 0x110D, 0x1166, 0x11C0, 0x110D, 0x1166, 0x11C1, 0x110D, 0x1166, 0x11C2, 0x110D,
    0x1167, 0x110D, 0x1167, 0x11A8, 0x110D, 0x1167, 0x11A9, 0x110D, 0x1167, 0x11AA, 0x110D, 0x1167,
    0x11AB, 0x110D, 0x1167, 0x11AC, 0x110D, 0x1167, 0x11AD, 0x110D, 0x1167, 0x11AE, 0x110D, 0x1167,
    0x11AF, 0x110D, 0x1167, 0x11B0, 0x110D, 0x1167, 0x11B1, 0x110D, 0x1167, 0x11B2, 0x110D, 0x1167,
    0x11B3, 0x110D, 0x1167, 0x11B4, 0x110D, 0x1167, 0x11B5, 0x110D, 0x1167, 0x11B6, 0x110D, 0x1167,
    0x11B7, 0x110D, 0x1167, 0x11B8, 0x110D, 0x1167, 0x11B9, 0x110D, 0x1167, 0x11BA, 0x110D, 0x1167,
    0x11BB, 0x110D, 0x1167, 0x11BC, 0x110D, 0x1167, 0x11BD, 0x110D, 0x1167, 0x11BE, 0x110D, 0x1167,
    0x11BF, 0x110D, 0x1167, 0x11C0, 0x110D, 0x1167, 0x11C1, 0x110D, 0x1167, 0x11C2, 0x110D, 0x1168,
    0x110D, 0x1168, 0x11A8, 0x110D, 0x1168, 0x11A9, 0x110D, 0x1168, 0x11AA, 0x110D, 0x1168, 0x11AB,
    0x110D, 0x1168, 0x11AC, 0x110D, 0x1168, 0x11AD, 0x110D, 0x1168, 0x11AE, 0x110D, 0x1168, 0x11AF,
    0x110D, 0x1168, 0x11B0, 0x110D, 0x1168, 0x11B1, 0x110D, 0x1168, 0x11B2, 0x110D, 0x1168, 0x11B3,
    0x110D, 0x1168, 0x11B4, 0x110D, 0x1168, 0x11B5, 0x110D, 0x1168, 0x11B6, 0x110D, 0x1168, 0x11B7,
    0x110D, 0x1168, 0x11B8, 0x110D, 0x1168, 0x11B9, 0x110D, 0x1168, 0x11BA, 0x110D, 0x1168, 0x11BB,
    0x110D, 0x1168, 0x11BC, 0x110D, 0x1168, 0x11BD, 0x110D, 0x1168, 0x11BE, 0x110D, 0x1168, 0x11BF,
    0x110D, 0x1168, 0x11C0, 0x110D, 0x1168, 0x11C1, 0x110D, 0x1168, 0x11C2, 0x110D, 0x1169, 0x110D,
    0x1169, 0x11A8, 0x110D, 0x1169, 0x11A9, 0x110D, 0x1169, 0x11AA, 0x110D, 0x1169, 0x11AB, 0x110D,
    0x1169, 0x11AC, 0x110D, 0x1169, 0x11AD, 0x110D, 0x1169, 0x11AE, 0x110D, 0x1169, 0x11AF, 0x110D,
    0x1169, 0x11B0, 0x110D, 0x1169, 0x11B1, 0x110D, 0x1169, 0x11B2, 0x110D, 0x1169, 0x11B3, 0x110D,
    0x1169, 0x11B4, 0x110D, 0x1169, 0x11B5, 0x110D, 0x1169, 0x11B6, 0x110D, 0x1169, 0x11B7, 0x110D,
    0x1169, 0x11B8, 0x110D, 0x1169, 0x11B9, 0x110D, 0x1169, 0x11BA, 0x110D, 0x1169, 0x11BB, 0x110D,
    0x1169, 0x11BC, 0x110D, 0x1169, 0x11BD, 0x110D, 0x1169, 0x11BE, 0x110D, 0x1169, 0x11BF, 0x110D,
    0x1169, 0x11C0, 0x110D, 0x1169, 0x11C1, 0x110D, 0x1169, 0x11C2, 0x110D, 0x116A, 0x110D, 0x116A,
    0x11A8, 0x110D, 0x116A, 0x11A9, 0x110D, 0x116A, 0x11AA, 0x110D, 0x116A, 0x11AB, 0x110D, 0x116A,
    0x11AC, 0x110D, 0x116A, 0x11AD, 0x110D, 0x116A, 0x11AE, 0x110D, 0x116A, 0x11AF, 0x110D, 0x116A,
    0x11B0, 0x110D, 0x116A, 0x11B1, 0x110D, 0x116A, 0x11B2, 0x110D, 0x116A, 0x11B3, 0x110D, 0x116A,
    0x11B4, 0x110D, 0x116A, 0x11B5, 0x110D, 0x116A, 0x11B6, 0x110D, 0x116A, 0x11B7, 0x110D, 0x116A,
    0x11B8, 0x110D, 0x116A, 0x11B9, 0x110D, 0x116A, 0x11BA, 0x110D, 0x116A, 0x11BB, 0x110D, 0x116A,
    0x11BC, 0x110D, 0x116A, 0x11BD, 0x110D, 0x116A, 0x11BE, 0x110D, 0x116A, 0x11BF, 0x110D, 0x116A,
    0x11C0, 0x110D, 0x116A, 0x11C1, 0x110D, 0x116A, 0x11C2, 0x110D, 0x116B, 0x110D, 0x116B, 0x11A8,
    0x110D, 0x116B, 0x11A9, 0x110D, 0x116B, 0x11AA, 0x110D, 0x116B, 0x11AB, 0x110D, 0x116B, 0x11AC,
    0x110D, 0x116B, 0x11AD, 0x110D, 0x116B, 0x11AE, 0x110D, 0x116B, 0x11AF, 0x110D, 0x116B, 0x11B0,
    0x110D, 0x116B, 0x11B1, 0x110D, 0x116B, 0x11B2, 0x110D, 0x116B, 0x11B3, 0x110D, 0x116B, 0x11B4,
    0x110D, 0x116B, 0x11B5, 0x110D, 0x116B, 0x11B6, 0x110D, 0x116B, 0x11B7, 0x110D, 0x116B, 0x11B8,
    0x110D, 0x116B, 0x11B9, 0x110D, 0x116B, 0x11BA, 0x110D, 0x116B, 0x11BB, 0x110D, 0x116B, 0x11BC,
    0x110D, 0x116B, 0x11BD, 0x110D, 0x116B, 0x11BE, 0x110D, 0x116B, 0x11BF, 0x110D, 0x116B, 0x11C0,
    0x110D, 0x116B, 0x11C1, 0x110D, 0x116B, 0x11C2, 0x110D, 0x116C, 0x110D, 0x116C, 0x11A8, 0x110D,
    0x116C, 0x11A9, 0x110D, 0x116C, 0x11AA, 0x110D, 0x116C, 0x11AB, 0x110D, 0x116C, 0x11AC, 0x110D,
    0x116C, 0x11AD, 0x110D, 0x116C, 0x11AE, 0x110D, 0x116C, 0x11AF, 0x110D, 0x116C, 0x11B0, 0x110D,
    0x116C, 0x11B1, 0x110D, 0x116C, 0x11B2, 0x110D, 0x116C, 0x11B3, 0x110D, 0x116C, 0x11B4, 0x110D,
    0x116C, 0x11B5, 0x110D, 0x116C, 0x11B6, 0x110D, 0x116C, 0x11B7, 0x110D, 0x116C, 0x11B8, 0x110D,
    0x116C, 0x11B9, 0x110D, 0x116C, 0x11BA, 0x110D, 0x116C, 0x11BB, 0x110D, 0x116C, 0x11BC, 0x110D,
    0x116C, 0x11BD, 0x110D, 0x116C, 0x11BE, 0x110D, 0x116C, 0x11BF, 0x110D, 0x116C, 0x11C0, 0x110D,
    0x116C, 0x11C1, 0x110D, 0x116C, 0x11C2, 0x110D, 0x116D, 0x110D, 0x116D, 0x11A8, 0x110D, 0x116D,
    0x11A9, 0x110D, 0x116D, 0x11AA, 0x110D, 0x116D, 0x11AB, 0x110D, 0x116D, 0x11AC, 0x110D, 0x116D,
    0x11AD, 0x110D, 0x116D, 0x11AE, 0x110D, 0x116D, 0x11AF, 0x110D, 0x116D, 0x11B0, 0x110D, 0x116D,
    0x11B1, 0x110D, 0x116D, 0x11B2, 0x110D, 0x116D, 0x11B3, 0x110D, 0x116D, 0x11B4, 0x110D, 0x116D,
    0x11B5, 0x110D, 0x116D, 0x11B6, 0x110D, 0x116D, 0x11B7, 0x110D, 0x116D, 0x11B8, 0x110D, 0x116D,
    0x11B9, 0x110D, 0x116D, 0x11BA, 0x110D, 0x116D, 0x11BB, 0x110D, 0x116D, 0x11BC, 0x110D, 0x116D,
    0x11BD, 0x110D, 0x116D, 0x11BE, 0x110D, 0x116D, 0x11BF, 0x110D, 0x116D, 0x11C0, 0x110D, 0x116D,
    0x11C1, 0x110D, 0x116D, 0x11C2, 0x110D, 0x116E, 0x110D, 0x116E, 0x11A8, 0x110D, 0x116E, 0x11A9,
    0x110D, 0x116E, 0x11AA, 0x110D, 0x116E, 0x11AB, 0x110D, 0x116E, 0x11AC, 0x110D, 0x116E, 0x11AD,
    0x110D, 0x116E, 0x11AE, 0x110D, 0x116E, 0x11AF, 0x110D, 0x116E, 0x11B0, 0x110D, 0x116E, 0x11B1,
    0x110D, 0x116E, 0x11B2, 0x110D, 0x116E, 0x11B3, 0x110D, 0x116E, 0x11B4, 0x110D, 0x116E, 0x11B5,
    0x110D, 0x116E, 0x11B6, 0x110D, 0x116E, 0x11B7, 0x110D, 0x116E, 0x11B8, 0x110D, 0x116E, 0x11B9,
    0x110D, 0x116E, 0x11BA, 0x110D, 0x116E, 0x11BB, 0x110D, 0x116E, 0x11BC, 0x110D, 0x116E, 0x11BD,
    0x110D, 0x116E, 0x11BE, 0x110D, 0x116E, 0x11BF, 0x110D, 0x116E, 0x11C0, 0x110D, 0x116E, 0x11C1,
    0x110D, 0x116E, 0x11C2, 0x110D, 0x116F, 0x110D, 0x116F, 0x11A8, 0x110D, 0x116F, 0x11A9, 0x110D,
    0x116F, 0x11AA, 0x110D, 0x116F, 0x11AB, 0x110D, 0x116F, 0x11AC, 0x110D, 0x116F, 0x11AD, 0x110D,
    0x116F, 0x11AE, 0x110D, 0x116F, 0x11AF, 0x110D, 0x116F, 0x11B0, 0x110D, 0x116F, 0x11B1, 0x110D,
    0x116F, 0x11B2, 0x110D, 0x116F, 0x11B3, 0x110D, 0x116F, 0x11B4, 0x110D, 0x116F, 0x11B5, 0x110D,
    0x116F, 0x11B6, 0x110D, 0x116F, 0x11B7, 0x110D, 0x116F, 0x11B8, 0x110D, 0x116F, 0x11B9, 0x110D,
    0x116F, 0x11BA, 0x110D, 0x116F, 0x11BB, 0x110D, 0x116F, 0x11BC, 0x110D, 0x116F, 0x11BD, 0x110D,
    0x116F, 0x11BE, 0x110D, 0x116F, 0x11BF, 0x110D, 0x116F, 0x11C0, 0x110D, 0x116F, 0x11C1, 0x110D,
    0x116F, 0x11C2, 0x110D, 0x1170, 0x110D, 0x1170, 0x11A8, 0x110D, 0x1170, 0x11A9, 0x110D, 0x1170,
    0x11AA, 0x110D, 0x1170, 0x11AB, 0x110D, 0x1170, 0x11AC, 0x110D, 0x1170, 0x11AD, 0x110D, 0x1170,
    0x11AE, 0x110D, 0x1170, 0x11AF, 0x110D, 0x1170, 0x11B0, 0x110D, 0x1170, 0x11B1, 0x110D, 0x1170,
    0x11B2, 0x110D, 0x1170, 0x11B3, 0x110D, 0x1170, 0x11B4, 0x110D, 0x1170, 0x11B5, 0x110D, 0x1170,
    0x11B6, 0x110D, 0x1170, 0x11B7, 0x110D, 0x1170, 0x11B8, 0x110D, 0x1170, 0x11B9, 0x110D, 0x1170,
    0x11BA, 0x110D, 0x1170, 0x11BB, 0x110D, 0x1170, 0x11BC, 0x110D, 0x1170, 0x11BD, 0x110D, 0x1170,
    0x11BE, 0x110D, 0x1170, 0x11BF, 0x110D, 0x1170, 0x11C0, 0x110D, 0x1170, 0x11C1, 0x110D, 0x1170,
    0x11C2, 0x110D, 0x1171, 0x110D, 0x1171, 0x11A8, 0x110D, 0x1171, 0x11A9, 0x110D, 0x1171, 0x11AA,
    0x110D, 0x1171, 0x11AB, 0x110D, 0x1171, 0x11AC, 0x110D, 0x1171, 0x11AD, 0x110D, 0x1171, 0x11AE,
    0x110D, 0x1171, 0x11AF, 0x110D, 0x1171, 0x11B0, 0x110D, 0x1171, 0x11B1, 0x110D, 0x1171, 0x11B2,
    0x110D, 0x1171, 0x11B3, 0x110D, 0x1171, 0x11B4, 0x110D, 0x1171, 0x11B5, 0x110D, 0x1171, 0x11B6,
    0x110D, 0x1171, 0x11B7, 0x110D, 0x1171, 0x11B8, 0x110D, 0x1171, 0x11B9, 0x110D, 0x1171, 0x11BA,
    0x110D, 0x1171, 0x11BB, 0x110D, 0x1171, 0x11BC, 0x110D, 0x1171, 0x11BD, 0x110D, 0x1171, 0x11BE,
    0x110D, 0x1171, 0x11BF, 0x110D, 0x1171, 0x11C0, 0x110D, 0x1171, 0x11C1, 0x110D, 0x1171, 0x11C2,
    0x110D, 0x1172, 0x110D, 0x1172, 0x11A8, 0x110D, 0x1172, 0x11A9, 0x110D, 0x1172, 0x11AA, 0x110D,
    0x1172, 0x11AB, 0x110D, 0x1172, 0x11AC, 0x110D, 0x1172, 0x11AD, 0x110D, 0x1172, 0x11AE, 0x110D,
    0x1172, 0x11AF, 0x110D, 0x1172, 0x11B0, 0x110D, 0x1172, 0x11B1, 0x110D, 0x1172, 0x11B2, 0x110D,
    0x1172, 0x11B3, 0x110D, 0x1172, 0x11B4, 0x110D, 0x1172, 0x11B5, 0x110D, 0x1172, 0x11B6, 0x110D,
    0x1172, 0x11B7, 0x110D, 0x1172, 0x11B8, 0x110D, 0x1172, 0x11B9, 0x110D, 0x1172, 0x11BA, 0x110D,
    0x1172, 0x11BB, 0x110D, 0x1172, 0x11BC, 0x110D, 0x1172, 0x11BD, 0x110D, 0x1172, 0x11BE, 0x110D,
    0x1172, 0x11BF, 0x110D, 0x1172, 0x11C0, 0x110D, 0x1172, 0x11C1, 0x110D, 0x1172, 0x11C2, 0x110D,
    0x1173, 0x110D, 0x1173, 0x11A8, 0x110D, 0x1173, 0x11A9, 0x110D, 0x1173, 0x11AA, 0x110D, 0x1173,
    0x11AB, 0x110D, 0x1173, 0x11AC, 0x110D, 0x1173, 0x11AD, 0x110D, 0x1173, 0x11AE, 0x110D, 0x1173,
    0x11AF, 0x110D, 0x1173, 0x11B0, 0x110D, 0x1173, 0x11B1, 0x110D, 0x1173, 0x11B2, 0x110D, 0x1173,
    0x11B3, 0x110D, 0x1173, 0x11B4, 0x110D, 0x1173, 0x11B5, 0x110D, 0x1173, 0x11B6, 0x110D, 0x1173,
    0x11B7, 0x110D, 0x1173, 0x11B8, 0x110D, 0x1173, 0x11B9, 0x110D, 0x1173, 0x11BA, 0x110D, 0x1173,
    0x11BB, 0x110D, 0x1173, 0x11BC, 0x110D, 0x1173, 0x11BD, 0x110D, 0x1173, 0x11BE, 0x110D, 0x1173,
    0x11BF, 0x110D, 0x1173, 0x11C0, 0x110D, 0x1173, 0x11C1, 0x110D, 0x1173, 0x11C2, 0x110D, 0x1174,
    0x110D, 0x1174, 0x11A8, 0x110D, 0x1174, 0x11A9, 0x110D, 0x1174, 0x11AA, 0x110D, 0x1174, 0x11AB,
    0x110D, 0x1174, 0x11AC, 0x110D, 0x1174, 0x11AD, 0x110D, 0x1174, 0x11AE, 0x110D, 0x1174, 0x11AF,
    0x110D, 0x1174, 0x11B0, 0x110D, 0x1174, 0x11B1, 0x110D, 0x1174, 0x11B2, 0x110D, 0x1174, 0x11B3,
    0x110D, 0x1174, 0x11B4, 0x110D, 0x1174, 0x11B5, 0x110D, 0x1174, 0x11B6, 0x110D, 0x1174, 0x11B7,
    0x110D, 0x1174, 0x11B8, 0x110D, 0x1174, 0x11B9, 0x110D, 0x1174, 0x11BA, 0x110D, 0x1174, 0x11BB,
    0x110D, 0x1174, 0x11BC, 0x110D, 0x1174, 0x11BD, 0x110D, 0x1174, 0x11BE, 0x110D, 0x1174, 0x11BF,
    0x110D, 0x1174, 0x11C0, 0x110D, 0x1174, 0x11C1, 0x110D, 0x1174, 0x11C2, 0x110D, 0x1175, 0x110D,
    0x1175, 0x11A8, 0x110D, 0x1175, 0x11A9, 0x110D, 0x1175, 0x11AA, 0x110D, 0x1175, 0x11AB, 0x110D,
    0x1175, 0x11AC, 0x110D, 0x1175, 0x11AD, 0x110D, 0x1175, 0x11AE, 0x110D, 0x1175, 0x11AF, 0x110D,
    0x1175, 0x11B0, 0x110D, 0x1175, 0x11B1, 0x110D, 0x1175, 0x11B2, 0x110D, 0x1175, 0x11B3, 0x110D,
    0x1175, 0x11B4, 0x110D, 0x1175, 0x11B5, 0x110D, 0x1175, 0x11B6, 0x110D, 0x1175, 0x11B7, 0x110D,
    0x1175, 0x11B8, 0x110D, 0x1175, 0x11B9, 0x110D, 0x1175, 0x11BA, 0x110D, 0x1175, 0x11BB, 0x110D,
    0x1175, 0x11BC, 0x110D, 0x1175, 0x11BD, 0x110D, 0x1175, 0x11BE, 0x110D, 0x1175, 0x11BF, 0x110D,
    0x1175, 0x11C0, 0x110D, 0x1175, 0x11C1, 0x110D, 0x1175, 0x11C2, 0x110E, 0x1161, 0x110E, 0x1161,
    0x11A8, 0x110E, 0x1161, 0x11A9, 0x110E, 0x1161, 0x11AA, 0x110E, 0x1161, 0x11AB, 0x110E, 0x1161,
    0x11AC, 0x110E, 0x1161, 0x11AD, 0x110E, 0x1161, 0x11AE, 0x110E, 0x1161, 0x11AF, 0x110E, 0x1161,
    0x11B0, 0x110E, 0x1161, 0x11B1, 0x110E, 0x1161, 0x11B2, 0x110E, 0x1161, 0x11B3, 0x110E, 0x1161,
    0x11B4, 0x110E, 0x1161, 0x11B5, 0x110E, 0x1161, 0x11B6, 0x110E, 0x1161, 0x11B7, 0x110E, 0x1161,
    0x11B8, 0x110E, 0x1161, 0x11B9, 0x110E, 0x1161, 0x11BA, 0x110E, 0x1161, 0x11BB, 0x110E, 0x1161,
    0x11BC, 0x110E, 0x1161, 0x11BD, 0x110E, 0x1161, 0x11BE, 0x110E, 0x1161, 0x11BF, 0x110E, 0x1161,
    0x11C0, 0x110E, 0x1161, 0x11C1, 0x110E, 0x1161, 0x11C2, 0x110E, 0x1162, 0x110E, 0x1162, 0x11A8,
    0x110E, 0x1162, 0x11A9, 0x110E, 0x1162, 0x11AA, 0x110E, 0x1162, 0x11AB, 0x110E, 0x1162, 0x11AC,
    0x110E, 0x1162, 0x11AD, 0x110E, 0x1162, 0x11AE, 0x110E, 0x1162, 0x11AF, 0x110E, 0x1162, 0x11B0,
    0x110E, 0x1162, 0x11B1, 0x110E, 0x1162, 0x11B2, 0x110E, 0x1162, 0x11B3, 0x110E, 0x1162, 0x11B4,
    0x110E, 0x1162, 0x11B5, 0x110E, 0x1162, 0x11B6, 0x110E, 0x1162, 0x11B7, 0x110E, 0x1162, 0x11B8,
    0x110E, 0x1162, 0x11B9, 0x110E, 0x1162, 0x11BA, 0x110E, 0x1162, 0x11BB, 0x110E, 0x1162, 0x11BC,
    0x110E, 0x1162, 0x11BD, 0x110E, 0x1162, 0x11BE, 0x110E, 0x1162, 0x11BF, 0x110E, 0x1162, 0x11C0,
    0x110E, 0x1162, 0x11C1, 0x110E, 0x1162, 0x11C2, 0x110E, 0x1163, 0x110E, 0x1163, 0x11A8, 0x110E,
    0x1163, 0x11A9, 0x110E, 0x1163, 0x11AA, 0x110E, 0x1163, 0x11AB, 0x110E, 0x1163, 0x11AC, 0x110E,
    0x1163, 0x11AD, 0x110E, 0x1163, 0x11AE, 0x110E, 0x1163, 0x11AF, 0x110E, 0x1163, 0x11B0, 0x110E,
    0x1163, 0x11B1, 0x110E, 0x1163, 0x11B2, 0x110E, 0x1163, 0x11B3, 0x110E, 0x1163, 0x11B4, 0x110E,
    0x1163, 0x11B5, 0x110E, 0x1163, 0x11B6, 0x110E, 0x1163, 0x11B7, 0x110E, 0x1163, 0x11B8, 0x110E,
    0x1163, 0x11B9, 0x110E, 0x1163, 0x11BA, 0x110E, 0x1163, 0x11BB, 0x110E, 0x1163, 0x11BC, 0x110E,
    0x1163, 0x11BD, 0x110E, 0x1163, 0x11BE, 0x110E, 0x1163, 0x11BF, 0x110E, 0x1163, 0x11C0, 0x110E,
    0x1163, 0x11C1, 0x110E, 0x1163, 0x11C2, 0x110E, 0x1164, 0x110E, 0x1164, 0x11A8, 0x110E, 0x1164,
    0x11A9, 0x110E, 0x1164, 0x11AA, 0x110E, 0x1164, 0x11AB, 0x110E, 0x1164, 0x11AC, 0x110E, 0x1164,
    0x11AD, 0x110E, 0x1164, 0x11AE, 0x110E, 0x1164, 0x11AF, 0x110E, 0x1164, 0x11B0, 0x110E, 0x1164,
    0x11B1, 0x110E, 0x1164, 0x11B2, 0x110E, 0x1164, 0x11B3, 0x110E, 0x1164, 0x11B4, 0x110E, 0x1164,
    0x11B5, 0x110E, 0x1164, 0x11B6, 0x110E, 0x1164, 0x11B7, 0x110E, 0x1164, 0x11B8, 0x110E, 0x1164,
    0x11B9, 0x110E, 0x1164, 0x11BA, 0x110E, 0x1164, 0x11BB, 0x110E, 0x1164, 0x11BC, 0x110E, 0x1164,
    0x11BD, 0x110E, 0x1164, 0x11BE, 0x110E, 0x1164, 0x11BF, 0x110E, 0x1164, 0x11C0, 0x110E, 0x1164,
    0x11C1, 0x110E, 0x1164, 0x11C2, 0x110E, 0x1165, 0x110E, 0x1165, 0x11A8, 0x110E, 0x1165, 0x11A9,
    0x110E, 0x1165, 0x11AA, 0x110E, 0x1165, 0x11AB, 0x110E, 0x1165, 0x11AC, 0x110E, 0x1165, 0x11AD,
    0x110E, 0x1165, 0x11AE, 0x110E, 0x1165, 0x11AF, 0x110E, 0x1165, 0x11B0, 0x110E, 0x1165, 0x11B1,
    0x110E, 0x1165, 0x11B2, 0x110E, 0x1165, 0x11B3, 0x110E, 0x1165, 0x11B4, 0x110E, 0x1165, 0x11B5,
    0x110E, 0x1165, 0x11B6, 0x110E, 0x1165, 0x11B7, 0x110E, 0x1165, 0x11B8, 0x110E, 0x1165, 0x11B9,
    0x110E, 0x1165, 0x11BA, 0x110E, 0x1165, 0x11BB, 0x110E, 0x1165, 0x11BC, 0x110E, 0x1165, 0x11BD,
    0x110E, 0x1165, 0x11BE, 0x110E, 0x1165, 0x11BF, 0x110E, 0x1165, 0x11C0, 0x110E, 0x1165, 0x11C1,
    0x110E, 0x1165, 0x11C2, 0x110E, 0x1166, 0x110E, 0x1166, 0x11A8, 0x110E, 0x1166, 0x11A9, 0x110E,
    0x1166, 0x11AA, 0x110E, 0x1166, 0x11AB, 0x110E, 0x1166, 0x11AC, 0x110E, 0x1166, 0x11AD, 0x110E,
    0x1166, 0x11AE, 0x110E, 0x1166, 0x11AF, 0x110E, 0x1166, 0x11B0, 0x110E, 0x1166, 0x11B1, 0x110E,
    0x1166, 0x11B2, 0x110E, 0x1166, 0x11B3, 0x110E, 0x1166, 0x11B4, 0x110E, 0x1166, 0x11B5, 0x110E,
    0x1166, 0x11B6, 0x110E, 0x1166, 0x11B7, 0x110E, 0x1166, 0x11B8, 0x110E, 0x1166, 0x11B9, 0x110E,
    0x1166, 0x11BA, 0x110E, 0x1166, 0x11BB, 0x110E, 0x1166, 0x11BC, 0x110E, 0x1166, 0x11BD, 0x110E,
    0x1166, 0x11BE, 0x110E, 0x1166, 0x11BF, 0x110E, 0x1166, 0x11C0, 0x110E, 0x1166, 0x11C1, 0x110E,
    0x1166, 0x11C2, 0x110E, 0x1167, 0x110E, 0x1167, 0x11A8, 0x110E, 0x1167, 0x11A9, 0x110E, 0x1167,
    0x11AA, 0x110E, 0x1167, 0x11AB, 0x110E, 0x1167, 0x11AC, 0x110E, 0x1167, 0x11AD, 0x110E, 0x1167,
    0x11AE, 0x110E, 0x1167, 0x11AF, 0x110E, 0x1167, 0x11B0, 0x110E, 0x1167, 0x11B1, 0x110E, 0x1167,
    0x11B2, 0x110E, 0x1167, 0x11B3, 0x110E, 0x1167, 0x11B4, 0x110E, 0x1167, 0x11B5, 0x110E, 0x1167,
    0x11B6, 0x110E, 0x1167, 0x11B7, 0x110E, 0x1167, 0x11B8, 0x110E, 0x1167, 0x11B9, 0x110E, 0x1167,
    0x11BA, 0x110E, 0x1167, 0x11BB, 0x110E, 0x1167, 0x11BC, 0x110E, 0x1167, 0x11BD, 0x110E, 0x1167,
    0x11BE, 0x110E, 0x1167, 0x11BF, 0x110E, 0x1167, 0x11C0, 0x110E, 0x1167, 0x11C1, 0x110E, 0x1167,
    0x11C2, 0x110E, 0x1168, 0x110E, 0x1168, 0x11A8, 0x110E, 0x1168, 0x11A9, 0x110E, 0x1168, 0x11AA,
    0x110E, 0x1168, 0x11AB, 0x110E, 0x1168, 0x11AC, 0x110E, 0x1168, 0x11AD, 0x110E, 0x1168, 0x11AE,
    0x110E, 0x1168, 0x11AF, 0x110E, 0x1168, 0x11B0, 0x110E, 0x1168, 0x11B1, 0x110E, 0x1168, 0x11B2,
    0x110E, 0x1168, 0x11B3, 0x110E, 0x1168, 0x11B4, 0x110E, 0x1168, 0x11B5, 0x110E, 0x1168, 0x11B6,
    0x110E, 0x1168, 0x11B7, 0x110E, 0x1168, 0x11B8, 0x110E, 0x1168, 0x11B9, 0x110E, 0x1168, 0x11BA,
    0x110E, 0x1168, 0x11BB, 0x110E, 0x1168, 0x11BC, 0x110E, 0x1168, 0x11BD, 0x110E, 0x1168, 0x11BE,
    0x110E, 0x1168, 0x11BF, 0x110E, 0x1168, 0x11C0, 0x110E, 0x1168, 0x11C1, 0x110E, 0x1168, 0x11C2,
    0x110E, 0x1169, 0x110E, 0x1169, 0x11A8, 0x110E, 0x1169, 0x11A9, 0x110E, 0x1169, 0x11AA, 0x110E,
    0x1169, 0x11AB, 0x110E, 0x1169, 0x11AC, 0x110E, 0x1169, 0x11AD, 0x110E, 0x1169, 0x11AE, 0x110E,
    0x1169, 0x11AF, 0x110E, 0x1169, 0x11B0, 0x110E, 0x1169, 0x11B1, 0x110E, 0x1169, 0x11B2, 0x110E,
    0x1169, 0x11B3, 0x110E, 0x1169, 0x11B4, 0x110E, 0x1169, 0x11B5, 0x110E, 0x1169, 0x11B6, 0x110E,
    0x1169, 0x11B7, 0x110E, 0x1169, 0x11B8, 0x110E, 0x1169, 0x11B9, 0x110E, 0x1169, 0x11BA, 0x110E,
    0x1169, 0x11BB, 0x110E, 0x1169, 0x11BC, 0x110E, 0x1169, 0x11BD, 0x110E, 0x1169, 0x11BE, 0x110E,
    0x1169, 0x11BF, 0x110E, 0x1169, 0x11C0, 0x110E, 0x1169, 0x11C1, 0x110E, 0x1169, 0x11C2, 0x110E,
    0x116A, 0x110E, 0x116A, 0x11A8, 0x110E, 0x116A, 0x11A9, 0x110E, 0x116A, 0x11AA, 0x110E, 0x116A,
    0x11AB, 0x110E, 0x116A, 0x11AC, 0x110E, 0x116A, 0x11AD, 0x110E, 0x116A, 0x11AE, 0x110E, 0x116A,
    0x11AF, 0x110E, 0x116A, 0x11B0, 0x110E, 0x116A, 0x11B1, 0x110E, 0x116A, 0x11B2, 0x110E, 0x116A,
    0x11B3, 0x110E, 0x116A, 0x11B4, 0x110E, 0x116A, 0x11B5, 0x110E, 0x116A, 0x11B6, 0x110E, 0x116A,
    0x11B7, 0x110E, 0x116A, 0x11B8, 0x110E, 0x116A, 0x11B9, 0x110E, 0x116A, 0x11BA, 0x110E, 0x116A,
    0x11BB, 0x110E, 0x116A, 0x11BC, 0x110E, 0x116A, 0x11BD, 0x110E, 0x116A, 0x11BE, 0x110E, 0x116A,
    0x11BF, 0x110E, 0x116A, 0x11C0, 0x110E, 0x116A, 0x11C1, 0x110E, 0x116A, 0x11C2, 0x110E, 0x116B,
    0x110E, 0x116B, 0x11A8, 0x110E, 0x116B, 0x11A9, 0x110E, 0x116B, 0x11AA, 0x110E, 0x116B, 0x11AB,
    0x110E, 0x116B, 0x11AC, 0x110E, 0x116B, 0x11AD, 0x110E, 0x116B, 0x11AE, 0x110E, 0x116B, 0x11AF,
    0x110E, 0x116B, 0x11B0, 0x110E, 0x116B, 0x11B1, 0x110E, 0x116B, 0x11B2, 0x110E, 0x116B, 0x11B3,
    0x110E, 0x116B, 0x11B4, 0x110E, 0x116B, 0x11B5, 0x110E, 0x116B, 0x11B6, 0x110E, 0x116B, 0x11B7,
    0x110E, 0x116B, 0x11B8, 0x110E, 0x116B, 0x11B9, 0x110E, 0x116B, 0x11BA, 0x110E, 0x116B, 0x11BB,
    0x110E, 0x116B, 0x11BC, 0x110E, 0x116B, 0x11BD, 0x110E, 0x116B, 0x11BE, 0x110E, 0x116B, 0x11BF,
    0x110E, 0x116B, 0x11C0, 0x110E, 0x116B, 0x11C1, 0x110E, 0x116B, 0x11C2, 0x110E, 0x116C, 0x110E,
    0x116C, 0x11A8, 0x110E, 0x116C, 0x11A9, 0x110E, 0x116C, 0x11AA, 0x110E, 0x116C, 0x11AB, 0x110E,
    0x116C, 0x11AC, 0x110E, 0x116C, 0x11AD, 0x110E, 0x116C, 0x11AE, 0x110E, 0x116C, 0x11AF, 0x110E,
    0x116C, 0x11B0, 0x110E, 0x116C, 0x11B1, 0x110E, 0x116C, 0x11B2, 0x110E, 0x116C, 0x11B3, 0x110E,
    0x116C, 0x11B4, 0x110E, 0x116C, 0x11B5, 0x110E, 0x116C, 0x11B6, 0x110E, 0x116C, 0x11B7, 0x110E,
    0x116C, 0x11B8, 0x110E, 0x116C, 0x11B9, 0x110E, 0x116C, 0x11BA, 0x110E, 0x116C, 0x11BB, 0x110E,
    0x116C, 0x11BC, 0x110E, 0x116C, 0x11BD, 0x110E, 0x116C, 0x11BE, 0x110E, 0x116C, 0x11BF, 0x110E,
    0x116C, 0x11C0, 0x110E, 0x116C, 0x11C1, 0x110E, 0x116C, 0x11C2, 0x110E, 0x116D, 0x110E, 0x116D,
    0x11A8, 0x110E, 0x116D, 0x11A9, 0x110E, 0x116D, 0x11AA, 0x110E, 0x116D, 0x11AB, 0x110E, 0x116D,
    0x11AC, 0x110E, 0x116D, 0x11AD, 0x110E, 0x116D, 0x11AE, 0x110E, 0x116D, 0x11AF, 0x110E, 0x116D,
    0x11B0, 0x110E, 0x116D, 0x11B1, 0x110E, 0x116D, 0x11B2, 0x110E, 0x116D, 0x11B3, 0x110E, 0x116D,
    0x11B4, 0x110E, 0x116D, 0x11B5, 0x110E, 0x116D, 0x11B6, 0x110E, 0x116D, 0x11B7, 0x110E, 0x116D,
    0x11B8, 0x110E, 0x116D, 0x11B9, 0x110E, 0x116D, 0x11BA, 0x110E, 0x116D, 0x11BB, 0x110E, 0x116D,
    0x11BC, 0x110E, 0x116D, 0x11BD, 0x110E, 0x116D, 0x11BE, 0x110E, 0x116D, 0x11BF, 0x110E, 0x116D,
    0x11C0, 0x110E, 0x116D, 0x11C1, 0x110E, 0x116D, 0x11C2, 0x110E, 0x116E, 0x110E, 0x116E, 0x11A8,
    0x110E, 0x116E, 0x11A9, 0x110E, 0x116E, 0x11AA, 0x110E, 0x116E, 0x11AB, 0x110E, 0x116E, 0x11AC,
    0x110E, 0x116E, 0x11AD, 0x110E, 0x116E, 0x11AE, 0x110E, 0x116E, 0x11AF, 0x110E, 0x116E, 0x11B0,
    0x110E, 0x116E, 0x11B1, 0x110E, 0x116E, 0x11B2, 0x110E, 0x116E, 0x11B3, 0x110E, 0x116E, 0x11B4,
    0x110E, 0x116E, 0x11B5, 0x110E, 0x116E, 0x11B6, 0x110E, 0x116E, 0x11B7, 0x110E, 0x116E, 0x11B8,
    0x110E, 0x116E, 0x11B9, 0x110E, 0x116E, 0x11BA, 0x110E, 0x116E, 0x11BB, 0x110E, 0x116E, 0x11BC,
    0x110E, 0x116E, 0x11BD, 0x110E, 0x116E, 0x11BE, 0x110E, 0x116E, 0x11BF, 0x110E, 0x116E, 0x11C0,
    0x110E, 0x116E, 0x11C1, 0x110E, 0x116E, 0x11C2, 0x110E, 0x116F, 0x110E, 0x116F, 0x11A8, 0x110E,
    0x116F, 0x11A9, 0x110E, 0x116F, 0x11AA, 0x110E, 0x116F, 0x11AB, 0x110E, 0x116F, 0x11AC, 0x110E,
    0x116F, 0x11AD, 0x110E, 0x116F, 0x11AE, 0x110E, 0x116F, 0x11AF, 0x110E, 0x116F, 0x11B0, 0x110E,
    0x116F, 0x11B1, 0x110E, 0x116F, 0x11B2, 0x110E, 0x116F, 0x11B3, 0x110E, 0x116F, 0x11B4, 0x110E,
    0x116F, 0x11B5, 0x110E, 0x116F, 0x11B6, 0x110E, 0x116F, 0x11B7, 0x110E, 0x116F, 0x11B8, 0x110E,
    0x116F, 0x11B9, 0x110E, 0x116F, 0x11BA, 0x110E, 0x116F, 0x11BB, 0x110E, 0x116F, 0x11BC, 0x110E,
    0x116F, 0x11BD, 0x110E, 0x116F, 0x11BE, 0x110E, 0x116F, 0x11BF, 0x110E, 0x116F, 0x11C0, 0x110E,
    0x116F, 0x11C1, 0x110E, 0x116F, 0x11C2, 0x110E, 0x1170, 0x110E, 0x1170, 0x11A8, 0x110E, 0x1170,
    0x11A9, 0x110E, 0x1170, 0x11AA, 0x110E, 0x1170, 0x11AB, 0x110E, 0x1170, 0x11AC, 0x110E, 0x1170,
    0x11AD, 0x110E, 0x1170, 0x11AE, 0x110E, 0x1170, 0x11AF, 0x110E, 0x1170, 0x11B0, 0x110E, 0x1170,
    0x11B1, 0x110E, 0x1170, 0x11B2, 0x110E, 0x1170, 0x11B3, 0x110E, 0x1170, 0x11B4, 0x110E, 0x1170,
    0x11B5, 0x110E, 0x1170, 0x11B6, 0x110E, 0x1170, 0x11B7, 0x110E, 0x1170, 0x11B8, 0x110E, 0x1170,
    0x11B9, 0x110E, 0x1170, 0x11BA, 0x110E, 0x1170, 0x11BB, 0x110E, 0x1170, 0x11BC, 0x110E, 0x1170,
    0x11BD, 0x110E, 0x1170, 0x11BE, 0x110E, 0x1170, 0x11BF, 0x110E, 0x1170, 0x11C0, 0x110E, 0x1170,
    0x11C1, 0x110E, 0x1170, 0x11C2, 0x110E, 0x1171, 0x110E, 0x1171, 0x11A8, 0x110E, 0x1171, 0x11A9,
    0x110E, 0x1171, 0x11AA, 0x110E, 0x1171, 0x11AB, 0x110E, 0x1171, 0x11AC, 0x110E, 0x1171, 0x11AD,
    0x110E, 0x1171, 0x11AE, 0x110E, 0x1171, 0x11AF, 0x110E, 0x1171, 0x11B0, 0x110E, 0x1171, 0x11B1,
    0x110E, 0x1171, 0x11B2, 0x110E, 0x1171, 0x11B3, 0x110E, 0x1171, 0x11B4, 0x110E, 0x1171, 0x11B5,
    0x110E, 0x1171, 0x11B6, 0x110E, 0x1171, 0x11B7, 0x110E, 0x1171, 0x11B8, 0x110E, 0x1171, 0x11B9,
    0x110E, 0x1171, 0x11BA, 0x110E, 0x1171, 0x11BB, 0x110E, 0x1171, 0x11BC, 0x110E, 0x1171, 0x11BD,
    0x110E, 0x1171, 0x11BE, 0x110E, 0x1171, 0x11BF, 0x110E, 0x1171, 0x11C0, 0x110E, 0x1171, 0x11C1,
    0x110E, 0x1171, 0x11C2, 0x110E, 0x1172, 0x110E, 0x1172, 0x11A8, 0x110E, 0x1172, 0x11A9, 0x110E,
    0x1172, 0x11AA, 0x110E, 0x1172, 0x11AB, 0x110E, 0x1172, 0x11AC, 0x110E, 0x1172, 0x11AD, 0x110E,
    0x1172, 0x11AE, 0x110E, 0x1172, 0x11AF, 0x110E, 0x1172, 0x11B0, 0x110E, 0x1172, 0x11B1, 0x110E,
    0x1172, 0x11B2, 0x110E, 0x1172, 0x11B3, 0x110E, 0x1172, 0x11B4, 0x110E, 0x1172, 0x11B5, 0x110E,
    0x1172, 0x11B6, 0x110E, 0x1172, 0x11B7, 0x110E, 0x1172, 0x11B8, 0x110E, 0x1172, 0x11B9, 0x110E,
    0x1172, 0x11BA, 0x110E, 0x1172, 0x11BB, 0x110E, 0x1172, 0x11BC, 0x110E, 0x1172, 0x11BD, 0x110E,
    0x1172, 0x11BE, 0x110E, 0x1172, 0x11BF, 0x110E, 0x1172, 0x11C0, 0x110E, 0x1172, 0x11C1, 0x110E,
    0x1172, 0x11C2, 0x110E, 0x1173, 0x110E, 0x1173, 0x11A8, 0x110E, 0x1173, 0x11A9, 0x110E, 0x1173,
    0x11AA, 0x110E, 0x1173, 0x11AB, 0x110E, 0x1173, 0x11AC, 0x110E, 0x1173, 0x11AD, 0x110E, 0x1173,
    0x11AE, 0x110E, 0x1173, 0x11AF, 0x110E, 0x1173, 0x11B0, 0x110E, 0x1173, 0x11B1, 0x110E, 0x1173,
    0x11B2, 0x110E, 0x1173, 0x11B3, 0x110E, 0x1173, 0x11B4, 0x110E, 0x1173, 0x11B5, 0x110E, 0x1173,
    0x11B6, 0x110E, 0x1173, 0x11B7, 0x110E, 0x1173, 0x11B8, 0x110E, 0x1173, 0x11B9, 0x110E, 0x1173,
    0x11BA, 0x110E, 0x1173, 0x11BB, 0x110E, 0x1173, 0x11BC, 0x110E, 0x1173, 0x11BD, 0x110E, 0x1173,
    0x11BE, 0x110E, 0x1173, 0x11BF, 0x110E, 0x1173, 0x11C0, 0x110E, 0x1173, 0x11C1, 0x110E, 0x1173,
    0x11C2, 0x110E, 0x1174, 0x110E, 0x1174, 0x11A8, 0x110E, 0x1174, 0x11A9, 0x110E, 0x1174, 0x11AA,
    0x110E, 0x1174, 0x11AB, 0x110E, 0x1174, 0x11AC, 0x110E, 0x1174, 0x11AD, 0x110E, 0x1174, 0x11AE,
    0x110E, 0x1174, 0x11AF, 0x110E, 0x1174, 0x11B0, 0x110E, 0x1174, 0x11B1, 0x110E, 0x1174, 0x11B2,
    0x110E, 0x1174, 0x11B3, 0x110E, 0x1174, 0x11B4, 0x110E, 0x1174, 0x11B5, 0x110E, 0x1174, 0x11B6,
    0x110E, 0x1174, 0x11B7, 0x110E, 0x1174, 0x11B8, 0x110E, 0x1174, 0x11B9, 0x110E, 0x1174, 0x11BA,
    0x110E, 0x1174, 0x11BB, 0x110E, 0x1174, 0x11BC, 0x110E, 0x1174, 0x11BD, 0x110E, 0x1174, 0x11BE,
    0x110E, 0x1174, 0x11BF, 0x110E, 0x1174, 0x11C0, 0x110E, 0x1174, 0x11C1, 0x110E, 0x1174, 0x11C2,
    0x110E, 0x1175, 0x110E, 0x1175, 0x11A8, 0x110E, 0x1175, 0x11A9, 0x110E, 0x1175, 0x11AA, 0x110E,
    0x1175, 0x11AB, 0x110E, 0x1175, 0x11AC, 0x110E, 0x1175, 0x11AD, 0x110E, 0x1175, 0x11AE, 0x110E,
    0x1175, 0x11AF, 0x110E, 0x1175, 0x11B0, 0x110E, 0x1175, 0x11B1, 0x110E, 0x1175, 0x11B2, 0x110E,
    0x1175, 0x11B3, 0x110E, 0x1175, 0x11B4, 0x110E, 0x1175, 0x11B5, 0x110E, 0x1175, 0x11B6, 0x110E,
    0x1175, 0x11B7, 0x110E, 0x1175, 0x11B8, 0x110E, 0x1175, 0x11B9, 0x110E, 0x1175, 0x11BA, 0x110E,
    0x1175, 0x11BB, 0x110E, 0x1175, 0x11BC, 0x110E, 0x1175, 0x11BD, 0x110E, 0x1175, 0x11BE, 0x110E,
    0x1175, 0x11BF, 0x110E, 0x1175, 0x11C0, 0x110E, 0x1175, 0x11C1, 0x110E, 0x1175, 0x11C2, 0x110F,
    0x1161, 0x110F, 0x1161, 0x11A8, 0x110F, 0x1161, 0x11A9, 0x110F, 0x1161, 0x11AA, 0x110F, 0x1161,
    0x11AB, 0x110F, 0x1161, 0x11AC, 0x110F, 0x1161, 0x11AD, 0x110F, 0x1161, 0x11AE, 0x110F, 0x1161,
    0x11AF, 0x110F, 0x1161, 0x11B0, 0x110F, 0x1161, 0x11B1, 0x110F, 0x1161, 0x11B2, 0x110F, 0x1161,
    0x11B3, 0x110F, 0x1161, 0x11B4, 0x110F, 0x1161, 0x11B5, 0x110F, 0x1161, 0x11B6, 0x110F, 0x1161,
    0x11B7, 0x110F, 0x1161, 0x11B8, 0x110F, 0x1161, 0x11B9, 0x110F, 0x1161, 0x11BA, 0x110F, 0x1161,
    0x11BB, 0x110F, 0x1161, 0x11BC, 0x110F, 0x1161, 0x11BD, 0x110F, 0x1161, 0x11BE, 0x110F, 0x1161,
    0x11BF, 0x110F, 0x1161, 0x11C0, 0x110F, 0x1161, 0x11C1, 0x110F, 0x1161, 0x11C2, 0x110F, 0x1162,
    0x110F, 0x1162, 0x11A8, 0x110F, 0x1162, 0x11A9, 0x110F, 0x1162, 0x11AA, 0x110F, 0x1162, 0x11AB,
    0x110F, 0x1162, 0x11AC, 0x110F, 0x1162, 0x11AD, 0x110F, 0x1162, 0x11AE, 0x110F, 0x1162, 0x11AF,
    0x110F, 0x1162, 0x11B0, 0x110F, 0x1162, 0x11B1, 0x110F, 0x1162, 0x11B2, 0x110F, 0x1162, 0x11B3,
    0x110F, 0x1162, 0x11B4, 0x110F, 0x1162, 0x11B5, 0x110F, 0x1162, 0x11B6, 0x110F, 0x1162, 0x11B7,
    0x110F, 0x1162, 0x11B8, 0x110F, 0x1162, 0x11B9, 0x110F, 0x1162, 0x11BA, 0x110F, 0x1162, 0x11BB,
    0x110F, 0x1162, 0x11BC, 0x110F, 0x1162, 0x11BD, 0x110F, 0x1162, 0x11BE, 0x110F, 0x1162, 0x11BF,
    0x110F, 0x1162, 0x11C0, 0x110F, 0x1162, 0x11C1, 0x110F, 0x1162, 0x11C2, 0x110F, 0x1163, 0x110F,
    0x1163, 0x11A8, 0x110F, 0x1163, 0x11A9, 0x110F, 0x1163, 0x11AA, 0x110F, 0x1163, 0x11AB, 0x110F,
    0x1163, 0x11AC, 0x110F, 0x1163, 0x11AD, 0x110F, 0x1163, 0x11AE, 0x110F, 0x1163, 0x11AF, 0x110F,
    0x1163, 0x11B0, 0x110F, 0x1163, 0x11B1, 0x110F, 0x1163, 0x11B2, 0x110F, 0x1163, 0x11B3, 0x110F,
    0x1163, 0x11B4, 0x110F, 0x1163, 0x11B5, 0x110F, 0x1163, 0x11B6, 0x110F, 0x1163, 0x11B7, 0x110F,
    0x1163, 0x11B8, 0x110F, 0x1163, 0x11B9, 0x110F, 0x1163, 0x11BA, 0x110F, 0x1163, 0x11BB, 0x110F,
    0x1163, 0x11BC, 0x110F, 0x1163, 0x11BD, 0x110F, 0x1163, 0x11BE, 0x110F, 0x1163, 0x11BF, 0x110F,
    0x1163, 0x11C0, 0x110F, 0x1163, 0x11C1, 0x110F, 0x1163, 0x11C2, 0x110F, 0x1164, 0x110F, 0x1164,
    0x11A8, 0x110F, 0x1164, 0x11A9, 0x110F, 0x1164, 0x11AA, 0x110F, 0x1164, 0x11AB, 0x110F, 0x1164,
    0x11AC, 0x110F, 0x1164, 0x11AD, 0x110F, 0x1164, 0x11AE, 0x110F, 0x1164, 0x11AF, 0x110F, 0x1164,
    0x11B0, 0x110F, 0x1164, 0x11B1, 0x110F, 0x1164, 0x11B2, 0x110F, 0x1164, 0x11B3, 0x110F, 0x1164,
    0x11B4, 0x110F, 0x1164, 0x11B5, 0x110F, 0x1164, 0x11B6, 0x110F, 0x1164, 0x11B7, 0x110F, 0x1164,
    0x11B8, 0x110F, 0x1164, 0x11B9, 0x110F, 0x1164, 0x11BA, 0x110F, 0x1164, 0x11BB, 0x110F, 0x1164,
    0x11BC, 0x110F, 0x1164, 0x11BD, 0x110F, 0x1164, 0x11BE, 0x110F, 0x1164, 0x11BF, 0x110F, 0x1164,
    0x11C0, 0x110F, 0x1164, 0x11C1, 0x110F, 0x1164, 0x11C2, 0x110F, 0x1165, 0x110F, 0x1165, 0x11A8,
    0x110F, 0x1165, 0x11A9, 0x110F, 0x1165, 0x11AA, 0x110F, 0x1165, 0x11AB, 0x110F, 0x1165, 0x11AC,
    0x110F, 0x1165, 0x11AD, 0x110F, 0x1165, 0x11AE, 0x110F, 0x1165, 0x11AF, 0x110F, 0x1165, 0x11B0,
    0x110F, 0x1165, 0x11B1, 0x110F, 0x1165, 0x11B2, 0x110F, 0x1165, 0x11B3, 0x110F, 0x1165, 0x11B4,
    0x110F, 0x1165, 0x11B5, 0x110F, 0x1165, 0x11B6, 0x110F, 0x1165, 0x11B7, 0x110F, 0x1165, 0x11B8,
    0x110F, 0x1165, 0x11B9, 0x110F, 0x1165, 0x11BA, 0x110F, 0x1165, 0x11BB, 0x110F, 0x1165, 0x11BC,
    0x110F, 0x1165, 0x11BD, 0x110F, 0x1165, 0x11BE, 0x110F, 0x1165, 0x11BF, 0x110F, 0x1165, 0x11C0,
    0x110F, 0x1165, 0x11C1, 0x110F, 0x1165, 0x11C2, 0x110F, 0x1166, 0x110F, 0x1166, 0x11A8, 0x110F,
    0x1166, 0x11A9, 0x110F, 0x1166, 0x11AA, 0x110F, 0x1166, 0x11AB, 0x110F, 0x1166, 0x11AC, 0x110F,
    0x1166, 0x11AD, 0x110F, 0x1166, 0x11AE, 0x110F, 0x1166, 0x11AF, 0x110F, 0x1166, 0x11B0, 0x110F,
    0x1166, 0x11B1, 0x110F, 0x1166, 0x11B2, 0x110F, 0x1166, 0x11B3, 0x110F, 0x1166, 0x11B4, 0x110F,
    0x1166, 0x11B5, 0x110F, 0x1166, 0x11B6, 0x110F, 0x1166, 0x11B7, 0x110F, 0x1166, 0x11B8, 0x110F,
    0x1166, 0x11B9, 0x110F, 0x1166, 0x11BA, 0x110F, 0x1166, 0x11BB, 0x110F, 0x1166, 0x11BC, 0x110F,
    0x1166, 0x11BD, 0x110F, 0x1166, 0x11BE, 0x110F, 0x1166, 0x11BF, 0x110F, 0x1166, 0x11C0, 0x110F,
    0x1166, 0x11C1, 0x110F, 0x1166, 0x11C2, 0x110F, 0x1167, 0x110F, 0x1167, 0x11A8, 0x110F, 0x1167,
    0x11A9, 0x110F, 0x1167, 0x11AA, 0x110F, 0x1167, 0x11AB, 0x110F, 0x1167, 0x11AC, 0x110F, 0x1167,
    0x11AD, 0x110F, 0x1167, 0x11AE, 0x110F, 0x1167, 0x11AF, 0x110F, 0x1167, 0x11B0, 0x110F, 0x1167,
    0x11B1, 0x110F, 0x1167, 0x11B2, 0x110F, 0x1167, 0x11B3, 0x110F, 0x1167, 0x11B4, 0x110F, 0x1167,
    0x11B5, 0x110F, 0x1167, 0x11B6, 0x110F, 0x1167, 0x11B7, 0x110F, 0x1167, 0x11B8, 0x110F, 0x1167,
    0x11B9, 0x110F, 0x1167, 0x11BA, 0x110F, 0x1167, 0x11BB, 0x110F, 0x1167, 0x11BC, 0x110F, 0x1167,
    0x11BD, 0x110F, 0x1167, 0x11BE, 0x110F, 0x1167, 0x11BF, 0x110F, 0x1167, 0x11C0, 0x110F, 0x1167,
    0x11C1, 0x110F, 0x1167, 0x11C2, 0x110F, 0x1168, 0x110F, 0x1168, 0x11A8, 0x110F, 0x1168, 0x11A9,
    0x110F, 0x1168, 0x11AA, 0x110F, 0x1168, 0x11AB, 0x110F, 0x1168, 0x11AC, 0x110F, 0x1168, 0x11AD,
    0x110F, 0x1168, 0x11AE, 0x110F, 0x1168, 0x11AF, 0x110F, 0x1168, 0x11B0, 0x110F, 0x1168, 0x11B1,
    0x110F, 0x1168, 0x11B2, 0x110F, 0x1168, 0x11B3, 0x110F, 0x1168, 0x11B4, 0x110F, 0x1168, 0x11B5,
    0x110F, 0x1168, 0x11B6, 0x110F, 0x1168, 0x11B7, 0x110F, 0x1168, 0x11B8, 0x110F, 0x1168, 0x11B9,
    0x110F, 0x1168, 0x11BA, 0x110F, 0x1168, 0x11BB, 0x110F, 0x1168, 0x11BC, 0x110F, 0x1168, 0x11BD,
    0x110F, 0x1168, 0x11BE, 0x110F, 0x1168, 0x11BF, 0x110F, 0x1168, 0x11C0, 0x110F, 0x1168, 0x11C1,
    0x110F, 0x1168, 0x11C2, 0x110F, 0x1169, 0x110F, 0x1169, 0x11A8, 0x110F, 0x1169, 0x11A9, 0x110F,
    0x1169, 0x11AA, 0x110F, 0x1169, 0x11AB, 0x110F, 0x1169, 0x11AC, 0x110F, 0x1169, 0x11AD, 0x110F,
    0x1169, 0x11AE, 0x110F, 0x1169, 0x11AF, 0x110F, 0x1169, 0x11B0, 0x110F, 0x1169, 0x11B1, 0x110F,
    0x1169, 0x11B2, 0x110F, 0x1169, 0x11B3, 0x110F, 0x1169, 0x11B4, 0x110F, 0x1169, 0x11B5, 0x110F,
    0x1169, 0x11B6, 0x110F, 0x1169, 0x11B7, 0x110F, 0x1169, 0x11B8, 0x110F, 0x1169, 0x11B9, 0x110F,
    0x1169, 0x11BA, 0x110F, 0x1169, 0x11BB, 0x110F, 0x1169, 0x11BC, 0x110F, 0x1169, 0x11BD, 0x110F,
    0x1169, 0x11BE, 0x110F, 0x1169, 0x11BF, 0x110F, 0x1169, 0x11C0, 0x110F, 0x1169, 0x11C1, 0x110F,
    0x1169, 0x11C2, 0x110F, 0x116A, 0x110F, 0x116A, 0x11A8, 0x110F, 0x116A, 0x11A9, 0x110F, 0x116A,
    0x11AA, 0x110F, 0x116A, 0x11AB, 0x110F, 0x116A, 0x11AC, 0x110F, 0x116A, 0x11AD, 0x110F, 0x116A,
    0x11AE, 0x110F, 0x116A, 0x11AF, 0x110F, 0x116A, 0x11B0, 0x110F, 0x116A, 0x11B1, 0x110F, 0x116A,
    0x11B2, 0x110F, 0x116A, 0x11B3, 0x110F, 0x116A, 0x11B4, 0x110F, 0x116A, 0x11B5, 0x110F, 0x116A,
    0x11B6, 0x110F, 0x116A, 0x11B7, 0x110F, 0x116A, 0x11B8, 0x110F, 0x116A, 0x11B9, 0x110F, 0x116A,
    0x11BA, 0x110F, 0x116A, 0x11BB, 0x110F, 0x116A, 0x11BC, 0x110F, 0x116A, 0x11BD, 0x110F, 0x116A,
    0x11BE, 0x110F, 0x116A, 0x11BF, 0x110F, 0x116A, 0x11C0, 0x110F, 0x116A, 0x11C1, 0x110F, 0x116A,
    0x11C2, 0x110F, 0x116B, 0x110F, 0x116B, 0x11A8, 0x110F, 0x116B, 0x11A9, 0x110F, 0x116B, 0x11AA,
    0x110F, 0x116B, 0x11AB, 0x110F, 0x116B, 0x11AC, 0x110F, 0x116B, 0x11AD, 0x110F, 0x116B, 0x11AE,
    0x110F, 0x116B, 0x11AF, 0x110F, 0x116B, 0x11B0, 0x110F, 0x116B, 0x11B1, 0x110F, 0x116B, 0x11B2,
    0x110F, 0x116B, 0x11B3, 0x110F, 0x116B, 0x11B4, 0x110F, 0x116B, 0x11B5, 0x110F, 0x116B, 0x11B6,
    0x110F, 0x116B, 0x11B7, 0x110F, 0x116B, 0x11B8, 0x110F, 0x116B, 0x11B9, 0x110F, 0x116B, 0x11BA,
    0x110F, 0x116B, 0x11BB, 0x110F, 0x116B, 0x11BC, 0x110F, 0x116B, 0x11BD, 0x110F, 0x116B, 0x11BE,
    0x110F, 0x116B, 0x11BF, 0x110F, 0x116B, 0x11C0, 0x110F, 0x116B, 0x11C1, 0x110F, 0x116B, 0x11C2,
    0x110F, 0x116C, 0x110F, 0x116C, 0x11A8, 0x110F, 0x116C, 0x11A9, 0x110F, 0x116C, 0x11AA, 0x110F,
    0x116C, 0x11AB, 0x110F, 0x116C, 0x11AC, 0x110F, 0x116C, 0x11AD, 0x110F, 0x116C, 0x11AE, 0x110F,
    0x116C, 0x11AF, 0x110F, 0x116C, 0x11B0, 0x110F, 0x116C, 0x11B1, 0x110F, 0x116C, 0x11B2, 0x110F,
    0x116C, 0x11B3, 0x110F, 0x116C, 0x11B4, 0x110F, 0x116C, 0x11B5, 0x110F, 0x116C, 0x11B6, 0x110F,
    0x116C, 0x11B7, 0x110F, 0x116C, 0x11B8, 0x110F, 0x116C, 0x11B9, 0x110F, 0x116C, 0x11BA, 0x110F,
    0x116C, 0x11BB, 0x110F, 0x116C, 0x11BC, 0x110F, 0x116C, 0x11BD, 0x110F, 0x116C, 0x11BE, 0x110F,
    0x116C, 0x11BF, 0x110F, 0x116C, 0x11C0, 0x110F, 0x116C, 0x11C1, 0x110F, 0x116C, 0x11C2, 0x110F,
    0x116D, 0x110F, 0x116D, 0x11A8, 0x110F, 0x116D, 0x11A9, 0x110F, 0x116D, 0x11AA, 0x110F, 0x116D,
    0x11AB, 0x110F, 0x116D, 0x11AC, 0x110F, 0x116D, 0x11AD, 0x110F, 0x116D, 0x11AE, 0x110F, 0x116D,
    0x11AF, 0x110F, 0x116D, 0x11B0, 0x110F, 0x116D, 0x11B1, 0x110F, 0x116D, 0x11B2, 0x110F, 0x116D,
    0x11B3, 0x110F, 0x116D, 0x11B4, 0x110F, 0x116D, 0x11B5, 0x110F, 0x116D, 0x11B6, 0x110F, 0x116D,
    0x11B7, 0x110F, 0x116D, 0x11B8, 0x110F, 0x116D, 0x11B9, 0x110F, 0x116D, 0x11BA, 0x110F, 0x116D,
    0x11BB, 0x110F, 0x116D, 0x11BC, 0x110F, 0x116D, 0x11BD, 0x110F, 0x116D, 0x11BE, 0x110F, 0x116D,
    0x11BF, 0x110F, 0x116D, 0x11C0, 0x110F, 0x116D, 0x11C1, 0x110F, 0x116D, 0x11C2, 0x110F, 0x116E,
    0x110F, 0x116E, 0x11A8, 0x110F, 0x116E, 0x11A9, 0x110F, 0x116E, 0x11AA, 0x110F, 0x116E, 0x11AB,
    0x110F, 0x116E, 0x11AC, 0x110F, 0x116E, 0x11AD, 0x110F, 0x116E, 0x11AE, 0x110F, 0x116E, 0x11AF,
    0x110F, 0x116E, 0x11B0, 0x110F, 0x116E, 0x11B1, 0x110F, 0x116E, 0x11B2, 0x110F, 0x116E, 0x11B3,
    0x110F, 0x116E, 0x11B4, 0x110F, 0x116E, 0x11B5, 0x110F, 0x116E, 0x11B6, 0x110F, 0x116E, 0x11B7,
    0x110F, 0x116E, 0x11B8, 0x110F, 0x116E, 0x11B9, 0x110F, 0x116E, 0x11BA, 0x110F, 0x116E, 0x11BB,
    0x110F, 0x116E, 0x11BC, 0x110F, 0x116E, 0x11BD, 0x110F, 0x116E, 0x11BE, 0x110F, 0x116E, 0x11BF,
    0x110F, 0x116E, 0x11C0, 0x110F, 0x116E, 0x11C1, 0x110F, 0x116E, 0x11C2, 0x110F, 0x116F, 0x110F,
    0x116F, 0x11A8, 0x110F, 0x116F, 0x11A9, 0x110F, 0x116F, 0x11AA, 0x110F, 0x116F, 0x11AB, 0x110F,
    0x116F, 0x11AC, 0x110F, 0x116F, 0x11AD, 0x110F, 0x116F, 0x11AE, 0x110F, 0x116F, 0x11AF, 0x110F,
    0x116F, 0x11B0, 0x110F, 0x116F, 0x11B1, 0x110F, 0x116F, 0x11B2, 0x110F, 0x116F, 0x11B3, 0x110F,
    0x116F, 0x11B4, 0x110F, 0x116F, 0x11B5, 0x110F, 0x116F, 0x11B6, 0x110F, 0x116F, 0x11B7, 0x110F,
    0x116F, 0x11B8, 0x110F, 0x116F, 0x11B9, 0x110F, 0x116F, 0x11BA, 0x110F, 0x116F, 0x11BB, 0x110F,
    0x116F, 0x11BC, 0x110F, 0x116F, 0x11BD, 0x110F, 0x116F, 0x11BE, 0x110F, 0x116F, 0x11BF, 0x110F,
    0x116F, 0x11C0, 0x110F, 0x116F, 0x11C1, 0x110F, 0x116F, 0x11C2, 0x110F, 0x1170, 0x110F, 0x1170,
    0x11A8, 0x110F, 0x1170, 0x11A9, 0x110F, 0x1170, 0x11AA, 0x110F, 0x1170, 0x11AB, 0x110F, 0x1170,
    0x11AC, 0x110F, 0x1170, 0x11AD, 0x110F, 0x1170, 0x11AE, 0x110F, 0x1170, 0x11AF, 0x110F, 0x1170,
    0x11B0, 0x110F, 0x1170, 0x11B1, 0x110F, 0x1170, 0x11B2, 0x110F, 0x1170, 0x11B3, 0x110F, 0x1170,
    0x11B4, 0x110F, 0x1170, 0x11B5, 0x110F, 0x1170, 0x11B6, 0x110F, 0x1170, 0x11B7, 0x110F, 0x1170,
    0x11B8, 0x110F, 0x1170, 0x11B9, 0x110F, 0x1170, 0x11BA, 0x110F, 0x1170, 0x11BB, 0x110F, 0x1170,
    0x11BC, 0x110F, 0x1170, 0x11BD, 0x110F, 0x1170, 0x11BE, 0x110F, 0x1170, 0x11BF, 0x110F, 0x1170,
    0x11C0, 0x110F, 0x1170, 0x11C1, 0x110F, 0x1170, 0x11C2, 0x110F, 0x1171, 0x110F, 0x1171, 0x11A8,
    0x110F, 0x1171, 0x11A9, 0x110F, 0x1171, 0x11AA, 0x110F, 0x1171, 0x11AB, 0x110F, 0x1171, 0x11AC,
    0x110F, 0x1171, 0x11AD, 0x110F, 0x1171, 0x11AE, 0x110F, 0x1171, 0x11AF, 0x110F, 0x1171, 0x11B0,
    0x110F, 0x1171, 0x11B1, 0x110F, 0x1171, 0x11B2, 0x110F, 0x1171, 0x11B3, 0x110F, 0x1171, 0x11B4,
    0x110F, 0x1171, 0x11B5, 0x110F, 0x1171, 0x11B6, 0x110F, 0x1171, 0x11B7, 0x110F, 0x1171, 0x11B8,
    0x110F, 0x1171, 0x11B9, 0x110F, 0x1171, 0x11BA, 0x110F, 0x1171, 0x11BB, 0x110F, 0x1171, 0x11BC,
    0x110F, 0x1171, 0x11BD, 0x110F, 0x1171, 0x11BE, 0x110F, 0x1171, 0x11BF, 0x110F, 0x1171, 0x11C0,
    0x110F, 0x1171, 0x11C1, 0x110F, 0x1171, 0x11C2, 0x110F, 0x1172, 0x110F, 0x1172, 0x11A8, 0x110F,
    0x1172, 0x11A9, 0x110F, 0x1172, 0x11AA, 0x110F, 0x1172, 0x11AB, 0x110F, 0x1172, 0x11AC, 0x110F,
    0x1172, 0x11AD, 0x110F, 0x1172, 0x11AE, 0x110F, 0x1172, 0x11AF, 0x110F, 0x1172, 0x11B0, 0x110F,
    0x1172, 0x11B1, 0x110F, 0x1172, 0x11B2, 0x110F, 0x1172, 0x11B3, 0x110F, 0x1172, 0x11B4, 0x110F,
    0x1172, 0x11B5, 0x110F, 0x1172, 0x11B6, 0x110F, 0x1172, 0x11B7, 0x110F, 0x1172, 0x11B8, 0x110F,
    0x1172, 0x11B9, 0x110F, 0x1172, 0x11BA, 0x110F, 0x1172, 0x11BB, 0x110F, 0x1172, 0x11BC, 0x110F,
    0x1172, 0x11BD, 0x110F, 0x1172, 0x11BE, 0x110F, 0x1172, 0x11BF, 0x110F, 0x1172, 0x11C0, 0x110F,
    0x1172, 0x11C1, 0x110F, 0x1172, 0x11C2, 0x110F, 0x1173, 0x110F, 0x1173, 0x11A8, 0x110F, 0x1173,
    0x11A9, 0x110F, 0x1173, 0x11AA, 0x110F, 0x1173, 0x11AB, 0x110F, 0x1173, 0x11AC, 0x110F, 0x1173,
    0x11AD, 0x110F, 0x1173, 0x11AE, 0x110F, 0x1173, 0x11AF, 0x110F, 0x1173, 0x11B0, 0x110F, 0x1173,
    0x11B1, 0x110F, 0x1173, 0x11B2, 0x110F, 0x1173, 0x11B3, 0x110F, 0x1173, 0x11B4, 0x110F, 0x1173,
    0x11B5, 0x110F, 0x1173, 0x11B6, 0x110F, 0x1173, 0x11B7, 0x110F, 0x1173, 0x11B8, 0x110F, 0x1173,
    0x11B9, 0x110F, 0x1173, 0x11BA, 0x110F, 0x1173, 0x11BB, 0x110F, 0x1173, 0x11BC, 0x110F, 0x1173,
    0x11BD, 0x110F, 0x1173, 0x11BE, 0x110F, 0x1173, 0x11BF, 0x110F, 0x1173, 0x11C0, 0x110F, 0x1173,
    0x11C1, 0x110F, 0x1173, 0x11C2, 0x110F, 0x1174, 0x110F, 0x1174, 0x11A8, 0x110F, 0x1174, 0x11A9,
    0x110F, 0x1174, 0x11AA, 0x110F, 0x1174, 0x11AB, 0x110F, 0x1174, 0x11AC, 0x110F, 0x1174, 0x11AD,
    0x110F, 0x1174, 0x11AE, 0x110F, 0x1174, 0x11AF, 0x110F, 0x1174, 0x11B0, 0x110F, 0x1174, 0x11B1,
    0x110F, 0x1174, 0x11B2, 0x110F, 0x1174, 0x11B3, 0x110F, 0x1174, 0x11B4, 0x110F, 0x1174, 0x11B5,
    0x110F, 0x1174, 0x11B6, 0x110F, 0x1174, 0x11B7, 0x110F, 0x1174, 0x11B8, 0x110F, 0x1174, 0x11B9,
    0x110F, 0x1174, 0x11BA, 0x110F, 0x1174, 0x11BB, 0x110F, 0x1174, 0x11BC, 0x110F, 0x1174, 0x11BD,
    0x110F, 0x1174, 0x11BE, 0x110F, 0x1174, 0x11BF, 0x110F, 0x1174, 0x11C0, 0x110F, 0x1174, 0x11C1,
    0x110F, 0x1174, 0x11C2, 0x110F, 0x1175, 0x110F, 0x1175, 0x11A8, 0x110F, 0x1175, 0x11A9, 0x110F,
    0x1175, 0x11AA, 0x110F, 0x1175, 0x11AB, 0x110F, 0x1175, 0x11AC, 0x110F, 0x1175, 0x11AD, 0x110F,
    0x1175, 0x11AE, 0x110F, 0x1175, 0x11AF, 0x110F, 0x1175, 0x11B0, 0x110F, 0x1175, 0x11B1, 0x110F,
    0x1175, 0x11B2, 0x110F, 0x1175, 0x11B3, 0x110F, 0x1175, 0x11B4, 0x110F, 0x1175, 0x11B5, 0x110F,
    0x1175, 0x11B6, 0x110F, 0x1175, 0x11B7, 0x110F, 0x1175, 0x11B8, 0x110F, 0x1175, 0x11B9, 0x110F,
    0x1175, 0x11BA, 0x110F, 0x1175, 0x11BB, 0x110F, 0x1175, 0x11BC, 0x110F, 0x1175, 0x11BD, 0x110F,
    0x1175, 0x11BE, 0x110F, 0x1175, 0x11BF, 0x110F, 0x1175, 0x11C0, 0x110F, 0x1175, 0x11C1, 0x110F,
    0x1175, 0x11C2, 0x1110, 0x1161, 0x1110, 0x1161, 0x11A8, 0x1110, 0x1161, 0x11A9, 0x1110, 0x1161,
    0x11AA, 0x1110, 0x1161, 0x11AB, 0x1110, 0x1161, 0x11AC, 0x1110, 0x1161, 0x11AD, 0x1110, 0x1161,
    0x11AE, 0x1110, 0x1161, 0x11AF, 0x1110, 0x1161, 0x11B0, 0x1110, 0x1161, 0x11B1, 0x1110, 0x1161,
    0x11B2, 0x1110, 0x1161, 0x11B3, 0x1110, 0x1161, 0x11B4, 0x1110, 0x1161, 0x11B5, 0x1110, 0x1161,
    0x11B6, 0x1110, 0x1161, 0x11B7, 0x1110, 0x1161, 0x11B8, 0x1110, 0x1161, 0x11B9, 0x1110, 0x1161,
    0x11BA, 0x1110, 0x1161, 0x11BB, 0x1110, 0x1161, 0x11BC, 0x1110, 0x1161, 0x11BD, 0x1110, 0x1161,
    0x11BE, 0x1110, 0x1161, 0x11BF, 0x1110, 0x1161, 0x11C0, 0x1110, 0x1161, 0x11C1, 0x1110, 0x1161,
    0x11C2, 0x1110, 0x1162, 0x1110, 0x1162, 0x11A8, 0x1110, 0x1162, 0x11A9, 0x1110, 0x1162, 0x11AA,
    0x1110, 0x1162, 0x11AB, 0x1110, 0x1162, 0x11AC, 0x1110, 0x1162, 0x11AD, 0x1110, 0x1162, 0x11AE,
    0x1110, 0x1162, 0x11AF, 0x1110, 0x1162, 0x11B0, 0x1110, 0x1162, 0x11B1, 0x1110, 0x1162, 0x11B2,
    0x1110, 0x1162, 0x11B3, 0x1110, 0x1162, 0x11B4, 0x1110, 0x1162, 0x11B5, 0x1110, 0x1162, 0x11B6,
    0x1110, 0x1162, 0x11B7, 0x1110, 0x1162, 0x11B8, 0x1110, 0x1162, 0x11B9, 0x1110, 0x1162, 0x11BA,
    0x1110, 0x1162, 0x11BB, 0x1110, 0x1162, 0x11BC, 0x1110, 0x1162, 0x11BD, 0x1110, 0x1162, 0x11BE,
    0x1110, 0x1162, 0x11BF, 0x1110, 0x1162, 0x11C0, 0x1110, 0x1162, 0x11C1, 0x1110, 0x1162, 0x11C2,
    0x1110, 0x1163, 0x1110, 0x1163, 0x11A8, 0x1110, 0x1163, 0x11A9, 0x1110, 0x1163, 0x11AA, 0x1110,
    0x1163, 0x11AB, 0x1110, 0x1163, 0x11AC, 0x1110, 0x1163, 0x11AD, 0x1110, 0x1163, 0x11AE, 0x1110,
    0x1163, 0x11AF, 0x1110, 0x1163, 0x11B0, 0x1110, 0x1163, 0x11B1, 0x1110, 0x1163, 0x11B2, 0x1110,
    0x1163, 0x11B3, 0x1110, 0x1163, 0x11B4, 0x1110, 0x1163, 0x11B5, 0x1110, 0x1163, 0x11B6, 0x1110,
    0x1163, 0x11B7, 0x1110, 0x1163, 0x11B8, 0x1110, 0x1163, 0x11B9, 0x1110, 0x1163, 0x11BA, 0x1110,
    0x1163, 0x11BB, 0x1110, 0x1163, 0x11BC, 0x1110, 0x1163, 0x11BD, 0x1110, 0x1163, 0x11BE, 0x1110,
    0x1163, 0x11BF, 0x1110, 0x1163, 0x11C0, 0x1110, 0x1163, 0x11C1, 0x1110, 0x1163, 0x11C2, 0x1110,
    0x1164, 0x1110, 0x1164, 0x11A8, 0x1110, 0x1164, 0x11A9, 0x1110, 0x1164, 0x11AA, 0x1110, 0x1164,
    0x11AB, 0x1110, 0x1164, 0x11AC, 0x1110, 0x1164, 0x11AD, 0x1110, 0x1164, 0x11AE, 0x1110, 0x1164,
    0x11AF, 0x1110, 0x1164, 0x11B0, 0x1110, 0x1164, 0x11B1, 0x1110, 0x1164, 0x11B2, 0x1110, 0x1164,
    0x11B3, 0x1110, 0x1164, 0x11B4, 0x1110, 0x1164, 0x11B5, 0x1110, 0x1164, 0x11B6, 0x1110, 0x1164,
    0x11B7, 0x1110, 0x1164, 0x11B8, 0x1110, 0x1164, 0x11B9, 0x1110, 0x1164, 0x11BA, 0x1110, 0x1164,
    0x11BB, 0x1110, 0x1164, 0x11BC, 0x1110, 0x1164, 0x11BD, 0x1110, 0x1164, 0x11BE, 0x1110, 0x1164,
    0x11BF, 0x1110, 0x1164, 0x11C0, 0x1110, 0x1164, 0x11C1, 0x1110, 0x1164, 0x11C2, 0x1110, 0x1165,
    0x1110, 0x1165, 0x11A8, 0x1110, 0x1165, 0x11A9, 0x1110, 0x1165, 0x11AA, 0x1110, 0x1165, 0x11AB,
    0x1110, 0x1165, 0x11AC, 0x1110, 0x1165, 0x11AD, 0x1110, 0x1165, 0x11AE, 0x1110, 0x1165, 0x11AF,
    0x1110, 0x1165, 0x11B0, 0x1110, 0x1165, 0x11B1, 0x1110, 0x1165, 0x11B2, 0x1110, 0x1165, 0x11B3,
    0x1110, 0x1165, 0x11B4, 0x1110, 0x1165, 0x11B5, 0x1110, 0x1165, 0x11B6, 0x1110, 0x1165, 0x11B7,
    0x1110, 0x1165, 0x11B8, 0x1110, 0x1165, 0x11B9, 0x1110, 0x1165, 0x11BA, 0x1110, 0x1165, 0x11BB,
    0x1110, 0x1165, 0x11BC, 0x1110, 0x1165, 0x11BD, 0x1110, 0x1165, 0x11BE, 0x1110, 0x1165, 0x11BF,
    0x1110, 0x1165, 0x11C0, 0x1110, 0x1165, 0x11C1, 0x1110, 0x1165, 0x11C2, 0x1110, 0x1166, 0x1110,
    0x1166, 0x11A8, 0x1110, 0x1166, 0x11A9, 0x1110, 0x1166, 0x11AA, 0x1110, 0x1166, 0x11AB, 0x1110,
    0x1166, 0x11AC, 0x1110, 0x1166, 0x11AD, 0x1110, 0x1166, 0x11AE, 0x1110, 0x1166, 0x11AF, 0x1110,
    0x1166, 0x11B0, 0x1110, 0x1166, 0x11B1, 0x1110, 0x1166, 0x11B2, 0x1110, 0x1166, 0x11B3, 0x1110,
    0x1166, 0x11B4, 0x1110, 0x1166, 0x11B5, 0x1110, 0x1166, 0x11B6, 0x1110, 0x1166, 0x11B7, 0x1110,
    0x1166, 0x11B8, 0x1110, 0x1166, 0x11B9, 0x1110, 0x1166, 0x11BA, 0x1110, 0x1166, 0x11BB, 0x1110,
    0x1166, 0x11BC, 0x1110, 0x1166, 0x11BD, 0x1110, 0x1166, 0x11BE, 0x1110, 0x1166, 0x11BF, 0x1110,
    0x1166, 0x11C0, 0x1110, 0x1166, 0x11C1, 0x1110, 0x1166, 0x11C2, 0x1110, 0x1167, 0x1110, 0x1167,
    0x11A8, 0x1110, 0x1167, 0x11A9, 0x1110, 0x1167, 0x11AA, 0x1110, 0x1167, 0x11AB, 0x1110, 0x1167,
    0x11AC, 0x1110, 0x1167, 0x11AD, 0x1110, 0x1167, 0x11AE, 0x1110, 0x1167, 0x11AF, 0x1110, 0x1167,
    0x11B0, 0x1110, 0x1167, 0x11B1, 0x1110, 0x1167, 0x11B2, 0x1110, 0x1167, 0x11B3, 0x1110, 0x1167,
    0x11B4, 0x1110, 0x1167, 0x11B5, 0x1110, 0x1167, 0x11B6, 0x1110, 0x1167, 0x11B7, 0x1110, 0x1167,
    0x11B8, 0x1110, 0x1167, 0x11B9, 0x1110, 0x1167, 0x11BA, 0x1110, 0x1167, 0x11BB, 0x1110, 0x1167,
    0x11BC, 0x1110, 0x1167, 0x11BD, 0x1110, 0x1167, 0x11BE, 0x1110, 0x1167, 0x11BF, 0x1110, 0x1167,
    0x11C0, 0x1110, 0x1167, 0x11C1, 0x1110, 0x1167, 0x11C2, 0x1110, 0x1168, 0x1110, 0x1168, 0x11A8,
    0x1110, 0x1168, 0x11A9, 0x1110, 0x1168, 0x11AA, 0x1110, 0x1168, 0x11AB, 0x1110, 0x1168, 0x11AC,
    0x1110, 0x1168, 0x11AD, 0x1110, 0x1168, 0x11AE, 0x1110, 0x1168, 0x11AF, 0x1110, 0x1168, 0x11B0,
    0x1110, 0x1168, 0x11B1, 0x1110, 0x1168, 0x11B2, 0x1110, 0x1168, 0x11B3, 0x1110, 0x1168, 0x11B4,
    0x1110, 0x1168, 0x11B5, 0x1110, 0x1168, 0x11B6, 0x1110, 0x1168, 0x11B7, 0x1110, 0x1168, 0x11B8,
    0x1110, 0x1168, 0x11B9, 0x1110, 0x1168, 0x11BA, 0x1110, 0x1168, 0x11BB, 0x1110, 0x1168, 0x11BC,
    0x1110, 0x1168, 0x11BD, 0x1110, 0x1168, 0x11BE, 0x1110, 0x1168, 0x11BF, 0x1110, 0x1168, 0x11C0,
    0x1110, 0x1168, 0x11C1, 0x1110, 0x1168, 0x11C2, 0x1110, 0x1169, 0x1110, 0x1169, 0x11A8, 0x1110,
    0x1169, 0x11A9, 0x1110, 0x1169, 0x11AA, 0x1110, 0x1169, 0x11AB, 0x1110, 0x1169, 0x11AC, 0x1110,
    0x1169, 0x11AD, 0x1110, 0x1169, 0x11AE, 0x1110, 0x1169, 0x11AF, 0x1110, 0x1169, 0x11B0, 0x1110,
    0x1169, 0x11B1, 0x1110, 0x1169, 0x11B2, 0x1110, 0x1169, 0x11B3, 0x1110, 0x1169, 0x11B4, 0x1110,
    0x1169, 0x11B5, 0x1110, 0x1169, 0x11B6, 0x1110, 0x1169, 0x11B7, 0x1110, 0x1169, 0x11B8, 0x1110,
    0x1169, 0x11B9, 0x1110, 0x1169, 0x11BA, 0x1110, 0x1169, 0x11BB, 0x1110, 0x1169, 0x11BC, 0x1110,
    0x1169, 0x11BD, 0x1110, 0x1169, 0x11BE, 0x1110, 0x1169, 0x11BF, 0x1110, 0x1169, 0x11C0, 0x1110,
    0x1169, 0x11C1, 0x1110, 0x1169, 0x11C2, 0x1110, 0x116A, 0x1110, 0x116A, 0x11A8, 0x1110, 0x116A,
    0x11A9, 0x1110, 0x116A, 0x11AA, 0x1110, 0x116A, 0x11AB, 0x1110, 0x116A, 0x11AC, 0x1110, 0x116A,
    0x11AD, 0x1110, 0x116A, 0x11AE, 0x1110, 0x116A, 0x11AF, 0x1110, 0x116A, 0x11B0, 0x1110, 0x116A,
    0x11B1, 0x1110, 0x116A, 0x11B2, 0x1110, 0x116A, 0x11B3, 0x1110, 0x116A, 0x11B4, 0x1110, 0x116A,
    0x11B5, 0x1110, 0x116A, 0x11B6, 0x1110, 0x116A, 0x11B7, 0x1110, 0x116A, 0x11B8, 0x1110, 0x116A,
    0x11B9, 0x1110, 0x116A, 0x11BA, 0x1110, 0x116A, 0x11BB, 0x1110, 0x116A, 0x11BC, 0x1110, 0x116A,
    0x11BD, 0x1110, 0x116A, 0x11BE, 0x1110, 0x116A, 0x11BF, 0x1110, 0x116A, 0x11C0, 0x1110, 0x116A,
    0x11C1, 0x1110, 0x116A, 0x11C2, 0x1110, 0x116B, 0x1110, 0x116B, 0x11A8, 0x1110, 0x116B, 0x11A9,
    0x1110, 0x116B, 0x11AA, 0x1110, 0x116B, 0x11AB, 0x1110, 0x116B, 0x11AC, 0x1110, 0x116B, 0x11AD,
    0x1110, 0x116B, 0x11AE, 0x1110, 0x116B, 0x11AF, 0x1110, 0x116B, 0x11B0, 0x1110, 0x116B, 0x11B1,
    0x1110, 0x116B, 0x11B2, 0x1110, 0x116B, 0x11B3, 0x1110, 0x116B, 0x11B4, 0x1110, 0x116B, 0x11B5,
    0x1110, 0x116B, 0x11B6, 0x1110, 0x116B, 0x11B7, 0x1110, 0x116B, 0x11B8, 0x1110, 0x116B, 0x11B9,
    0x1110, 0x116B, 0x11BA, 0x1110, 0x116B, 0x11BB, 0x1110, 0x116B, 0x11BC, 0x1110, 0x116B, 0x11BD,
    0x1110, 0x116B, 0x11BE, 0x1110, 0x116B, 0x11BF, 0x1110, 0x116B, 0x11C0, 0x1110, 0x116B, 0x11C1,
    0x1110, 0x116B, 0x11C2, 0x1110, 0x116C, 0x1110, 0x116C, 0x11A8, 0x1110, 0x116C, 0x11A9, 0x1110,
    0x116C, 0x11AA, 0x1110, 0x116C, 0x11AB, 0x1110, 0x116C, 0x11AC, 0x1110, 0x116C, 0x11AD, 0x1110,
    0x116C, 0x11AE, 0x1110, 0x116C, 0x11AF, 0x1110, 0x116C, 0x11B0, 0x1110, 0x116C, 0x11B1, 0x1110,
    0x116C, 0x11B2, 0x1110, 0x116C, 0x11B3, 0x1110, 0x116C, 0x11B4, 0x1110, 0x116C, 0x11B5, 0x1110,
    0x116C, 0x11B6, 0x1110, 0x116C, 0x11B7, 0x1110, 0x116C, 0x11B8, 0x1110, 0x116C, 0x11B9, 0x1110,
    0x116C, 0x11BA, 0x1110, 0x116C, 0x11BB, 0x1110, 0x116C, 0x11BC, 0x1110, 0x116C, 0x11BD, 0x1110,
    0x116C, 0x11BE, 0x1110, 0x116C, 0x11BF, 0x1110, 0x116C, 0x11C0, 0x1110, 0x116C, 0x11C1, 0x1110,
    0x116C, 0x11C2, 0x1110, 0x116D, 0x1110, 0x116D, 0x11A8, 0x1110, 0x116D, 0x11A9, 0x1110, 0x116D,
    0x11AA, 0x1110, 0x116D, 0x11AB, 0x1110, 0x116D, 0x11AC, 0x1110, 0x116D, 0x11AD, 0x1110, 0x116D,
    0x11AE, 0x1110, 0x116D, 0x11AF, 0x1110, 0x116D, 0x11B0, 0x1110, 0x116D, 0x11B1, 0x1110, 0x116D,
    0x11B2, 0x1110, 0x116D, 0x11B3, 0x1110, 0x116D, 0x11B4, 0x1110, 0x116D, 0x11B5, 0x1110, 0x116D,
    0x11B6, 0x1110, 0x116D, 0x11B7, 0x1110, 0x116D, 0x11B8, 0x1110, 0x116D, 0x11B9, 0x1110, 0x116D,
    0x11BA, 0x1110, 0x116D, 0x11BB, 0x1110, 0x116D, 0x11BC, 0x1110, 0x116D, 0x11BD, 0x1110, 0x116D,
    0x11BE, 0x1110, 0x116D, 0x11BF, 0x1110, 0x116D, 0x11C0, 0x1110, 0x116D, 0x11C1, 0x1110, 0x116D,
    0x11C2, 0x1110, 0x116E, 0x1110, 0x116E, 0x11A8, 0x1110, 0x116E, 0x11A9, 0x1110, 0x116E, 0x11AA,
    0x1110, 0x116E, 0x11AB, 0x1110, 0x116E, 0x11AC, 0x1110, 0x116E, 0x11AD, 0x1110, 0x116E, 0x11AE,
    0x1110, 0x116E, 0x11AF, 0x1110, 0x116E, 0x11B0, 0x1110, 0x116E, 0x11B1, 0x1110, 0x116E, 0x11B2,
    0x1110, 0x116E, 0x11B3, 0x1110, 0x116E, 0x11B4, 0x1110, 0x116E, 0x11B5, 0x1110, 0x116E, 0x11B6,
    0x1110, 0x116E, 0x11B7, 0x1110, 0x116E, 0x11B8, 0x1110, 0x116E, 0x11B9, 0x1110, 0x116E, 0x11BA,
    0x1110, 0x116E, 0x11BB, 0x1110, 0x116E, 0x11BC, 0x1110, 0x116E, 0x11BD, 0x1110, 0x116E, 0x11BE,
    0x1110, 0x116E, 0x11BF, 0x1110, 0x116E, 0x11C0, 0x1110, 0x116E, 0x11C1, 0x1110, 0x116E, 0x11C2,
    0x1110, 0x116F, 0x1110, 0x116F, 0x11A8, 0x1110, 0x116F, 0x11A9, 0x1110, 0x116F, 0x11AA, 0x1110,
    0x116F, 0x11AB, 0x1110, 0x116F, 0x11AC, 0x1110, 0x116F, 0x11AD, 0x1110, 0x116F, 0x11AE, 0x1110,
    0x116F, 0x11AF, 0x1110, 0x116F, 0x11B0, 0x1110, 0x116F, 0x11B1, 0x1110, 0x116F, 0x11B2, 0x1110,
    0x116F, 0x11B3, 0x1110, 0x116F, 0x11B4, 0x1110, 0x116F, 0x11B5, 0x1110, 0x116F, 0x11B6, 0x1110,
    0x116F, 0x11B7, 0x1110, 0x116F, 0x11B8, 0x1110, 0x116F, 0x11B9, 0x1110, 0x116F, 0x11BA, 0x1110,
    0x116F, 0x11BB, 0x1110, 0x116F, 0x11BC, 0x1110, 0x116F, 0x11BD, 0x1110, 0x116F, 0x11BE, 0x1110,
    0x116F, 0x11BF, 0x1110, 0x116F, 0x11C0, 0x1110, 0x116F, 0x11C1, 0x1110, 0x116F, 0x11C2, 0x1110,
    0x1170, 0x1110, 0x1170, 0x11A8, 0x1110, 0x1170, 0x11A9, 0x1110, 0x1170, 0x11AA, 0x1110, 0x1170,
    0x11AB, 0x1110, 0x1170, 0x11AC, 0x1110, 0x1170, 0x11AD, 0x1110, 0x1170, 0x11AE, 0x1110, 0x1170,
    0x11AF, 0x1110, 0x1170, 0x11B0, 0x1110, 0x1170, 0x11B1, 0x1110, 0x1170, 0x11B2, 0x1110, 0x1170,
    0x11B3, 0x1110, 0x1170, 0x11B4, 0x1110, 0x1170, 0x11B5, 0x1110, 0x1170, 0x11B6, 0x1110, 0x1170,
    0x11B7, 0x1110, 0x1170, 0x11B8, 0x1110, 0x1170, 0x11B9, 0x1110, 0x1170, 0x11BA, 0x1110, 0x1170,
    0x11BB, 0x1110, 0x1170, 0x11BC, 0x1110, 0x1170, 0x11BD, 0x1110, 0x1170, 0x11BE, 0x1110, 0x1170,
    0x11BF, 0x1110, 0x1170, 0x11C0, 0x1110, 0x1170, 0x11C1, 0x1110, 0x1170, 0x11C2, 0x1110, 0x1171,
    0x1110, 0x1171, 0x11A8, 0x1110, 0x1171, 0x11A9, 0x1110, 0x1171, 0x11AA, 0x1110, 0x1171, 0x11AB,
    0x1110, 0x1171, 0x11AC, 0x1110, 0x1171, 0x11AD, 0x1110, 0x1171, 0x11AE, 0x1110, 0x1171, 0x11AF,
    0x1110, 0x1171, 0x11B0, 0x1110, 0x1171, 0x11B1, 0x1110, 0x1171, 0x11B2, 0x1110, 0x1171, 0x11B3,
    0x1110, 0x1171, 0x11B4, 0x1110, 0x1171, 0x11B5, 0x1110, 0x1171, 0x11B6, 0x1110, 0x1171, 0x11B7,
    0x1110, 0x1171, 0x11B8, 0x1110, 0x1171, 0x11B9, 0x1110, 0x1171, 0x11BA, 0x1110, 0x1171, 0x11BB,
    0x1110, 0x1171, 0x11BC, 0x1110, 0x1171, 0x11BD, 0x1110, 0x1171, 0x11BE, 0x1110, 0x1171, 0x11BF,
    0x1110, 0x1171, 0x11C0, 0x1110, 0x1171, 0x11C1, 0x1110, 0x1171, 0x11C2, 0x1110, 0x1172, 0x1110,
    0x1172, 0x11A8, 0x1110, 0x1172, 0x11A9, 0x1110, 0x1172, 0x11AA, 0x1110, 0x1172, 0x11AB, 0x1110,
    0x1172, 0x11AC, 0x1110, 0x1172, 0x11AD, 0x1110, 0x1172, 0x11AE, 0x1110, 0x1172, 0x11AF, 0x1110,
    0x1172, 0x11B0, 0x1110, 0x1172, 0x11B1, 0x1110, 0x1172, 0x11B2, 0x1110, 0x1172, 0x11B3, 0x1110,
    0x1172, 0x11B4, 0x1110, 0x1172, 0x11B5, 0x1110, 0x1172, 0x11B6, 0x1110, 0x1172, 0x11B7, 0x1110,
    0x1172, 0x11B8, 0x1110, 0x1172, 0x11B9, 0x1110, 0x1172, 0x11BA, 0x1110, 0x1172, 0x11BB, 0x1110,
    0x1172, 0x11BC, 0x1110, 0x1172, 0x11BD, 0x1110, 0x1172, 0x11BE, 0x1110, 0x1172, 0x11BF, 0x1110,
    0x1172, 0x11C0, 0x1110, 0x1172, 0x11C1, 0x1110, 0x1172, 0x11C2, 0x1110, 0x1173, 0x1110, 0x1173,
    0x11A8, 0x1110, 0x1173, 0x11A9, 0x1110, 0x1173, 0x11AA, 0x1110, 0x1173, 0x11AB, 0x1110, 0x1173,
    0x11AC, 0x1110, 0x1173, 0x11AD, 0x1110, 0x1173, 0x11AE, 0x1110, 0x1173, 0x11AF, 0x1110, 0x1173,
    0x11B0, 0x1110, 0x1173, 0x11B1, 0x1110, 0x1173, 0x11B2, 0x1110, 0x1173, 0x11B3, 0x1110, 0x1173,
    0x11B4, 0x1110, 0x1173, 0x11B5, 0x1110, 0x1173, 0x11B6, 0x1110, 0x1173, 0x11B7, 0x1110, 0x1173,
    0x11B8, 0x1110, 0x1173, 0x11B9, 0x1110, 0x1173, 0x11BA, 0x1110, 0x1173, 0x11BB, 0x1110, 0x1173,
    0x11BC, 0x1110, 0x1173, 0x11BD, 0x1110, 0x1173, 0x11BE, 0x1110, 0x1173, 0x11BF, 0x1110, 0x1173,
    0x11C0, 0x1110, 0x1173, 0x11C1, 0x1110, 0x1173, 0x11C2, 0x1110, 0x1174, 0x1110, 0x1174, 0x11A8,
    0x1110, 0x1174, 0x11A9, 0x1110, 0x1174, 0x11AA, 0x1110, 0x1174, 0x11AB, 0x1110, 0x1174, 0x11AC,
    0x1110, 0x1174, 0x11AD, 0x1110, 0x1174, 0x11AE, 0x1110, 0x1174, 0x11AF, 0x1110, 0x1174, 0x11B0,
    0x1110, 0x1174, 0x11B1, 0x1110, 0x1174, 0x11B2, 0x1110, 0x1174, 0x11B3, 0x1110, 0x1174, 0x11B4,
    0x1110, 0x1174, 0x11B5, 0x1110, 0x1174, 0x11B6, 0x1110, 0x1174, 0x11B7, 0x1110, 0x1174, 0x11B8,
    0x1110, 0x1174, 0x11B9, 0x1110, 0x1174, 0x11BA, 0x1110, 0x1174, 0x11BB, 0x1110, 0x1174, 0x11BC,
    0x1110, 0x1174, 0x11BD, 0x1110, 0x1174, 0x11BE, 0x1110, 0x1174, 0x11BF, 0x1110, 0x1174, 0x11C0,
    0x1110, 0x1174, 0x11C1, 0x1110, 0x1174, 0x11C2, 0x1110, 0x1175, 0x1110, 0x1175, 0x11A8, 0x1110,
    0x1175, 0x11A9, 0x1110, 0x1175, 0x11AA, 0x1110, 0x1175, 0x11AB, 0x1110, 0x1175, 0x11AC, 0x1110,
    0x1175, 0x11AD, 0x1110, 0x1175, 0x11AE, 0x1110, 0x1175, 0x11AF, 0x1110, 0x1175, 0x11B0, 0x1110,
    0x1175, 0x11B1, 0x1110, 0x1175, 0x11B2, 0x1110, 0x1175, 0x11B3, 0x1110, 0x1175, 0x11B4, 0x1110,
    0x1175, 0x11B5, 0x1110, 0x1175, 0x11B6, 0x1110, 0x1175, 0x11B7, 0x1110, 0x1175, 0x11B8, 0x1110,
    0x1175, 0x11B9, 0x1110, 0x1175, 0x11BA, 0x1110, 0x1175, 0x11BB, 0x1110, 0x1175, 0x11BC, 0x1110,
    0x1175, 0x11BD, 0x1110, 0x1175, 0x11BE, 0x1110, 0x1175, 0x11BF, 0x1110, 0x1175, 0x11C0, 0x1110,
    0x1175, 0x11C1, 0x1110, 0x1175, 0x11C2, 0x1111, 0x1161, 0x1111, 0x1161, 0x11A8, 0x1111, 0x1161,
    0x11A9, 0x1111, 0x1161, 0x11AA, 0x1111, 0x1161, 0x11AB, 0x1111, 0x1161, 0x11AC, 0x1111, 0x1161,
    0x11AD, 0x1111, 0x1161, 0x11AE, 0x1111, 0x1161, 0x11AF, 0x1111, 0x1161, 0x11B0, 0x1111, 0x1161,
    0x11B1, 0x1111, 0x1161, 0x11B2, 0x1111, 0x1161, 0x11B3, 0x1111, 0x1161, 0x11B4, 0x1111, 0x1161,
    0x11B5, 0x1111, 0x1161, 0x11B6, 0x1111, 0x1161, 0x11B7, 0x1111, 0x1161, 0x11B8, 0x1111, 0x1161,
    0x11B9, 0x1111, 0x1161, 0x11BA, 0x1111, 0x1161, 0x11BB, 0x1111, 0x1161, 0x11BC, 0x1111, 0x1161,
    0x11BD, 0x1111, 0x1161, 0x11BE, 0x1111, 0x1161, 0x11BF, 0x1111, 0x1161, 0x11C0, 0x1111, 0x1161,
    0x11C1, 0x1111, 0x1161, 0x11C2, 0x1111, 0x1162, 0x1111, 0x1162, 0x11A8, 0x1111, 0x1162, 0x11A9,
    0x1111, 0x1162, 0x11AA, 0x1111, 0x1162, 0x11AB, 0x1111, 0x1162, 0x11AC, 0x1111, 0x1162, 0x11AD,
    0x1111, 0x1162, 0x11AE, 0x1111, 0x1162, 0x11AF, 0x1111, 0x1162, 0x11B0, 0x1111, 0x1162, 0x11B1,
    0x1111, 0x1162, 0x11B2, 0x1111, 0x1162, 0x11B3, 0x1111, 0x1162, 0x11B4, 0x1111, 0x1162, 0x11B5,
    0x1111, 0x1162, 0x11B6, 0x1111, 0x1162, 0x11B7, 0x1111, 0x1162, 0x11B8, 0x1111, 0x1162, 0x11B9,
    0x1111, 0x1162, 0x11BA, 0x1111, 0x1162, 0x11BB, 0x1111, 0x1162, 0x11BC, 0x1111, 0x1162, 0x11BD,
    0x1111, 0x1162, 0x11BE, 0x1111, 0x1162, 0x11BF, 0x1111, 0x1162, 0x11C0, 0x1111, 0x1162, 0x11C1,
    0x1111, 0x1162, 0x11C2, 0x1111, 0x1163, 0x1111, 0x1163, 0x11A8, 0x1111, 0x1163, 0x11A9, 0x1111,
    0x1163, 0x11AA, 0x1111, 0x1163, 0x11AB, 0x1111, 0x1163, 0x11AC, 0x1111, 0x1163, 0x11AD, 0x1111,
    0x1163, 0x11AE, 0x1111, 0x1163, 0x11AF, 0x1111, 0x1163, 0x11B0, 0x1111, 0x1163, 0x11B1, 0x1111,
    0x1163, 0x11B2, 0x1111, 0x1163, 0x11B3, 0x1111, 0x1163, 0x11B4, 0x1111, 0x1163, 0x11B5, 0x1111,
    0x1163, 0x11B6, 0x1111, 0x1163, 0x11B7, 0x1111, 0x1163, 0x11B8, 0x1111, 0x1163, 0x11B9, 0x1111,
    0x1163, 0x11BA, 0x1111, 0x1163, 0x11BB, 0x1111, 0x1163, 0x11BC, 0x1111, 0x1163, 0x11BD, 0x1111,
    0x1163, 0x11BE, 0x1111, 0x1163, 0x11BF, 0x1111, 0x1163, 0x11C0, 0x1111, 0x1163, 0x11C1, 0x1111,
    0x1163, 0x11C2, 0x1111, 0x1164, 0x1111, 0x1164, 0x11A8, 0x1111, 0x1164, 0x11A9, 0x1111, 0x1164,
    0x11AA, 0x1111, 0x1164, 0x11AB, 0x1111, 0x1164, 0x11AC, 0x1111, 0x1164, 0x11AD, 0x1111, 0x1164,
    0x11AE, 0x1111, 0x1164, 0x11AF, 0x1111, 0x1164, 0x11B0, 0x1111, 0x1164, 0x11B1, 0x1111, 0x1164,
    0x11B2, 0x1111, 0x1164, 0x11B3, 0x1111, 0x1164, 0x11B4, 0x1111, 0x1164, 0x11B5, 0x1111, 0x1164,
    0x11B6, 0x1111, 0x1164, 0x11B7, 0x1111, 0x1164, 0x11B8, 0x1111, 0x1164, 0x11B9, 0x1111, 0x1164,
    0x11BA, 0x1111, 0x1164, 0x11BB, 0x1111, 0x1164, 0x11BC, 0x1111, 0x1164, 0x11BD, 0x1111, 0x1164,
    0x11BE, 0x1111, 0x1164, 0x11BF, 0x1111, 0x1164, 0x11C0, 0x1111, 0x1164, 0x11C1, 0x1111, 0x1164,
    0x11C2, 0x1111, 0x1165, 0x1111, 0x1165, 0x11A8, 0x1111, 0x1165, 0x11A9, 0x1111, 0x1165, 0x11AA,
    0x1111, 0x1165, 0x11AB, 0x1111, 0x1165, 0x11AC, 0x1111, 0x1165, 0x11AD, 0x1111, 0x1165, 0x11AE,
    0x1111, 0x1165, 0x11AF, 0x1111, 0x1165, 0x11B0, 0x1111, 0x1165, 0x11B1, 0x1111, 0x1165, 0x11B2,
    0x1111, 0x1165, 0x11B3, 0x1111, 0x1165, 0x11B4, 0x1111, 0x1165, 0x11B5, 0x1111, 0x1165, 0x11B6,
    0x1111, 0x1165, 0x11B7, 0x1111, 0x1165, 0x11B8, 0x1111, 0x1165, 0x11B9, 0x1111, 0x1165, 0x11BA,
    0x1111, 0x1165, 0x11BB, 0x1111, 0x1165, 0x11BC, 0x1111, 0x1165, 0x11BD, 0x1111, 0x1165, 0x11BE,
    0x1111, 0x1165, 0x11BF, 0x1111, 0x1165, 0x11C0, 0x1111, 0x1165, 0x11C1, 0x1111, 0x1165, 0x11C2,
    0x1111, 0x1166, 0x1111, 0x1166, 0x11A8, 0x1111, 0x1166, 0x11A9, 0x1111, 0x1166, 0x11AA, 0x1111,
    0x1166, 0x11AB, 0x1111, 0x1166, 0x11AC, 0x1111, 0x1166, 0x11AD, 0x1111, 0x1166, 0x11AE, 0x1111,
    0x1166, 0x11AF, 0x1111, 0x1166, 0x11B0, 0x1111, 0x1166, 0x11B1, 0x1111, 0x1166, 0x11B2, 0x1111,
    0x1166, 0x11B3, 0x1111, 0x1166, 0x11B4, 0x1111, 0x1166, 0x11B5, 0x1111, 0x1166, 0x11B6, 0x1111,
    0x1166, 0x11B7, 0x1111, 0x1166, 0x11B8, 0x1111, 0x1166, 0x11B9, 0x1111, 0x1166, 0x11BA, 0x1111,
    0x1166, 0x11BB, 0x1111, 0x1166, 0x11BC, 0x1111, 0x1166, 0x11BD, 0x1111, 0x1166, 0x11BE, 0x1111,
    0x1166, 0x11BF, 0x1111, 0x1166, 0x11C0, 0x1111, 0x1166, 0x11C1, 0x1111, 0x1166, 0x11C2, 0x1111,
    0x1167, 0x1111, 0x1167, 0x11A8, 0x1111, 0x1167, 0x11A9, 0x1111, 0x1167, 0x11AA, 0x1111, 0x1167,
    0x11AB, 0x1111, 0x1167, 0x11AC, 0x1111, 0x1167, 0x11AD, 0x1111, 0x1167, 0x11AE, 0x1111, 0x1167,
    0x11AF, 0x1111, 0x1167, 0x11B0, 0x1111, 0x1167, 0x11B1, 0x1111, 0x1167, 0x11B2, 0x1111, 0x1167,
    0x11B3, 0x1111, 0x1167, 0x11B4, 0x1111, 0x1167, 0x11B5, 0x1111, 0x1167, 0x11B6, 0x1111, 0x1167,
    0x11B7, 0x1111, 0x1167, 0x11B8, 0x1111, 0x1167, 0x11B9, 0x1111, 0x1167, 0x11BA, 0x1111, 0x1167,
    0x11BB, 0x1111, 0x1167, 0x11BC, 0x1111, 0x1167, 0x11BD, 0x1111, 0x1167, 0x11BE, 0x1111, 0x1167,
    0x11BF, 0x1111, 0x1167, 0x11C0, 0x1111, 0x1167, 0x11C1, 0x1111, 0x1167, 0x11C2, 0x1111, 0x1168,
    0x1111, 0x1168, 0x11A8, 0x1111, 0x1168, 0x11A9, 0x1111, 0x1168, 0x11AA, 0x1111, 0x1168, 0x11AB,
    0x1111, 0x1168, 0x11AC, 0x1111, 0x1168, 0x11AD, 0x1111, 0x1168, 0x11AE, 0x1111, 0x1168, 0x11AF,
    0x1111, 0x1168, 0x11B0, 0x1111, 0x1168, 0x11B1, 0x1111, 0x1168, 0x11B2, 0x1111, 0x1168, 0x11B3,
    0x1111, 0x1168, 0x11B4, 0x1111, 0x1168, 0x11B5, 0x1111, 0x1168, 0x11B6, 0x1111, 0x1168, 0x11B7,
    0x1111, 0x1168, 0x11B8, 0x1111, 0x1168, 0x11B9, 0x1111, 0x1168, 0x11BA, 0x1111, 0x1168, 0x11BB,
    0x1111, 0x1168, 0x11BC, 0x1111, 0x1168, 0x11BD, 0x1111, 0x1168, 0x11BE, 0x1111, 0x1168, 0x11BF,
    0x1111, 0x1168, 0x11C0, 0x1111, 0x1168, 0x11C1, 0x1111, 0x1168, 0x11C2, 0x1111, 0x1169, 0x1111,
    0x1169, 0x11A8, 0x1111, 0x1169, 0x11A9, 0x1111, 0x1169, 0x11AA, 0x1111, 0x1169, 0x11AB, 0x1111,
    0x1169, 0x11AC, 0x1111, 0x1169, 0x11AD, 0x1111, 0x1169, 0x11AE, 0x1111, 0x1169, 0x11AF, 0x1111,
    0x1169, 0x11B0, 0x1111, 0x1169, 0x11B1, 0x1111, 0x1169, 0x11B2, 0x1111, 0x1169, 0x11B3, 0x1111,
    0x1169, 0x11B4, 0x1111, 0x1169, 0x11B5, 0x1111, 0x1169, 0x11B6, 0x1111, 0x1169, 0x11B7, 0x1111,
    0x1169, 0x11B8, 0x1111, 0x1169, 0x11B9, 0x1111, 0x1169, 0x11BA, 0x1111, 0x1169, 0x11BB, 0x1111,
    0x1169, 0x11BC, 0x1111, 0x1169, 0x11BD, 0x1111, 0x1169, 0x11BE, 0x1111, 0x1169, 0x11BF, 0x1111,
    0x1169, 0x11C0, 0x1111, 0x1169, 0x11C1, 0x1111, 0x1169, 0x11C2, 0x1111, 0x116A, 0x1111, 0x116A,
    0x11A8, 0x1111, 0x116A, 0x11A9, 0x1111, 0x116A, 0x11AA, 0x1111, 0x116A, 0x11AB, 0x1111, 0x116A,
    0x11AC, 0x1111, 0x116A, 0x11AD, 0x1111, 0x116A, 0x11AE, 0x1111, 0x116A, 0x11AF, 0x1111, 0x116A,
    0x11B0, 0x1111, 0x116A, 0x11B1, 0x1111, 0x116A, 0x11B2, 0x1111, 0x116A, 0x11B3, 0x1111, 0x116A,
    0x11B4, 0x1111, 0x116A, 0x11B5, 0x1111, 0x116A, 0x11B6, 0x1111, 0x116A, 0x11B7, 0x1111, 0x116A,
    0x11B8, 0x1111, 0x116A, 0x11B9, 0x1111, 0x116A, 0x11BA, 0x1111, 0x116A, 0x11BB, 0x1111, 0x116A,
    0x11BC, 0x1111, 0x116A, 0x11BD, 0x1111, 0x116A, 0x11BE, 0x1111, 0x116A, 0x11BF, 0x1111, 0x116A,
    0x11C0, 0x1111, 0x116A, 0x11C1, 0x1111, 0x116A, 0x11C2, 0x1111, 0x116B, 0x1111, 0x116B, 0x11A8,
    0x1111, 0x116B, 0x11A9, 0x1111, 0x116B, 0x11AA, 0x1111, 0x116B, 0x11AB, 0x1111, 0x116B, 0x11AC,
    0x1111, 0x116B, 0x11AD, 0x1111, 0x116B, 0x11AE, 0x1111, 0x116B, 0x11AF, 0x1111, 0x116B, 0x11B0,
    0x1111, 0x116B, 0x11B1, 0x1111, 0x116B, 0x11B2, 0x1111, 0x116B, 0x11B3, 0x1111, 0x116B, 0x11B4,
    0x1111, 0x116B, 0x11B5, 0x1111, 0x116B, 0x11B6, 0x1111, 0x116B, 0x11B7, 0x1111, 0x116B, 0x11B8,
    0x1111, 0x116B, 0x11B9, 0x1111, 0x116B, 0x11BA, 0x1111, 0x116B, 0x11BB, 0x1111, 0x116B, 0x11BC,
    0x1111, 0x116B, 0x11BD, 0x1111, 0x116B, 0x11BE, 0x1111, 0x116B, 0x11BF, 0x1111, 0x116B, 0x11C0,
    0x1111, 0x116B, 0x11C1, 0x1111, 0x116B, 0x11C2, 0x1111, 0x116C, 0x1111, 0x116C, 0x11A8, 0x1111,
    0x116C, 0x11A9, 0x1111, 0x116C, 0x11AA, 0x1111, 0x116C, 0x11AB, 0x1111, 0x116C, 0x11AC, 0x1111,
    0x116C, 0x11AD, 0x1111, 0x116C, 0x11AE, 0x1111, 0x116C, 0x11AF, 0x1111, 0x116C, 0x11B0, 0x1111,
    0x116C, 0x11B1, 0x1111, 0x116C, 0x11B2, 0x1111, 0x116C, 0x11B3, 0x1111, 0x116C, 0x11B4, 0x1111,
    0x116C, 0x11B5, 0x1111, 0x116C, 0x11B6, 0x1111, 0x116C, 0x11B7, 0x1111, 0x116C, 0x11B8, 0x1111,
    0x116C, 0x11B9, 0x1111, 0x116C, 0x11BA, 0x1111, 0x116C, 0x11BB, 0x1111, 0x116C, 0x11BC, 0x1111,
    0x116C, 0x11BD, 0x1111, 0x116C, 0x11BE, 0x1111, 0x116C, 0x11BF, 0x1111, 0x116C, 0x11C0, 0x1111,
    0x116C, 0x11C1, 0x1111, 0x116C, 0x11C2, 0x1111, 0x116D, 0x1111, 0x116D, 0x11A8, 0x1111, 0x116D,
    0x11A9, 0x1111, 0x116D, 0x11AA, 0x1111, 0x116D, 0x11AB, 0x1111, 0x116D, 0x11AC, 0x1111, 0x116D,
    0x11AD, 0x1111, 0x116D, 0x11AE, 0x1111, 0x116D, 0x11AF, 0x1111, 0x116D, 0x11B0, 0x1111, 0x116D,
    0x11B1, 0x1111, 0x116D, 0x11B2, 0x1111, 0x116D, 0x11B3, 0x1111, 0x116D, 0x11B4, 0x1111, 0x116D,
    0x11B5, 0x1111, 0x116D, 0x11B6, 0x1111, 0x116D, 0x11B7, 0x1111, 0x116D, 0x11B8, 0x1111, 0x116D,
    0x11B9, 0x1111, 0x116D, 0x11BA, 0x1111, 0x116D, 0x11BB, 0x1111, 0x116D, 0x11BC, 0x1111, 0x116D,
    0x11BD, 0x1111, 0x116D, 0x11BE, 0x1111, 0x116D, 0x11BF, 0x1111, 0x116D, 0x11C0, 0x1111, 0x116D,
    0x11C1, 0x1111, 0x116D, 0x11C2, 0x1111, 0x116E, 0x1111, 0x116E, 0x11A8, 0x1111, 0x116E, 0x11A9,
    0x1111, 0x116E, 0x11AA, 0x1111, 0x116E, 0x11AB, 0x1111, 0x116E, 0x11AC, 0x1111, 0x116E, 0x11AD,
    0x1111, 0x116E, 0x11AE, 0x1111, 0x116E, 0x11AF, 0x1111, 0x116E, 0x11B0, 0x1111, 0x116E, 0x11B1,
    0x1111, 0x116E, 0x11B2, 0x1111, 0x116E, 0x11B3, 0x1111, 0x116E, 0x11B4, 0x1111, 0x116E, 0x11B5,
    0x1111, 0x116E, 0x11B6, 0x1111, 0x116E, 0x11B7, 0x1111, 0x116E, 0x11B8, 0x1111, 0x116E, 0x11B9,
    0x1111, 0x116E, 0x11BA, 0x1111, 0x116E, 0x11BB, 0x1111, 0x116E, 0x11BC, 0x1111, 0x116E, 0x11BD,
    0x1111, 0x116E, 0x11BE, 0x1111, 0x116E, 0x11BF, 0x1111, 0x116E, 0x11C0, 0x1111, 0x116E, 0x11C1,
    0x1111, 0x116E, 0x11C2, 0x1111, 0x116F, 0x1111, 0x116F, 0x11A8, 0x1111, 0x116F, 0x11A9, 0x1111,
    0x116F, 0x11AA, 0x1111, 0x116F, 0x11AB, 0x1111, 0x116F, 0x11AC, 0x1111, 0x116F, 0x11AD, 0x1111,
    0x116F, 0x11AE, 0x1111, 0x116F, 0x11AF, 0x1111, 0x116F, 0x11B0, 0x1111, 0x116F, 0x11B1, 0x1111,
    0x116F, 0x11B2, 0x1111, 0x116F, 0x11B3, 0x1111, 0x116F, 0x11B4, 0x1111, 0x116F, 0x11B5, 0x1111,
    0x116F, 0x11B6, 0x1111, 0x116F, 0x11B7, 0x1111, 0x116F, 0x11B8, 0x1111, 0x116F, 0x11B9, 0x1111,
    0x116F, 0x11BA, 0x1111, 0x116F, 0x11BB, 0x1111, 0x116F, 0x11BC, 0x1111, 0x116F, 0x11BD, 0x1111,
    0x116F, 0x11BE, 0x1111, 0x116F, 0x11BF, 0x1111, 0x116F, 0x11C0, 0x1111, 0x116F, 0x11C1, 0x1111,
    0x116F, 0x11C2, 0x1111, 0x1170, 0x1111, 0x1170, 0x11A8, 0x1111, 0x1170, 0x11A9, 0x1111, 0x1170,
    0x11AA, 0x1111, 0x1170, 0x11AB, 0x1111, 0x1170, 0x11AC, 0x1111, 0x1170, 0x11AD, 0x1111, 0x1170,
    0x11AE, 0x1111, 0x1170, 0x11AF, 0x1111, 0x1170, 0x11B0, 0x1111, 0x1170, 0x11B1, 0x1111, 0x1170,
    0x11B2, 0x1111, 0x1170, 0x11B3, 0x1111, 0x1170, 0x11B4, 0x1111, 0x1170, 0x11B5, 0x1111, 0x1170,
    0x11B6, 0x1111, 0x1170, 0x11B7, 0x1111, 0x1170, 0x11B8, 0x1111, 0x1170, 0x11B9, 0x1111, 0x1170,
    0x11BA, 0x1111, 0x1170, 0x11BB, 0x1111, 0x1170, 0x11BC, 0x1111, 0x1170, 0x11BD, 0x1111, 0x1170,
    0x11BE, 0x1111, 0x1170, 0x11BF, 0x1111, 0x1170, 0x11C0, 0x1111, 0x1170, 0x11C1, 0x1111, 0x1170,
    0x11C2, 0x1111, 0x1171, 0x1111, 0x1171, 0x11A8, 0x1111, 0x1171, 0x11A9, 0x1111, 0x1171, 0x11AA,
    0x1111, 0x1171, 0x11AB, 0x1111, 0x1171, 0x11AC, 0x1111, 0x1171, 0x11AD, 0x1111, 0x1171, 0x11AE,
    0x1111, 0x1171, 0x11AF, 0x1111, 0x1171, 0x11B0, 0x1111, 0x1171, 0x11B1, 0x1111, 0x1171, 0x11B2,
    0x1111, 0x1171, 0x11B3, 0x1111, 0x1171, 0x11B4, 0x1111, 0x1171, 0x11B5, 0x1111, 0x1171, 0x11B6,
    0x1111, 0x1171, 0x11B7, 0x1111, 0x1171, 0x11B8, 0x1111, 0x1171, 0x11B9, 0x1111, 0x1171, 0x11BA,
    0x1111, 0x1171, 0x11BB, 0x1111, 0x1171, 0x11BC, 0x1111, 0x1171, 0x11BD, 0x1111, 0x1171, 0x11BE,
    0x1111, 0x1171, 0x11BF, 0x1111, 0x1171, 0x11C0, 0x1111, 0x1171, 0x11C1, 0x1111, 0x1171, 0x11C2,
    0x1111, 0x1172, 0x1111, 0x1172, 0x11A8, 0x1111, 0x1172, 0x11A9, 0x1111, 0x1172, 0x11AA, 0x1111,
    0x1172, 0x11AB, 0x1111, 0x1172, 0x11AC, 0x1111, 0x1172, 0x11AD, 0x1111, 0x1172, 0x11AE, 0x1111,
    0x1172, 0x11AF, 0x1111, 0x1172, 0x11B0, 0x1111, 0x1172, 0x11B1, 0x1111, 0x1172, 0x11B2, 0x1111,
    0x1172, 0x11B3, 0x1111, 0x1172, 0x11B4, 0x1111, 0x1172, 0x11B5, 0x1111, 0x1172, 0x11B6, 0x1111,
    0x1172, 0x11B7, 0x1111, 0x1172, 0x11B8, 0x1111, 0x1172, 0x11B9, 0x1111, 0x1172, 0x11BA, 0x1111,
    0x1172, 0x11BB, 0x1111, 0x1172, 0x11BC, 0x1111, 0x1172, 0x11BD, 0x1111, 0x1172, 0x11BE, 0x1111,
    0x1172, 0x11BF, 0x1111, 0x1172, 0x11C0, 0x1111, 0x1172, 0x11C1, 0x1111, 0x1172, 0x11C2, 0x1111,
    0x1173, 0x1111, 0x1173, 0x11A8, 0x1111, 0x1173, 0x11A9, 0x1111, 0x1173, 0x11AA, 0x1111, 0x1173,
    0x11AB, 0x1111, 0x1173, 0x11AC, 0x1111, 0x1173, 0x11AD, 0x1111, 0x1173, 0x11AE, 0x1111, 0x1173,
    0x11AF, 0x1111, 0x1173, 0x11B0, 0x1111, 0x1173, 0x11B1, 0x1111, 0x1173, 0x11B2, 0x1111, 0x1173,
    0x11B3, 0x1111, 0x1173, 0x11B4, 0x1111, 0x1173, 0x11B5, 0x1111, 0x1173, 0x11B6, 0x1111, 0x1173,
    0x11B7, 0x1111, 0x1173, 0x11B8, 0x1111, 0x1173, 0x11B9, 0x1111, 0x1173, 0x11BA, 0x1111, 0x1173,
    0x11BB, 0x1111, 0x1173, 0x11BC, 0x1111, 0x1173, 0x11BD, 0x1111, 0x1173, 0x11BE, 0x1111, 0x1173,
    0x11BF, 0x1111, 0x1173, 0x11C0, 0x1111, 0x1173, 0x11C1, 0x1111, 0x1173, 0x11C2, 0x1111, 0x1174,
    0x1111, 0x1174, 0x11A8, 0x1111, 0x1174, 0x11A9, 0x1111, 0x1174, 0x11AA, 0x1111, 0x1174, 0x11AB,
    0x1111, 0x1174, 0x11AC, 0x1111, 0x1174, 0x11AD, 0x1111, 0x1174, 0x11AE, 0x1111, 0x1174, 0x11AF,
    0x1111, 0x1174, 0x11B0, 0x1111, 0x1174, 0x11B1, 0x1111, 0x1174, 0x11B2, 0x1111, 0x1174, 0x11B3,
    0x1111, 0x1174, 0x11B4, 0x1111, 0x1174, 0x11B5, 0x1111, 0x1174, 0x11B6, 0x1111, 0x1174, 0x11B7,
    0x1111, 0x1174, 0x11B8, 0x1111, 0x1174, 0x11B9, 0x1111, 0x1174, 0x11BA, 0x1111, 0x1174, 0x11BB,
    0x1111, 0x1174, 0x11BC, 0x1111, 0x1174, 0x11BD, 0x1111, 0x1174, 0x11BE, 0x1111, 0x1174, 0x11BF,
    0x1111, 0x1174, 0x11C0, 0x1111, 0x1174, 0x11C1, 0x1111, 0x1174, 0x11C2, 0x1111, 0x1175, 0x1111,
    0x1175, 0x11A8, 0x1111, 0x1175, 0x11A9, 0x1111, 0x1175, 0x11AA, 0x1111, 0x1175, 0x11AB, 0x1111,
    0x1175, 0x11AC, 0x1111, 0x1175, 0x11AD, 0x1111, 0x1175, 0x11AE, 0x1111, 0x1175, 0x11AF, 0x1111,
    0x1175, 0x11B0, 0x1111, 0x1175, 0x11B1, 0x1111, 0x1175, 0x11B2, 0x1111, 0x1175, 0x11B3, 0x1111,
    0x1175, 0x11B4, 0x1111, 0x1175, 0x11B5, 0x1111, 0x1175, 0x11B6, 0x1111, 0x1175, 0x11B7, 0x1111,
    0x1175, 0x11B8, 0x1111, 0x1175, 0x11B9, 0x1111, 0x1175, 0x11BA, 0x1111, 0x1175, 0x11BB, 0x1111,
    0x1175, 0x11BC, 0x1111, 0x1175, 0x11BD, 0x1111, 0x1175, 0x11BE, 0x1111, 0x1175, 0x11BF, 0x1111,
    0x1175, 0x11C0, 0x1111, 0x1175, 0x11C1, 0x1111, 0x1175, 0x11C2, 0x1112, 0x1161, 0x1112, 0x1161,
    0x11A8, 0x1112, 0x1161, 0x11A9, 0x1112, 0x1161, 0x11AA, 0x1112, 0x1161, 0x11AB, 0x1112, 0x1161,
    0x11AC, 0x1112, 0x1161, 0x11AD, 0x1112, 0x1161, 0x11AE, 0x1112, 0x1161, 0x11AF, 0x1112, 0x1161,
    0x11B0, 0x1112, 0x1161, 0x11B1, 0x1112, 0x1161, 0x11B2, 0x1112, 0x1161, 0x11B3, 0x1112, 0x1161,
    0x11B4, 0x1112, 0x1161, 0x11B5, 0x1112, 0x1161, 0x11B6, 0x1112, 0x1161, 0x11B7, 0x1112, 0x1161,
    0x11B8, 0x1112, 0x1161, 0x11B9, 0x1112, 0x1161, 0x11BA, 0x1112, 0x1161, 0x11BB, 0x1112, 0x1161,
    0x11BC, 0x1112, 0x1161, 0x11BD, 0x1112, 0x1161, 0x11BE, 0x1112, 0x1161, 0x11BF, 0x1112, 0x1161,
    0x11C0, 0x1112, 0x1161, 0x11C1, 0x1112, 0x1161, 0x11C2, 0x1112, 0x1162, 0x1112, 0x1162, 0x11A8,
    0x1112, 0x1162, 0x11A9, 0x1112, 0x1162, 0x11AA, 0x1112, 0x1162, 0x11AB, 0x1112, 0x1162, 0x11AC,
    0x1112, 0x1162, 0x11AD, 0x1112, 0x1162, 0x11AE, 0x1112, 0x1162, 0x11AF, 0x1112, 0x1162, 0x11B0,
    0x1112, 0x1162, 0x11B1, 0x1112, 0x1162, 0x11B2, 0x1112, 0x1162, 0x11B3, 0x1112, 0x1162, 0x11B4,
    0x1112, 0x1162, 0x11B5, 0x1112, 0x1162, 0x11B6, 0x1112, 0x1162, 0x11B7, 0x1112, 0x1162, 0x11B8,
    0x1112, 0x1162, 0x11B9, 0x1112, 0x1162, 0x11BA, 0x1112, 0x1162, 0x11BB, 0x1112, 0x1162, 0x11BC,
    0x1112, 0x1162, 0x11BD, 0x1112, 0x1162, 0x11BE, 0x1112, 0x1162, 0x11BF, 0x1112, 0x1162, 0x11C0,
    0x1112, 0x1162, 0x11C1, 0x1112, 0x1162, 0x11C2, 0x1112, 0x1163, 0x1112, 0x1163, 0x11A8, 0x1112,
    0x1163, 0x11A9, 0x1112, 0x1163, 0x11AA, 0x1112, 0x1163, 0x11AB, 0x1112, 0x1163, 0x11AC, 0x1112,
    0x1163, 0x11AD, 0x1112, 0x1163, 0x11AE, 0x1112, 0x1163, 0x11AF, 0x1112, 0x1163, 0x11B0, 0x1112,
    0x1163, 0x11B1, 0x1112, 0x1163, 0x11B2, 0x1112, 0x1163, 0x11B3, 0x1112, 0x1163, 0x11B4, 0x1112,
    0x1163, 0x11B5, 0x1112, 0x1163, 0x11B6, 0x1112, 0x1163, 0x11B7, 0x1112, 0x1163, 0x11B8, 0x1112,
    0x1163, 0x11B9, 0x1112, 0x1163, 0x11BA, 0x1112, 0x1163, 0x11BB, 0x1112, 0x1163, 0x11BC, 0x1112,
    0x1163, 0x11BD, 0x1112, 0x1163, 0x11BE, 0x1112, 0x1163, 0x11BF, 0x1112, 0x1163, 0x11C0, 0x1112,
    0x1163, 0x11C1, 0x1112, 0x1163, 0x11C2, 0x1112, 0x1164, 0x1112, 0x1164, 0x11A8, 0x1112, 0x1164,
    0x11A9, 0x1112, 0x1164, 0x11AA, 0x1112, 0x1164, 0x11AB, 0x1112, 0x1164, 0x11AC, 0x1112, 0x1164,
    0x11AD, 0x1112, 0x1164, 0x11AE, 0x1112, 0x1164, 0x11AF, 0x1112, 0x1164, 0x11B0, 0x1112, 0x1164,
    0x11B1, 0x1112, 0x1164, 0x11B2, 0x1112, 0x1164, 0x11B3, 0x1112, 0x1164, 0x11B4, 0x1112, 0x1164,
    0x11B5, 0x1112, 0x1164, 0x11B6, 0x1112, 0x1164, 0x11B7, 0x1112, 0x1164, 0x11B8, 0x1112, 0x1164,
    0x11B9, 0x1112, 0x1164, 0x11BA, 0x1112, 0x1164, 0x11BB, 0x1112, 0x1164, 0x11BC, 0x1112, 0x1164,
    0x11BD, 0x1112, 0x1164, 0x11BE, 0x1112, 0x1164, 0x11BF, 0x1112, 0x1164, 0x11C0, 0x1112, 0x1164,
    0x11C1, 0x1112, 0x1164, 0x11C2, 0x1112, 0x1165, 0x1112, 0x1165, 0x11A8, 0x1112, 0x1165, 0x11A9,
    0x1112, 0x1165, 0x11AA, 0x1112, 0x1165, 0x11AB, 0x1112, 0x1165, 0x11AC, 0x1112, 0x1165, 0x11AD,
    0x1112, 0x1165, 0x11AE, 0x1112, 0x1165, 0x11AF, 0x1112, 0x1165, 0x11B0, 0x1112, 0x1165, 0x11B1,
    0x1112, 0x1165, 0x11B2, 0x1112, 0x1165, 0x11B3, 0x1112, 0x1165, 0x11B4, 0x1112, 0x1165, 0x11B5,
    0x1112, 0x1165, 0x11B6, 0x1112, 0x1165, 0x11B7, 0x1112, 0x1165, 0x11B8, 0x1112, 0x1165, 0x11B9,
    0x1112, 0x1165, 0x11BA, 0x1112, 0x1165, 0x11BB, 0x1112, 0x1165, 0x11BC, 0x1112, 0x1165, 0x11BD,
    0x1112, 0x1165, 0x11BE, 0x1112, 0x1165, 0x11BF, 0x1112, 0x1165, 0x11C0, 0x1112, 0x1165, 0x11C1,
    0x1112, 0x1165, 0x11C2, 0x1112, 0x1166, 0x1112, 0x1166, 0x11A8, 0x1112, 0x1166, 0x11A9, 0x1112,
    0x1166, 0x11AA, 0x1112, 0x1166, 0x11AB, 0x1112, 0x1166, 0x11AC, 0x1112, 0x1166, 0x11AD, 0x1112,
    0x1166, 0x11AE, 0x1112, 0x1166, 0x11AF, 0x1112, 0x1166, 0x11B0, 0x1112, 0x1166, 0x11B1, 0x1112,
    0x1166, 0x11B2, 0x1112, 0x1166, 0x11B3, 0x1112, 0x1166, 0x11B4, 0x1112, 0x1166, 0x11B5, 0x1112,
    0x1166, 0x11B6, 0x1112, 0x1166, 0x11B7, 0x1112, 0x1166, 0x11B8, 0x1112, 0x1166, 0x11B9, 0x1112,
    0x1166, 0x11BA, 0x1112, 0x1166, 0x11BB, 0x1112, 0x1166, 0x11BC, 0x1112, 0x1166, 0x11BD, 0x1112,
    0x1166, 0x11BE, 0x1112, 0x1166, 0x11BF, 0x1112, 0x1166, 0x11C0, 0x1112, 0x1166, 0x11C1, 0x1112,
    0x1166, 0x11C2, 0x1112, 0x1167, 0x1112, 0x1167, 0x11A8, 0x1112, 0x1167, 0x11A9, 0x1112, 0x1167,
    0x11AA, 0x1112, 0x1167, 0x11AB, 0x1112, 0x1167, 0x11AC, 0x1112, 0x1167, 0x11AD, 0x1112, 0x1167,
    0x11AE, 0x1112, 0x1167, 0x11AF, 0x1112, 0x1167, 0x11B0, 0x1112, 0x1167, 0x11B1, 0x1112, 0x1167,
    0x11B2, 0x1112, 0x1167, 0x11B3, 0x1112, 0x1167, 0x11B4, 0x1112, 0x1167, 0x11B5, 0x1112, 0x1167,
    0x11B6, 0x1112, 0x1167, 0x11B7, 0x1112, 0x1167, 0x11B8, 0x1112, 0x1167, 0x11B9, 0x1112, 0x1167,
    0x11BA, 0x1112, 0x1167, 0x11BB, 0x1112, 0x1167, 0x11BC, 0x1112, 0x1167, 0x11BD, 0x1112, 0x1167,
    0x11BE, 0x1112, 0x1167, 0x11BF, 0x1112, 0x1167, 0x11C0, 0x1112, 0x1167, 0x11C1, 0x1112, 0x1167,
    0x11C2, 0x1112, 0x1168, 0x1112, 0x1168, 0x11A8, 0x1112, 0x1168, 0x11A9, 0x1112, 0x1168, 0x11AA,
    0x1112, 0x1168, 0x11AB, 0x1112, 0x1168, 0x11AC, 0x1112, 0x1168, 0x11AD, 0x1112, 0x1168, 0x11AE,
    0x1112, 0x1168, 0x11AF, 0x1112, 0x1168, 0x11B0, 0x1112, 0x1168, 0x11B1, 0x1112, 0x1168, 0x11B2,
    0x1112, 0x1168, 0x11B3, 0x1112, 0x1168, 0x11B4, 0x1112, 0x1168, 0x11B5, 0x1112, 0x1168, 0x11B6,
    0x1112, 0x1168, 0x11B7, 0x1112, 0x1168, 0x11B8, 0x1112, 0x1168, 0x11B9, 0x1112, 0x1168, 0x11BA,
    0x1112, 0x1168, 0x11BB, 0x1112, 0x1168, 0x11BC, 0x1112, 0x1168, 0x11BD, 0x1112, 0x1168, 0x11BE,
    0x1112, 0x1168, 0x11BF, 0x1112, 0x1168, 0x11C0, 0x1112, 0x1168, 0x11C1, 0x1112, 0x1168, 0x11C2,
    0x1112, 0x1169, 0x1112, 0x1169, 0x11A8, 0x1112, 0x1169, 0x11A9, 0x1112, 0x1169, 0x11AA, 0x1112,
    0x1169, 0x11AB, 0x1112, 0x1169, 0x11AC, 0x1112, 0x1169, 0x11AD, 0x1112, 0x1169, 0x11AE, 0x1112,
    0x1169, 0x11AF, 0x1112, 0x1169, 0x11B0, 0x1112, 0x1169, 0x11B1, 0x1112, 0x1169, 0x11B2, 0x1112,
    0x1169, 0x11B3, 0x1112, 0x1169, 0x11B4, 0x1112, 0x1169, 0x11B5, 0x1112, 0x1169, 0x11B6, 0x1112,
    0x1169, 0x11B7, 0x1112, 0x1169, 0x11B8, 0x1112, 0x1169, 0x11B9, 0x1112, 0x1169, 0x11BA, 0x1112,
    0x1169, 0x11BB, 0x1112, 0x1169, 0x11BC, 0x1112, 0x1169, 0x11BD, 0x1112, 0x1169, 0x11BE, 0x1112,
    0x1169, 0x11BF, 0x1112, 0x1169, 0x11C0, 0x1112, 0x1169, 0x11C1, 0x1112, 0x1169, 0x11C2, 0x1112,
    0x116A, 0x1112, 0x116A, 0x11A8, 0x1112, 0x116A, 0x11A9, 0x1112, 0x116A, 0x11AA, 0x1112, 0x116A,
    0x11AB, 0x1112, 0x116A, 0x11AC, 0x1112, 0x116A, 0x11AD, 0x1112, 0x116A, 0x11AE, 0x1112, 0x116A,
    0x11AF, 0x1112, 0x116A, 0x11B0, 0x1112, 0x116A, 0x11B1, 0x1112, 0x116A, 0x11B2, 0x1112, 0x116A,
    0x11B3, 0x1112, 0x116A, 0x11B4, 0x1112, 0x116A, 0x11B5, 0x1112, 0x116A, 0x11B6, 0x1112, 0x116A,
    0x11B7, 0x1112, 0x116A, 0x11B8, 0x1112, 0x116A, 0x11B9, 0x1112, 0x116A, 0x11BA, 0x1112, 0x116A,
    0x11BB, 0x1112, 0x116A, 0x11BC, 0x1112, 0x116A, 0x11BD, 0x1112, 0x116A, 0x11BE, 0x1112, 0x116A,
    0x11BF, 0x1112, 0x116A, 0x11C0, 0x1112, 0x116A, 0x11C1, 0x1112, 0x116A, 0x11C2, 0x1112, 0x116B,
    0x1112, 0x116B, 0x11A8, 0x1112, 0x116B, 0x11A9, 0x1112, 0x116B, 0x11AA, 0x1112, 0x116B, 0x11AB,
    0x1112, 0x116B, 0x11AC, 0x1112, 0x116B, 0x11AD, 0x1112, 0x116B, 0x11AE, 0x1112, 0x116B, 0x11AF,
    0x1112, 0x116B, 0x11B0, 0x1112, 0x116B, 0x11B1, 0x1112, 0x116B, 0x11B2, 0x1112, 0x116B, 0x11B3,
    0x1112, 0x116B, 0x11B4, 0x1112, 0x116B, 0x11B5, 0x1112, 0x116B, 0x11B6, 0x1112, 0x116B, 0x11B7,
    0x1112, 0x116B, 0x11B8, 0x1112, 0x116B, 0x11B9, 0x1112, 0x116B, 0x11BA, 0x1112, 0x116B, 0x11BB,
    0x1112, 0x116B, 0x11BC, 0x1112, 0x116B, 0x11BD, 0x1112, 0x116B, 0x11BE, 0x1112, 0x116B, 0x11BF,
    0x1112, 0x116B, 0x11C0, 0x1112, 0x116B, 0x11C1, 0x1112, 0x116B, 0x11C2, 0x1112, 0x116C, 0x1112,
    0x116C, 0x11A8, 0x1112, 0x116C, 0x11A9, 0x1112, 0x116C, 0x11AA, 0x1112, 0x116C, 0x11AB, 0x1112,
    0x116C, 0x11AC, 0x1112, 0x116C, 0x11AD, 0x1112, 0x116C, 0x11AE, 0x1112, 0x116C, 0x11AF, 0x1112,
    0x116C, 0x11B0, 0x1112, 0x116C, 0x11B1, 0x1112, 0x116C, 0x11B2, 0x1112, 0x116C, 0x11B3, 0x1112,
    0x116C, 0x11B4, 0x1112, 0x116C, 0x11B5, 0x1112, 0x116C, 0x11B6, 0x1112, 0x116C, 0x11B7, 0x1112,
    0x116C, 0x11B8, 0x1112, 0x116C, 0x11B9, 0x1112, 0x116C, 0x11BA, 0x1112, 0x116C, 0x11BB, 0x1112,
    0x116C, 0x11BC, 0x1112, 0x116C, 0x11BD, 0x1112, 0x116C, 0x11BE, 0x1112, 0x116C, 0x11BF, 0x1112,
    0x116C, 0x11C0, 0x1112, 0x116C, 0x11C1, 0x1112, 0x116C, 0x11C2, 0x1112, 0x116D, 0x1112, 0x116D,
    0x11A8, 0x1112, 0x116D, 0x11A9, 0x1112, 0x116D, 0x11AA, 0x1112, 0x116D, 0x11AB, 0x1112, 0x116D,
    0x11AC, 0x1112, 0x116D, 0x11AD, 0x1112, 0x116D, 0x11AE, 0x1112, 0x116D, 0x11AF, 0x1112, 0x116D,
    0x11B0, 0x1112, 0x116D, 0x11B1, 0x1112, 0x116D, 0x11B2, 0x1112, 0x116D, 0x11B3, 0x1112, 0x116D,
    0x11B4, 0x1112, 0x116D, 0x11B5, 0x1112, 0x116D, 0x11B6, 0x1112, 0x116D, 0x11B7, 0x1112, 0x116D,
    0x11B8, 0x1112, 0x116D, 0x11B9, 0x1112, 0x116D, 0x11BA, 0x1112, 0x116D, 0x11BB, 0x1112, 0x116D,
    0x11BC, 0x1112, 0x116D, 0x11BD, 0x1112, 0x116D, 0x11BE, 0x1112, 0x116D, 0x11BF, 0x1112, 0x116D,
    0x11C0, 0x1112, 0x116D, 0x11C1, 0x1112, 0x116D, 0x11C2, 0x1112, 0x116E, 0x1112, 0x116E, 0x11A8,
    0x1112, 0x116E, 0x11A9, 0x1112, 0x116E, 0x11AA, 0x1112, 0x116E, 0x11AB, 0x1112, 0x116E, 0x11AC,
    0x1112, 0x116E, 0x11AD, 0x1112, 0x116E, 0x11AE, 0x1112, 0x116E, 0x11AF, 0x1112, 0x116E, 0x11B0,
    0x1112, 0x116E, 0x11B1, 0x1112, 0x116E, 0x11B2, 0x1112, 0x116E, 0x11B3, 0x1112, 0x116E, 0x11B4,
    0x1112, 0x116E, 0x11B5, 0x1112, 0x116E, 0x11B6, 0x1112, 0x116E, 0x11B7, 0x1112, 0x116E, 0x11B8,
    0x1112, 0x116E, 0x11B9, 0x1112, 0x116E, 0x11BA, 0x1112, 0x116E, 0x11BB, 0x1112, 0x116E, 0x11BC,
    0x1112, 0x116E, 0x11BD, 0x1112, 0x116E, 0x11BE, 0x1112, 0x116E, 0x11BF, 0x1112, 0x116E, 0x11C0,
    0x1112, 0x116E, 0x11C1, 0x1112, 0x116E, 0x11C2, 0x1112, 0x116F, 0x1112, 0x116F, 0x11A8, 0x1112,
    0x116F, 0x11A9, 0x1112, 0x116F, 0x11AA, 0x1112, 0x116F, 0x11AB, 0x1112, 0x116F, 0x11AC, 0x1112,
    0x116F, 0x11AD, 0x1112, 0x116F, 0x11AE, 0x1112, 0x116F, 0x11AF, 0x1112, 0x116F, 0x11B0, 0x1112,
    0x116F, 0x11B1, 0x1112, 0x116F, 0x11B2, 0x1112, 0x116F, 0x11B3, 0x1112, 0x116F, 0x11B4, 0x1112,
    0x116F, 0x11B5, 0x1112, 0x116F, 0x11B6, 0x1112, 0x116F, 0x11B7, 0x1112, 0x116F, 0x11B8, 0x1112,
    0x116F, 0x11B9, 0x1112, 0x116F, 0x11BA, 0x1112, 0x116F, 0x11BB, 0x1112, 0x116F, 0x11BC, 0x1112,
    0x116F, 0x11BD, 0x1112, 0x116F, 0x11BE, 0x1112, 0x116F, 0x11BF, 0x1112, 0x116F, 0x11C0, 0x1112,
    0x116F, 0x11C1, 0x1112, 0x116F, 0x11C2, 0x1112, 0x1170, 0x1112, 0x1170, 0x11A8, 0x1112, 0x1170,
    0x11A9, 0x1112, 0x1170, 0x11AA, 0x1112, 0x1170, 0x11AB, 0x1112, 0x1170, 0x11AC, 0x1112, 0x1170,
    0x11AD, 0x1112, 0x1170, 0x11AE, 0x1112, 0x1170, 0x11AF, 0x1112, 0x1170, 0x11B0, 0x1112, 0x1170,
    0x11B1, 0x1112, 0x1170, 0x11B2, 0x1112, 0x1170, 0x11B3, 0x1112, 0x1170, 0x11B4, 0x1112, 0x1170,
    0x11B5, 0x1112, 0x1170, 0x11B6, 0x1112, 0x1170, 0x11B7, 0x1112, 0x1170, 0x11B8, 0x1112, 0x1170,
    0x11B9, 0x1112, 0x1170, 0x11BA, 0x1112, 0x1170, 0x11BB, 0x1112, 0x1170, 0x11BC, 0x1112, 0x1170,
    0x11BD, 0x1112, 0x1170, 0x11BE, 0x1112, 0x1170, 0x11BF, 0x1112, 0x1170, 0x11C0, 0x1112, 0x1170,
    0x11C1, 0x1112, 0x1170, 0x11C2, 0x1112, 0x1171, 0x1112, 0x1171, 0x11A8, 0x1112, 0x1171, 0x11A9,
    0x1112, 0x1171, 0x11AA, 0x1112, 0x1171, 0x11AB, 0x1112, 0x1171, 0x11AC, 0x1112, 0x1171, 0x11AD,
    0x1112, 0x1171, 0x11AE, 0x1112, 0x1171, 0x11AF, 0x1112, 0x1171, 0x11B0, 0x1112, 0x1171, 0x11B1,
    0x1112, 0x1171, 0x11B2, 0x1112, 0x1171, 0x11B3, 0x1112, 0x1171, 0x11B4, 0x1112, 0x1171, 0x11B5,
    0x1112, 0x1171, 0x11B6, 0x1112, 0x1171, 0x11B7, 0x1112, 0x1171, 0x11B8, 0x1112, 0x1171, 0x11B9,
    0x1112, 0x1171, 0x11BA, 0x1112, 0x1171, 0x11BB, 0x1112, 0x1171, 0x11BC, 0x1112, 0x1171, 0x11BD,
    0x1112, 0x1171, 0x11BE, 0x1112, 0x1171, 0x11BF, 0x1112, 0x1171, 0x11C0, 0x1112, 0x1171, 0x11C1,
    0x1112, 0x1171, 0x11C2, 0x1112, 0x1172, 0x1112, 0x1172, 0x11A8, 0x1112, 0x1172, 0x11A9, 0x1112,
    0x1172, 0x11AA, 0x1112, 0x1172, 0x11AB, 0x1112, 0x1172, 0x11AC, 0x1112, 0x1172, 0x11AD, 0x1112,
    0x1172, 0x11AE, 0x1112, 0x1172, 0x11AF, 0x1112, 0x1172, 0x11B0, 0x1112, 0x1172, 0x11B1, 0x1112,
    0x1172, 0x11B2, 0x1112, 0x1172, 0x11B3, 0x1112, 0x1172, 0x11B4, 0x1112, 0x1172, 0x11B5, 0x1112,
    0x1172, 0x11B6, 0x1112, 0x1172, 0x11B7, 0x1112, 0x1172, 0x11B8, 0x1112, 0x1172, 0x11B9, 0x1112,
    0x1172, 0x11BA, 0x1112, 0x1172, 0x11BB, 0x1112, 0x1172, 0x11BC, 0x1112, 0x1172, 0x11BD, 0x1112,
    0x1172, 0x11BE, 0x1112, 0x1172, 0x11BF, 0x1112, 0x1172, 0x11C0, 0x1112, 0x1172, 0x11C1, 0x1112,
    0x1172, 0x11C2, 0x1112, 0x1173, 0x1112, 0x1173, 0x11A8, 0x1112, 0x1173, 0x11A9, 0x1112, 0x1173,
    0x11AA, 0x1112, 0x1173, 0x11AB, 0x1112, 0x1173, 0x11AC, 0x1112, 0x1173, 0x11AD, 0x1112, 0x1173,
    0x11AE, 0x1112, 0x1173, 0x11AF, 0x1112, 0x1173, 0x11B0, 0x1112, 0x1173, 0x11B1, 0x1112, 0x1173,
    0x11B2, 0x1112, 0x1173, 0x11B3, 0x1112, 0x1173, 0x11B4, 0x1112, 0x1173, 0x11B5, 0x1112, 0x1173,
    0x11B6, 0x1112, 0x1173, 0x11B7, 0x1112, 0x1173, 0x11B8, 0x1112, 0x1173, 0x11B9, 0x1112, 0x1173,
    0x11BA, 0x1112, 0x1173, 0x11BB, 0x1112, 0x1173, 0x11BC, 0x1112, 0x1173, 0x11BD, 0x1112, 0x1173,
    0x11BE, 0x1112, 0x1173, 0x11BF, 0x1112, 0x1173, 0x11C0, 0x1112, 0x1173, 0x11C1, 0x1112, 0x1173,
    0x11C2, 0x1112, 0x1174, 0x1112, 0x1174, 0x11A8, 0x1112, 0x1174, 0x11A9, 0x1112, 0x1174, 0x11AA,
    0x1112, 0x1174, 0x11AB, 0x1112, 0x1174, 0x11AC, 0x1112, 0x1174, 0x11AD, 0x1112, 0x1174, 0x11AE,
    0x1112, 0x1174, 0x11AF, 0x1112, 0x1174, 0x11B0, 0x1112, 0x1174, 0x11B1, 0x1112, 0x1174, 0x11B2,
    0x1112, 0x1174, 0x11B3, 0x1112, 0x1174, 0x11B4, 0x1112, 0x1174, 0x11B5, 0x1112, 0x1174, 0x11B6,
    0x1112, 0x1174, 0x11B7, 0x1112, 0x1174, 0x11B8, 0x1112, 0x1174, 0x11B9, 0x1112, 0x1174, 0x11BA,
    0x1112, 0x1174, 0x11BB, 0x1112, 0x1174, 0x11BC, 0x1112, 0x1174, 0x11BD, 0x1112, 0x1174, 0x11BE,
    0x1112, 0x1174, 0x11BF, 0x1112, 0x1174, 0x11C0, 0x1112, 0x1174, 0x11C1, 0x1112, 0x1174, 0x11C2,
    0x1112, 0x1175, 0x1112, 0x1175, 0x11A8, 0x1112, 0x1175, 0x11A9, 0x1112, 0x1175, 0x11AA, 0x1112,
    0x1175, 0x11AB, 0x1112, 0x1175, 0x11AC, 0x1112, 0x1175, 0x11AD, 0x1112, 0x1175, 0x11AE, 0x1112,
    0x1175, 0x11AF, 0x1112, 0x1175, 0x11B0, 0x1112, 0x1175, 0x11B1, 0x1112, 0x1175, 0x11B2, 0x1112,
    0x1175, 0x11B3, 0x1112, 0x1175, 0x11B4, 0x1112, 0x1175, 0x11B5, 0x1112, 0x1175, 0x11B6, 0x1112,
    0x1175, 0x11B7, 0x1112, 0x1175, 0x11B8, 0x1112, 0x1175, 0x11B9, 0x1112, 0x1175, 0x11BA, 0x1112,
    0x1175, 0x11BB, 0x1112, 0x1175, 0x11BC, 0x1112, 0x1175, 0x11BD, 0x1112, 0x1175, 0x11BE, 0x1112,
    0x1175, 0x11BF, 0x1112, 0x1175, 0x11C0, 0x1112, 0x1175, 0x11C1, 0x1112, 0x1175, 0x11C2, 0x8C48,
    0x66F4, 0x8ECA, 0x8CC8, 0x6ED1, 0x4E32, 0x53E5, 0x9F9C, 0x9F9C, 0x5951, 0x91D1, 0x5587, 0x5948,
    0x61F6, 0x7669, 0x7F85, 0x863F, 0x87BA, 0x88F8, 0x908F, 0x6A02, 0x6D1B, 0x70D9, 0x73DE, 0x843D,
    0x916A, 0x99F1, 0x4E82, 0x5375, 0x6B04, 0x721B, 0x862D, 0x9E1E, 0x5D50, 0x6FEB, 0x85CD, 0x8964,
    0x62C9, 0x81D8, 0x881F, 0x5ECA, 0x6717, 0x6D6A, 0x72FC, 0x90CE, 0x4F86, 0x51B7, 0x52DE, 0x64C4,
    0x6AD3, 0x7210, 0x76E7, 0x8001, 0x8606, 0x865C, 0x8DEF, 0x9732, 0x9B6F, 0x9DFA, 0x788C, 0x797F,
    0x7DA0, 0x83C9, 0x9304, 0x9E7F, 0x8AD6, 0x58DF, 0x5F04, 0x7C60, 0x807E, 0x7262, 0x78CA, 0x8CC2,
    0x96F7, 0x58D8, 0x5C62, 0x6A13, 0x6DDA, 0x6F0F, 0x7D2F, 0x7E37, 0x964B, 0x52D2, 0x808B, 0x51DC,
    0x51CC, 0x7A1C, 0x7DBE, 0x83F1, 0x9675, 0x8B80, 0x62CF, 0x6A02, 0x8AFE, 0x4E39, 0x5BE7, 0x6012,
    0x7387, 0x7570, 0x5317, 0x78FB, 0x4FBF, 0x5FA9, 0x4E0D, 0x6CCC, 0x6578, 0x7D22, 0x53C3, 0x585E,
    0x7701, 0x8449, 0x8AAA, 0x6BBA, 0x8FB0, 0x6C88, 0x62FE, 0x82E5, 0x63A0, 0x7565, 0x4EAE, 0x5169,
    0x51C9, 0x6881, 0x7CE7, 0x826F, 0x8AD2, 0x91CF, 0x52F5, 0x5442, 0x5973, 0x5EEC, 0x65C5, 0x6FFE,
    0x792A, 0x95AD, 0x9A6A, 0x9E97, 0x9ECE, 0x529B, 0x66C6, 0x6B77, 0x8F62, 0x5E74, 0x6190, 0x6200,
    0x649A, 0x6F23, 0x7149, 0x7489, 0x79CA, 0x7DF4, 0x806F, 0x8F26, 0x84EE, 0x9023, 0x934A, 0x5217,
    0x52A3, 0x54BD, 0x70C8, 0x88C2, 0x8AAA, 0x5EC9, 0x5FF5, 0x637B, 0x6BAE, 0x7C3E, 0x7375, 0x4EE4,
    0x56F9, 0x5BE7, 0x5DBA, 0x601C, 0x73B2, 0x7469, 0x7F9A, 0x8046, 0x9234, 0x96F6, 0x9748, 0x9818,
    0x4F8B, 0x79AE, 0x91B4, 0x96B8, 0x60E1, 0x4E86, 0x50DA, 0x5BEE, 0x5C3F, 0x6599, 0x6A02, 0x71CE,
    0x7642, 0x84FC, 0x907C, 0x9F8D, 0x6688, 0x962E, 0x5289, 0x677B, 0x67F3, 0x6D41, 0x6E9C, 0x7409,
    0x7559, 0x786B, 0x7D10, 0x985E, 0x516D, 0x622E, 0x9678, 0x502B, 0x5D19, 0x6DEA, 0x8F2A, 0x5F8B,
    0x6144, 0x6817, 0x7387, 0x9686, 0x5229, 0x540F, 0x5C65, 0x6613, 0x674E, 0x68A8, 0x6CE5, 0x7406,
    0x75E2, 0x7F79, 0x88CF, 0x88E1, 0x91CC, 0x96E2, 0x533F, 0x6EBA, 0x541D, 0x71D0, 0x7498, 0x85FA,
    0x96A3, 0x9C57, 0x9E9F, 0x6797, 0x6DCB, 0x81E8, 0x7ACB, 0x7B20, 0x7C92, 0x72C0, 0x7099, 0x8B58,
    0x4EC0, 0x8336, 0x523A, 0x5207, 0x5EA6, 0x62D3, 0x7CD6, 0x5B85, 0x6D1E, 0x66B4, 0x8F3B, 0x884C,
    0x964D, 0x898B, 0x5ED3, 0x5140, 0x55C0, 0x585A, 0x6674, 0x51DE, 0x732A, 0x76CA, 0x793C, 0x795E,
    0x7965, 0x798F, 0x9756, 0x7CBE, 0x7FBD, 0x8612, 0x8AF8, 0x9038, 0x90FD, 0x98EF, 0x98FC, 0x9928,
    0x9DB4, 0x90DE, 0x96B7, 0x4FAE, 0x50E7, 0x514D, 0x52C9, 0x52E4, 0x5351, 0x559D, 0x5606, 0x5668,
    0x5840, 0x58A8, 0x5C64, 0x5C6E, 0x6094, 0x6168, 0x618E, 0x61F2, 0x654F, 0x65E2, 0x6691, 0x6885,
    0x6D77, 0x6E1A, 0x6F22, 0x716E, 0x722B, 0x7422, 0x7891, 0x793E, 0x7949, 0x7948, 0x7950, 0x7956,
    0x795D, 0x798D, 0x798E, 0x7A40, 0x7A81, 0x7BC0, 0x7DF4, 0x7E09, 0x7E41, 0x7F72, 0x8005, 0x81ED,
    0x8279, 0x8279, 0x8457, 0x8910, 0x8996, 0x8B01, 0x8B39, 0x8CD3, 0x8D08, 0x8FB6, 0x9038, 0x96E3,
    0x97FF, 0x983B, 0x6075, 0x242EE, 0x8218, 0x4E26, 0x51B5, 0x5168, 0x4F80, 0x5145, 0x5180, 0x52C7,
    0x52FA, 0x559D, 0x5555, 0x5599, 0x55E2, 0x585A, 0x58B3, 0x5944, 0x5954, 0x5A62, 0x5B28, 0x5ED2,
    0x5ED9, 0x5F69, 0x5FAD, 0x60D8, 0x614E, 0x6108, 0x618E, 0x6160, 0x61F2, 0x6234, 0x63C4, 0x641C,
    0x6452, 0x6556, 0x6674, 0x6717, 0x671B, 0x6756, 0x6B79, 0x6BBA, 0x6D41, 0x6EDB, 0x6ECB, 0x6F22,
    0x701E, 0x716E, 0x77A7, 0x7235, 0x72AF, 0x732A, 0x7471, 0x7506, 0x753B, 0x761D, 0x761F, 0x76CA,
    0x76DB, 0x76F4, 0x774A, 0x7740, 0x78CC, 0x7AB1, 0x7BC0, 0x7C7B, 0x7D5B, 0x7DF4, 0x7F3E, 0x8005,
    0x8352, 0x83EF, 0x8779, 0x8941, 0x8986, 0x8996, 0x8ABF, 0x8AF8, 0x8ACB, 0x8B01, 0x8AFE, 0x8AED,
    0x8B39, 0x8B8A, 0x8D08, 0x8F38, 0x9072, 0x9199, 0x9276, 0x967C, 0x96E3, 0x9756, 0x97DB, 0x97FF,
    0x980B, 0x983B, 0x9B12, 0x9F9C, 0x2284A, 0x22844, 0x233D5, 0x3B9D, 0x4018, 0x4039, 0x25249, 0x25CD0,
    0x27ED3, 0x9F43, 0x9F8E, 0x5D9, 0x5F2, 0x5E9, 0x5E9, 0x5E9, 0x5E9, 0x5D0, 0x5D0, 0x5D0,
    0x5D1, 0x5D2, 0x5D3, 0x5D4, 0x5D5, 0x5D6, 0x5D8, 0x5D9, 0x5DA, 0x5DB, 0x5DC, 0x5DE,
    0x5E0, 0x5E1, 0x5E3, 0x5E4, 0x5E6, 0x5E7, 0x5E8, 0x5E9, 0x5EA, 0x5D5, 0x5D1, 0x5DB,
    0x5E4, 0xFF41, 0xFF42, 0xFF43, 0xFF44, 0xFF45, 0xFF46, 0xFF47, 0xFF48, 0xFF49, 0xFF4A, 0xFF4B,
    0xFF4C, 0xFF4D, 0xFF4E, 0xFF4F, 0xFF50, 0xFF51, 0xFF52, 0xFF53, 0xFF54, 0xFF55, 0xFF56, 0xFF57,
    0xFF58, 0xFF59, 0xFF5A, 0x10428, 0x10429, 0x1042A, 0x1042B, 0x1042C, 0x1042D, 0x1042E, 0x1042F, 0x10430,
    0x10431, 0x10432, 0x10433, 0x10434, 0x10435, 0x10436, 0x10437, 0x10438, 0x10439, 0x1043A, 0x1043B, 0x1043C,
    0x1043D, 0x1043E, 0x1043F, 0x10440, 0x10441, 0x10442, 0x10443, 0x10444, 0x10445, 0x10446, 0x10447, 0x10448,
    0x10449, 0x1044A, 0x1044B, 0x1044C, 0x1044D, 0x1044E, 0x1044F, 0x104D8, 0x104D9, 0x104DA, 0x104DB, 0x104DC,
    0x104DD, 0x104DE, 0x104DF, 0x104E0, 0x104E1, 0x104E2, 0x104E3, 0x104E4, 0x104E5, 0x104E6, 0x104E7, 0x104E8,
    0x104E9, 0x104EA, 0x104EB, 0x104EC, 0x104ED, 0x104EE, 0x104EF, 0x104F0, 0x104F1, 0x104F2, 0x104F3, 0x104F4,
    0x104F5, 0x104F6, 0x104F7, 0x104F8, 0x104F9, 0x104FA, 0x104FB, 0x10597, 0x10598, 0x10599, 0x1059A, 0x1059B,
    0x1059C, 0x1059D, 0x1059E, 0x1059F, 0x105A0, 0x105A1, 0x105A3, 0x105A4, 0x105A5, 0x105A6, 0x105A7, 0x105A8,
    0x105A9, 0x105AA, 0x105AB, 0x105AC, 0x105AD, 0x105AE, 0x105AF, 0x105B0, 0x105B1, 0x105B3, 0x105B4, 0x105B5,
    0x105B6, 0x105B7, 0x105B8, 0x105B9, 0x105BB, 0x105BC, 0x105D2, 0x105DA, 0x10CC0, 0x10CC1, 0x10CC2, 0x10CC3,
    0x10CC4, 0x10CC5, 0x10CC6, 0x10CC7, 0x10CC8, 0x10CC9, 0x10CCA, 0x10CCB, 0x10CCC, 0x10CCD, 0x10CCE, 0x10CCF,
    0x10CD0, 0x10CD1, 0x10CD2, 0x10CD3, 0x10CD4, 0x10CD5, 0x10CD6, 0x10CD7, 0x10CD8, 0x10CD9, 0x10CDA, 0x10CDB,
    0x10CDC, 0x10CDD, 0x10CDE, 0x10CDF, 0x10CE0, 0x10CE1, 0x10CE2, 0x10CE3, 0x10CE4, 0x10CE5, 0x10CE6, 0x10CE7,
    0x10CE8, 0x10CE9, 0x10CEA, 0x10CEB, 0x10CEC, 0x10CED, 0x10CEE, 0x10CEF, 0x10CF0, 0x10CF1, 0x10CF2, 0x10D70,
    0x10D71, 0x10D72, 0x10D73, 0x10D74, 0x10D75, 0x10D76, 0x10D77, 0x10D78, 0x10D79, 0x10D7A, 0x10D7B, 0x10D7C,
    0x10D7D, 0x10D7E, 0x10D7F, 0x10D80, 0x10D81, 0x10D82, 0x10D83, 0x10D84, 0x10D85, 0x11099, 0x1109B, 0x110A5,
    0x11347, 0x1133E, 0x11347, 0x11357, 0x11382, 0x113C9, 0x11384, 0x1138B, 0x113C2, 0x11390, 0x113C9, 0x113C2,
    0x113C2, 0x113C2, 0x113B8, 0x113C2, 0x113C9, 0x114B9, 0x114B9, 0x114B0, 0x114B9, 0x114BD, 0x115B8, 0x115AF,
    0x115B9, 0x115AF, 0x118C0, 0x118C1, 0x118C2, 0x118C3, 0x118C4, 0x118C5, 0x118C6, 0x118C7, 0x118C8, 0x118C9,
    0x118CA, 0x118CB, 0x118CC, 0x118CD, 0x118CE, 0x118CF, 0x118D0, 0x118D1, 0x118D2, 0x118D3, 0x118D4, 0x118D5,
    0x118D6, 0x118D7, 0x118D8, 0x118D9, 0x118DA, 0x118DB, 0x118DC, 0x118DD, 0x118DE, 0x118DF, 0x11935, 0x11930,
    0x16D67, 0x16D67, 0x16D63, 0x16D67, 0x16D63, 0x16D67, 0x16D67, 0x16E60, 0x16E61, 0x16E62, 0x16E63, 0x16E64,
    0x16E65, 0x16E66, 0x16E67, 0x16E68, 0x16E69, 0x16E6A, 0x16E6B, 0x16E6C, 0x16E6D, 0x16E6E, 0x16E6F, 0x16E70,
    0x16E71, 0x16E72, 0x16E73, 0x16E74, 0x16E75, 0x16E76, 0x16E77, 0x16E78, 0x16E79, 0x16E7A, 0x16E7B, 0x16E7C,
    0x16E7D, 0x16E7E, 0x16E7F, 0x1D157, 0x1D165, 0x1D158, 0x1D165, 0x1D158, 0x1D165, 0x1D16E, 0x1D158, 0x1D165,
    0x1D16F, 0x1D158, 0x1D165, 0x1D170, 0x1D158, 0x1D165, 0x1D171, 0x1D158, 0x1D165, 0x1D172, 0x1D1B9, 0x1D165,
    0x1D1BA, 0x1D165, 0x1D1B9, 0x1D165, 0x1D16E, 0x1D1BA, 0x1D165, 0x1D16E, 0x1D1B9, 0x1D165, 0x1D16F, 0x1D1BA,
    0x1D165, 0x1D16F, 0x1E922, 0x1E923, 0x1E924, 0x1E925, 0x1E926, 0x1E927, 0x1E928, 0x1E929, 0x1E92A, 0x1E92B,
    0x1E92C, 0x1E92D, 0x1E92E, 0x1E92F, 0x1E930, 0x1E931, 0x1E932, 0x1E933, 0x1E934, 0x1E935, 0x1E936, 0x1E937,
    0x1E938, 0x1E939, 0x1E93A, 0x1E93B, 0x1E93C, 0x1E93D, 0x1E93E, 0x1E93F, 0x1E940, 0x1E941, 0x1E942, 0x1E943,
    0x4E3D, 0x4E38, 0x4E41, 0x20122, 0x4F60, 0x4FAE, 0x4FBB, 0x5002, 0x507A, 0x5099, 0x50E7, 0x50CF,
    0x349E, 0x2063A, 0x514D, 0x5154, 0x5164, 0x5177, 0x2051C, 0x34B9, 0x5167, 0x518D, 0x2054B, 0x5197,
    0x51A4, 0x4ECC, 0x51AC, 0x51B5, 0x291DF, 0x51F5, 0x5203, 0x34DF, 0x523B, 0x5246, 0x5272, 0x5277,
    0x3515, 0x52C7, 0x52C9, 0x52E4, 0x52FA, 0x5305, 0x5306, 0x5317, 0x5349, 0x5351, 0x535A, 0x5373,
    0x537D, 0x537F, 0x537F, 0x537F, 0x20A2C, 0x7070, 0x53CA, 0x53DF, 0x20B63, 0x53EB, 0x53F1, 0x5406,
    0x549E, 0x5438, 0x5448, 0x5468, 0x54A2, 0x54F6, 0x5510, 0x5553, 0x5563, 0x5584, 0x5584, 0x5599,
    0x55AB, 0x55B3, 0x55C2, 0x5716, 0x5606, 0x5717, 0x5651, 0x5674, 0x5207, 0x58EE, 0x57CE, 0x57F4,
    0x580D, 0x578B, 0x5832, 0x5831, 0x58AC, 0x214E4, 0x58F2, 0x58F7, 0x5906, 0x591A, 0x5922, 0x5962,
    0x216A8, 0x216EA, 0x59EC, 0x5A1B, 0x5A27, 0x59D8, 0x5A66, 0x36EE, 0x36FC, 0x5B08, 0x5B3E, 0x5B3E,
    0x219C8, 0x5BC3, 0x5BD8, 0x5BE7, 0x5BF3, 0x21B18, 0x5BFF, 0x5C06, 0x5F53, 0x5C22, 0x3781, 0x5C60,
    0x5C6E, 0x5CC0, 0x5C8D, 0x21DE4, 0x5D43, 0x21DE6, 0x5D6E, 0x5D6B, 0x5D7C, 0x5DE1, 0x5DE2, 0x382F,
    0x5DFD, 0x5E28, 0x5E3D, 0x5E69, 0x3862, 0x22183, 0x387C, 0x5EB0, 0x5EB3, 0x5EB6, 0x5ECA, 0x2A392,
    0x5EFE, 0x22331, 0x22331, 0x8201, 0x5F22, 0x5F22, 0x38C7, 0x232B8, 0x261DA, 0x5F62, 0x5F6B, 0x38E3,
    0x5F9A, 0x5FCD, 0x5FD7, 0x5FF9, 0x6081, 0x393A, 0x391C, 0x6094, 0x226D4, 0x60C7, 0x6148, 0x614C,
    0x614E, 0x614C, 0x617A, 0x618E, 0x61B2, 0x61A4, 0x61AF, 0x61DE, 0x61F2, 0x61F6, 0x6210, 0x621B,
    0x625D, 0x62B1, 0x62D4, 0x6350, 0x22B0C, 0x633D, 0x62FC, 0x6368, 0x6383, 0x63E4, 0x22BF1, 0x6422,
    0x63C5, 0x63A9, 0x3A2E, 0x6469, 0x647E, 0x649D, 0x6477, 0x3A6C, 0x654F, 0x656C, 0x2300A, 0x65E3,
    0x66F8, 0x6649, 0x3B19, 0x6691, 0x3B08, 0x3AE4, 0x5192, 0x5195, 0x6700, 0x669C, 0x80AD, 0x43D9,
    0x6717, 0x671B, 0x6721, 0x675E, 0x6753, 0x233C3, 0x3B49, 0x67FA, 0x6785, 0x6852, 0x6885, 0x2346D,
    0x688E, 0x681F, 0x6914, 0x3B9D, 0x6942, 0x69A3, 0x69EA, 0x6AA8, 0x236A3, 0x6ADB, 0x3C18, 0x6B21,
    0x238A7, 0x6B54, 0x3C4E, 0x6B72, 0x6B9F, 0x6BBA, 0x6BBB, 0x23A8D, 0x21D0B, 0x23AFA, 0x6C4E, 0x23CBC,
    0x6CBF, 0x6CCD, 0x6C67, 0x6D16, 0x6D3E, 0x6D77, 0x6D41, 0x6D69, 0x6D78, 0x6D85, 0x23D1E, 0x6D34,
    0x6E2F, 0x6E6E, 0x3D33, 0x6ECB, 0x6EC7, 0x23ED1, 0x6DF9, 0x6F6E, 0x23F5E, 0x23F8E, 0x6FC6, 0x7039,
    0x701E, 0x701B, 0x3D96, 0x704A, 0x707D, 0x7077, 0x70AD, 0x20525, 0x7145, 0x24263, 0x719C, 0x243AB,
    0x7228, 0x7235, 0x7250, 0x24608, 0x7280, 0x7295, 0x24735, 0x24814, 0x737A, 0x738B, 0x3EAC, 0x73A5,
    0x3EB8, 0x3EB8, 0x7447, 0x745C, 0x7471, 0x7485, 0x74CA, 0x3F1B, 0x7524, 0x24C36, 0x753E, 0x24C92,
    0x7570, 0x2219F, 0x7610, 0x24FA1, 0x24FB8, 0x25044, 0x3FFC, 0x4008, 0x76F4, 0x250F3, 0x250F2, 0x25119,
    0x25133, 0x771E, 0x771F, 0x771F, 0x774A, 0x4039, 0x778B, 0x4046, 0x4096, 0x2541D, 0x784E, 0x788C,
    0x78CC, 0x40E3, 0x25626, 0x7956, 0x2569A, 0x256C5, 0x798F, 0x79EB, 0x412F, 0x7A40, 0x7A4A, 0x7A4F,
    0x2597C, 0x25AA7, 0x25AA7, 0x7AEE, 0x4202, 0x25BAB, 0x7BC6, 0x7BC9, 0x4227, 0x25C80, 0x7CD2, 0x42A0,
    0x7CE8, 0x7CE3, 0x7D00, 0x25F86, 0x7D63, 0x4301, 0x7DC7, 0x7E02, 0x7E45, 0x4334, 0x26228, 0x26247,
    0x4359, 0x262D9, 0x7F7A, 0x2633E, 0x7F95, 0x7FFA, 0x8005, 0x264DA, 0x26523, 0x8060, 0x265A8, 0x8070,
    0x2335F, 0x43D5, 0x80B2, 0x8103, 0x440B, 0x813E, 0x5AB5, 0x267A7, 0x267B5, 0x23393, 0x2339C, 0x8201,
    0x8204, 0x8F9E, 0x446B, 0x8291, 0x828B, 0x829D, 0x52B3, 0x82B1, 0x82B3, 0x82BD, 0x82E6, 0x26B3C,
    0x82E5, 0x831D, 0x8363, 0x83AD, 0x8323, 0x83BD, 0x83E7, 0x8457, 0x8353, 0x83CA, 0x83CC, 0x83DC,
    0x26C36, 0x26D6B, 0x26CD5, 0x452B, 0x84F1, 0x84F3, 0x8516, 0x273CA, 0x8564, 0x26F2C, 0x455D, 0x4561,
    0x26FB1, 0x270D2, 0x456B, 0x8650, 0x865C, 0x8667, 0x8669, 0x86A9, 0x8688, 0x870E, 0x86E2, 0x8779,
    0x8728, 0x876B, 0x8786, 0x45D7, 0x87E1, 0x8801, 0x45F9, 0x8860, 0x8863, 0x27667, 0x88D7, 0x88DE,
    0x4635, 0x88FA, 0x34BB, 0x278AE, 0x27966, 0x46BE, 0x46C7, 0x8AA0, 0x8AED, 0x8B8A, 0x8C55, 0x27CA8,
    0x8CAB, 0x8CC1, 0x8D1B, 0x8D77, 0x27F2F, 0x20804, 0x8DCB, 0x8DBC, 0x8DF0, 0x208DE, 0x8ED4, 0x8F38,
    0x285D2, 0x285ED, 0x9094, 0x90F1, 0x9111, 0x2872E, 0x911B, 0x9238, 0x92D7, 0x92D8, 0x927C, 0x93F9,
    0x9415, 0x28BFA, 0x958B, 0x4995, 0x95B7, 0x28D77, 0x49E6, 0x96C3, 0x5DB2, 0x9723, 0x29145, 0x2921A,
    0x4A6E, 0x4A76, 0x97E0, 0x2940A, 0x4AB2, 0x29496, 0x980B, 0x980B, 0x9829, 0x295B6, 0x98E2, 0x4B33,
    0x9929, 0x99A7, 0x99C2, 0x99FE, 0x4BCE, 0x29B30, 0x9B12, 0x9C40, 0x9CFD, 0x4CCE, 0x4CED, 0x9D67,
    0x2A0CE, 0x4CF8, 0x2A105, 0x2A20E, 0x2A291, 0x9EBB, 0x4D56, 0x9EF9, 0x9EFE, 0x9F05, 0x9F0F, 0x9F16,
    0x9F3B, 0x2A600
};
inline constexpr int kFoldData_n = 36314;

inline constexpr FoldEntry kFold[] = {
    {0x41,0,1}, {0x42,1,1}, {0x43,2,1}, {0x44,3,1}, {0x45,4,1}, {0x46,5,1},
    {0x47,6,1}, {0x48,7,1}, {0x49,8,1}, {0x4A,9,1}, {0x4B,10,1}, {0x4C,11,1},
    {0x4D,12,1}, {0x4E,13,1}, {0x4F,14,1}, {0x50,15,1}, {0x51,16,1}, {0x52,17,1},
    {0x53,18,1}, {0x54,19,1}, {0x55,20,1}, {0x56,21,1}, {0x57,22,1}, {0x58,23,1},
    {0x59,24,1}, {0x5A,25,1}, {0xC0,26,1}, {0xC1,27,1}, {0xC2,28,1}, {0xC3,29,1},
    {0xC4,30,1}, {0xC5,31,1}, {0xC6,32,1}, {0xC7,33,1}, {0xC8,34,1}, {0xC9,35,1},
    {0xCA,36,1}, {0xCB,37,1}, {0xCC,38,1}, {0xCD,39,1}, {0xCE,40,1}, {0xCF,41,1},
    {0xD0,42,1}, {0xD1,43,1}, {0xD2,44,1}, {0xD3,45,1}, {0xD4,46,1}, {0xD5,47,1},
    {0xD6,48,1}, {0xD8,49,1}, {0xD9,50,1}, {0xDA,51,1}, {0xDB,52,1}, {0xDC,53,1},
    {0xDD,54,1}, {0xDE,55,1}, {0xE0,56,1}, {0xE1,57,1}, {0xE2,58,1}, {0xE3,59,1},
    {0xE4,60,1}, {0xE5,61,1}, {0xE7,62,1}, {0xE8,63,1}, {0xE9,64,1}, {0xEA,65,1},
    {0xEB,66,1}, {0xEC,67,1}, {0xED,68,1}, {0xEE,69,1}, {0xEF,70,1}, {0xF1,71,1},
    {0xF2,72,1}, {0xF3,73,1}, {0xF4,74,1}, {0xF5,75,1}, {0xF6,76,1}, {0xF9,77,1},
    {0xFA,78,1}, {0xFB,79,1}, {0xFC,80,1}, {0xFD,81,1}, {0xFF,82,1}, {0x100,83,1},
    {0x101,84,1}, {0x102,85,1}, {0x103,86,1}, {0x104,87,1}, {0x105,88,1}, {0x106,89,1},
    {0x107,90,1}, {0x108,91,1}, {0x109,92,1}, {0x10A,93,1}, {0x10B,94,1}, {0x10C,95,1},
    {0x10D,96,1}, {0x10E,97,1}, {0x10F,98,1}, {0x110,99,1}, {0x112,100,1}, {0x113,101,1},
    {0x114,102,1}, {0x115,103,1}, {0x116,104,1}, {0x117,105,1}, {0x118,106,1}, {0x119,107,1},
    {0x11A,108,1}, {0x11B,109,1}, {0x11C,110,1}, {0x11D,111,1}, {0x11E,112,1}, {0x11F,113,1},
    {0x120,114,1}, {0x121,115,1}, {0x122,116,1}, {0x123,117,1}, {0x124,118,1}, {0x125,119,1},
    {0x126,120,1}, {0x128,121,1}, {0x129,122,1}, {0x12A,123,1}, {0x12B,124,1}, {0x12C,125,1},
    {0x12D,126,1}, {0x12E,127,1}, {0x12F,128,1}, {0x130,129,1}, {0x132,130,1}, {0x134,131,1},
    {0x135,132,1}, {0x136,133,1}, {0x137,134,1}, {0x139,135,1}, {0x13A,136,1}, {0x13B,137,1},
    {0x13C,138,1}, {0x13D,139,1}, {0x13E,140,1}, {0x13F,141,1}, {0x141,142,1}, {0x143,143,1},
    {0x144,144,1}, {0x145,145,1}, {0x146,146,1}, {0x147,147,1}, {0x148,148,1}, {0x14A,149,1},
    {0x14C,150,1}, {0x14D,151,1}, {0x14E,152,1}, {0x14F,153,1}, {0x150,154,1}, {0x151,155,1},
    {0x152,156,1}, {0x154,157,1}, {0x155,158,1}, {0x156,159,1}, {0x157,160,1}, {0x158,161,1},
    {0x159,162,1}, {0x15A,163,1}, {0x15B,164,1}, {0x15C,165,1}, {0x15D,166,1}, {0x15E,167,1},
    {0x15F,168,1}, {0x160,169,1}, {0x161,170,1}, {0x162,171,1}, {0x163,172,1}, {0x164,173,1},
    {0x165,174,1}, {0x166,175,1}, {0x168,176,1}, {0x169,177,1}, {0x16A,178,1}, {0x16B,179,1},
    {0x16C,180,1}, {0x16D,181,1}, {0x16E,182,1}, {0x16F,183,1}, {0x170,184,1}, {0x171,185,1},
    {0x172,186,1}, {0x173,187,1}, {0x174,188,1}, {0x175,189,1}, {0x176,190,1}, {0x177,191,1},
    {0x178,192,1}, {0x179,193,1}, {0x17A,194,1}, {0x17B,195,1}, {0x17C,196,1}, {0x17D,197,1},
    {0x17E,198,1}, {0x181,199,1}, {0x182,200,1}, {0x184,201,1}, {0x186,202,1}, {0x187,203,1},
    {0x189,204,1}, {0x18A,205,1}, {0x18B,206,1}, {0x18E,207,1}, {0x18F,208,1}, {0x190,209,1},
    {0x191,210,1}, {0x193,211,1}, {0x194,212,1}, {0x196,213,1}, {0x197,214,1}, {0x198,215,1},
    {0x19C,216,1}, {0x19D,217,1}, {0x19F,218,1}, {0x1A0,219,1}, {0x1A1,220,1}, {0x1A2,221,1},
    {0x1A4,222,1}, {0x1A6,223,1}, {0x1A7,224,1}, {0x1A9,225,1}, {0x1AC,226,1}, {0x1AE,227,1},
    {0x1AF,228,1}, {0x1B0,229,1}, {0x1B1,230,1}, {0x1B2,231,1}, {0x1B3,232,1}, {0x1B5,233,1},
    {0x1B7,234,1}, {0x1B8,235,1}, {0x1BC,236,1}, {0x1C4,237,1}, {0x1C5,238,1}, {0x1C7,239,1},
    {0x1C8,240,1}, {0x1CA,241,1}, {0x1CB,242,1}, {0x1CD,243,1}, {0x1CE,244,1}, {0x1CF,245,1},
    {0x1D0,246,1}, {0x1D1,247,1}, {0x1D2,248,1}, {0x1D3,249,1}, {0x1D4,250,1}, {0x1D5,251,1},
    {0x1D6,252,1}, {0x1D7,253,1}, {0x1D8,254,1}, {0x1D9,255,1}, {0x1DA,256,1}, {0x1DB,257,1},
    {0x1DC,258,1}, {0x1DE,259,1}, {0x1DF,260,1}, {0x1E0,261,1}, {0x1E1,262,1}, {0x1E2,263,1},
    {0x1E3,264,1}, {0x1E4,265,1}, {0x1E6,266,1}, {0x1E7,267,1}, {0x1E8,268,1}, {0x1E9,269,1},
    {0x1EA,270,1}, {0x1EB,271,1}, {0x1EC,272,1}, {0x1ED,273,1}, {0x1EE,274,1}, {0x1EF,275,1},
    {0x1F0,276,1}, {0x1F1,277,1}, {0x1F2,278,1}, {0x1F4,279,1}, {0x1F5,280,1}, {0x1F6,281,1},
    {0x1F7,282,1}, {0x1F8,283,1}, {0x1F9,284,1}, {0x1FA,285,1}, {0x1FB,286,1}, {0x1FC,287,1},
    {0x1FD,288,1}, {0x1FE,289,1}, {0x1FF,290,1}, {0x200,291,1}, {0x201,292,1}, {0x202,293,1},
    {0x203,294,1}, {0x204,295,1}, {0x205,296,1}, {0x206,297,1}, {0x207,298,1}, {0x208,299,1},
    {0x209,300,1}, {0x20A,301,1}, {0x20B,302,1}, {0x20C,303,1}, {0x20D,304,1}, {0x20E,305,1},
    {0x20F,306,1}, {0x210,307,1}, {0x211,308,1}, {0x212,309,1}, {0x213,310,1}, {0x214,311,1},
    {0x215,312,1}, {0x216,313,1}, {0x217,314,1}, {0x218,315,1}, {0x219,316,1}, {0x21A,317,1},
    {0x21B,318,1}, {0x21C,319,1}, {0x21E,320,1}, {0x21F,321,1}, {0x220,322,1}, {0x222,323,1},
    {0x224,324,1}, {0x226,325,1}, {0x227,326,1}, {0x228,327,1}, {0x229,328,1}, {0x22A,329,1},
    {0x22B,330,1}, {0x22C,331,1}, {0x22D,332,1}, {0x22E,333,1}, {0x22F,334,1}, {0x230,335,1},
    {0x231,336,1}, {0x232,337,1}, {0x233,338,1}, {0x23A,339,1}, {0x23B,340,1}, {0x23D,341,1},
    {0x23E,342,1}, {0x241,343,1}, {0x243,344,1}, {0x244,345,1}, {0x245,346,1}, {0x246,347,1},
    {0x248,348,1}, {0x24A,349,1}, {0x24C,350,1}, {0x24E,351,1}, {0x300,352,0}, {0x301,352,0},
    {0x302,352,0}, {0x303,352,0}, {0x304,352,0}, {0x305,352,0}, {0x306,352,0}, {0x307,352,0},
    {0x308,352,0}, {0x309,352,0}, {0x30A,352,0}, {0x30B,352,0}, {0x30C,352,0}, {0x30D,352,0},
    {0x30E,352,0}, {0x30F,352,0}, {0x310,352,0}, {0x311,352,0}, {0x312,352,0}, {0x313,352,0},
    {0x314,352,0}, {0x315,352,0}, {0x316,352,0}, {0x317,352,0}, {0x318,352,0}, {0x319,352,0},
    {0x31A,352,0}, {0x31B,352,0}, {0x31C,352,0}, {0x31D,352,0}, {0x31E,352,0}, {0x31F,352,0},
    {0x320,352,0}, {0x321,352,0}, {0x322,352,0}, {0x323,352,0}, {0x324,352,0}, {0x325,352,0},
    {0x326,352,0}, {0x327,352,0}, {0x328,352,0}, {0x329,352,0}, {0x32A,352,0}, {0x32B,352,0},
    {0x32C,352,0}, {0x32D,352,0}, {0x32E,352,0}, {0x32F,352,0}, {0x330,352,0}, {0x331,352,0},
    {0x332,352,0}, {0x333,352,0}, {0x334,352,0}, {0x335,352,0}, {0x336,352,0}, {0x337,352,0},
    {0x338,352,0}, {0x339,352,0}, {0x33A,352,0}, {0x33B,352,0}, {0x33C,352,0}, {0x33D,352,0},
    {0x33E,352,0}, {0x33F,352,0}, {0x340,352,0}, {0x341,352,0}, {0x342,352,0}, {0x343,352,0},
    {0x344,352,0}, {0x345,352,0}, {0x346,352,0}, {0x347,352,0}, {0x348,352,0}, {0x349,352,0},
    {0x34A,352,0}, {0x34B,352,0}, {0x34C,352,0}, {0x34D,352,0}, {0x34E,352,0}, {0x34F,352,0},
    {0x350,352,0}, {0x351,352,0}, {0x352,352,0}, {0x353,352,0}, {0x354,352,0}, {0x355,352,0},
    {0x356,352,0}, {0x357,352,0}, {0x358,352,0}, {0x359,352,0}, {0x35A,352,0}, {0x35B,352,0},
    {0x35C,352,0}, {0x35D,352,0}, {0x35E,352,0}, {0x35F,352,0}, {0x360,352,0}, {0x361,352,0},
    {0x362,352,0}, {0x363,352,0}, {0x364,352,0}, {0x365,352,0}, {0x366,352,0}, {0x367,352,0},
    {0x368,352,0}, {0x369,352,0}, {0x36A,352,0}, {0x36B,352,0}, {0x36C,352,0}, {0x36D,352,0},
    {0x36E,352,0}, {0x36F,352,0}, {0x370,352,1}, {0x372,353,1}, {0x374,354,1}, {0x376,355,1},
    {0x37E,356,1}, {0x37F,357,1}, {0x385,358,1}, {0x386,359,1}, {0x387,360,1}, {0x388,361,1},
    {0x389,362,1}, {0x38A,363,1}, {0x38C,364,1}, {0x38E,365,1}, {0x38F,366,1}, {0x390,367,1},
    {0x391,368,1}, {0x392,369,1}, {0x393,370,1}, {0x394,371,1}, {0x395,372,1}, {0x396,373,1},
    {0x397,374,1}, {0x398,375,1}, {0x399,376,1}, {0x39A,377,1}, {0x39B,378,1}, {0x39C,379,1},
    {0x39D,380,1}, {0x39E,381,1}, {0x39F,382,1}, {0x3A0,383,1}, {0x3A1,384,1}, {0x3A3,385,1},
    {0x3A4,386,1}, {0x3A5,387,1}, {0x3A6,388,1}, {0x3A7,389,1}, {0x3A8,390,1}, {0x3A9,391,1},
    {0x3AA,392,1}, {0x3AB,393,1}, {0x3AC,394,1}, {0x3AD,395,1}, {0x3AE,396,1}, {0x3AF,397,1},
    {0x3B0,398,1}, {0x3CA,399,1}, {0x3CB,400,1}, {0x3CC,401,1}, {0x3CD,402,1}, {0x3CE,403,1},
    {0x3CF,404,1}, {0x3D3,405,1}, {0x3D4,406,1}, {0x3D8,407,1}, {0x3DA,408,1}, {0x3DC,409,1},
    {0x3DE,410,1}, {0x3E0,411,1}, {0x3E2,412,1}, {0x3E4,413,1}, {0x3E6,414,1}, {0x3E8,415,1},
    {0x3EA,416,1}, {0x3EC,417,1}, {0x3EE,418,1}, {0x3F4,419,1}, {0x3F7,420,1}, {0x3F9,421,1},
    {0x3FA,422,1}, {0x3FD,423,1}, {0x3FE,424,1}, {0x3FF,425,1}, {0x400,426,1}, {0x401,427,1},
    {0x402,428,1}, {0x403,429,1}, {0x404,430,1}, {0x405,431,1}, {0x406,432,1}, {0x407,433,1},
    {0x408,434,1}, {0x409,435,1}, {0x40A,436,1}, {0x40B,437,1}, {0x40C,438,1}, {0x40D,439,1},
    {0x40E,440,1}, {0x40F,441,1}, {0x410,442,1}, {0x411,443,1}, {0x412,444,1}, {0x413,445,1},
    {0x414,446,1}, {0x415,447,1}, {0x416,448,1}, {0x417,449,1}, {0x418,450,1}, {0x419,451,1},
    {0x41A,452,1}, {0x41B,453,1}, {0x41C,454,1}, {0x41D,455,1}, {0x41E,456,1}, {0x41F,457,1},
    {0x420,458,1}, {0x421,459,1}, {0x422,460,1}, {0x423,461,1}, {0x424,462,1}, {0x425,463,1},
    {0x426,464,1}, {0x427,465,1}, {0x428,466,1}, {0x429,467,1}, {0x42A,468,1}, {0x42B,469,1},
    {0x42C,470,1}, {0x42D,471,1}, {0x42E,472,1}, {0x42F,473,1}, {0x439,474,1}, {0x450,475,1},
    {0x451,476,1}, {0x453,477,1}, {0x457,478,1}, {0x45C,479,1}, {0x45D,480,1}, {0x45E,481,1},
    {0x460,482,1}, {0x462,483,1}, {0x464,484,1}, {0x466,485,1}, {0x468,486,1}, {0x46A,487,1},
    {0x46C,488,1}, {0x46E,489,1}, {0x470,490,1}, {0x472,491,1}, {0x474,492,1}, {0x476,493,1},
    {0x477,494,1}, {0x478,495,1}, {0x47A,496,1}, {0x47C,497,1}, {0x47E,498,1}, {0x480,499,1},
    {0x483,500,0}, {0x484,500,0}, {0x485,500,0}, {0x486,500,0}, {0x487,500,0}, {0x48A,500,1},
    {0x48C,501,1}, {0x48E,502,1}, {0x490,503,1}, {0x492,504,1}, {0x494,505,1}, {0x496,506,1},
    {0x498,507,1}, {0x49A,508,1}, {0x49C,509,1}, {0x49E,510,1}, {0x4A0,511,1}, {0x4A2,512,1},
    {0x4A4,513,1}, {0x4A6,514,1}, {0x4A8,515,1}, {0x4AA,516,1}, {0x4AC,517,1}, {0x4AE,518,1},
    {0x4B0,519,1}, {0x4B2,520,1}, {0x4B4,521,1}, {0x4B6,522,1}, {0x4B8,523,1}, {0x4BA,524,1},
    {0x4BC,525,1}, {0x4BE,526,1}, {0x4C0,527,1}, {0x4C1,528,1}, {0x4C2,529,1}, {0x4C3,530,1},
    {0x4C5,531,1}, {0x4C7,532,1}, {0x4C9,533,1}, {0x4CB,534,1}, {0x4CD,535,1}, {0x4D0,536,1},
    {0x4D1,537,1}, {0x4D2,538,1}, {0x4D3,539,1}, {0x4D4,540,1}, {0x4D6,541,1}, {0x4D7,542,1},
    {0x4D8,543,1}, {0x4DA,544,1}, {0x4DB,545,1}, {0x4DC,546,1}, {0x4DD,547,1}, {0x4DE,548,1},
    {0x4DF,549,1}, {0x4E0,550,1}, {0x4E2,551,1}, {0x4E3,552,1}, {0x4E4,553,1}, {0x4E5,554,1},
    {0x4E6,555,1}, {0x4E7,556,1}, {0x4E8,557,1}, {0x4EA,558,1}, {0x4EB,559,1}, {0x4EC,560,1},
    {0x4ED,561,1}, {0x4EE,562,1}, {0x4EF,563,1}, {0x4F0,564,1}, {0x4F1,565,1}, {0x4F2,566,1},
    {0x4F3,567,1}, {0x4F4,568,1}, {0x4F5,569,1}, {0x4F6,570,1}, {0x4F8,571,1}, {0x4F9,572,1},
    {0x4FA,573,1}, {0x4FC,574,1}, {0x4FE,575,1}, {0x500,576,1}, {0x502,577,1}, {0x504,578,1},
    {0x506,579,1}, {0x508,580,1}, {0x50A,581,1}, {0x50C,582,1}, {0x50E,583,1}, {0x510,584,1},
    {0x512,585,1}, {0x514,586,1}, {0x516,587,1}, {0x518,588,1}, {0x51A,589,1}, {0x51C,590,1},
    {0x51E,591,1}, {0x520,592,1}, {0x522,593,1}, {0x524,594,1}, {0x526,595,1}, {0x528,596,1},
    {0x52A,597,1}, {0x52C,598,1}, {0x52E,599,1}, {0x531,600,1}, {0x532,601,1}, {0x533,602,1},
    {0x534,603,1}, {0x535,604,1}, {0x536,605,1}, {0x537,606,1}, {0x538,607,1}, {0x539,608,1},
    {0x53A,609,1}, {0x53B,610,1}, {0x53C,611,1}, {0x53D,612,1}, {0x53E,613,1}, {0x53F,614,1},
    {0x540,615,1}, {0x541,616,1}, {0x542,617,1}, {0x543,618,1}, {0x544,619,1}, {0x545,620,1},
    {0x546,621,1}, {0x547,622,1}, {0x548,623,1}, {0x549,624,1}, {0x54A,625,1}, {0x54B,626,1},
    {0x54C,627,1}, {0x54D,628,1}, {0x54E,629,1}, {0x54F,630,1}, {0x550,631,1}, {0x551,632,1},
    {0x552,633,1}, {0x553,634,1}, {0x554,635,1}, {0x555,636,1}, {0x556,637,1}, {0x591,638,0},
    {0x592,638,0}, {0x593,638,0}, {0x594,638,0}, {0x595,638,0}, {0x596,638,0}, {0x597,638,0},
    {0x598,638,0}, {0x599,638,0}, {0x59A,638,0}, {0x59B,638,0}, {0x59C,638,0}, {0x59D,638,0},
    {0x59E,638,0}, {0x59F,638,0}, {0x5A0,638,0}, {0x5A1,638,0}, {0x5A2,638,0}, {0x5A3,638,0},
    {0x5A4,638,0}, {0x5A5,638,0}, {0x5A6,638,0}, {0x5A7,638,0}, {0x5A8,638,0}, {0x5A9,638,0},
    {0x5AA,638,0}, {0x5AB,638,0}, {0x5AC,638,0}, {0x5AD,638,0}, {0x5AE,638,0}, {0x5AF,638,0},
    {0x5B0,638,0}, {0x5B1,638,0}, {0x5B2,638,0}, {0x5B3,638,0}, {0x5B4,638,0}, {0x5B5,638,0},
    {0x5B6,638,0}, {0x5B7,638,0}, {0x5B8,638,0}, {0x5B9,638,0}, {0x5BA,638,0}, {0x5BB,638,0},
    {0x5BC,638,0}, {0x5BD,638,0}, {0x5BF,638,0}, {0x5C1,638,0}, {0x5C2,638,0}, {0x5C4,638,0},
    {0x5C5,638,0}, {0x5C7,638,0}, {0x610,638,0}, {0x611,638,0}, {0x612,638,0}, {0x613,638,0},
    {0x614,638,0}, {0x615,638,0}, {0x616,638,0}, {0x617,638,0}, {0x618,638,0}, {0x619,638,0},
    {0x61A,638,0}, {0x622,638,1}, {0x623,639,1}, {0x624,640,1}, {0x625,641,1}, {0x626,642,1},
    {0x64B,643,0}, {0x64C,643,0}, {0x64D,643,0}, {0x64E,643,0}, {0x64F,643,0}, {0x650,643,0},
    {0x651,643,0}, {0x652,643,0}, {0x653,643,0}, {0x654,643,0}, {0x655,643,0}, {0x656,643,0},
    {0x657,643,0}, {0x658,643,0}, {0x659,643,0}, {0x65A,643,0}, {0x65B,643,0}, {0x65C,643,0},
    {0x65D,643,0}, {0x65E,643,0}, {0x65F,643,0}, {0x670,643,0}, {0x6C0,643,1}, {0x6C2,644,1},
    {0x6D3,645,1}, {0x6D6,646,0}, {0x6D7,646,0}, {0x6D8,646,0}, {0x6D9,646,0}, {0x6DA,646,0},
    {0x6DB,646,0}, {0x6DC,646,0}, {0x6DF,646,0}, {0x6E0,646,0}, {0x6E1,646,0}, {0x6E2,646,0},
    {0x6E3,646,0}, {0x6E4,646,0}, {0x6E7,646,0}, {0x6E8,646,0}, {0x6EA,646,0}, {0x6EB,646,0},
    {0x6EC,646,0}, {0x6ED,646,0}, {0x711,646,0}, {0x730,646,0}, {0x731,646,0}, {0x732,646,0},
    {0x733,646,0}, {0x734,646,0}, {0x735,646,0}, {0x736,646,0}, {0x737,646,0}, {0x738,646,0},
    {0x739,646,0}, {0x73A,646,0}, {0x73B,646,0}, {0x73C,646,0}, {0x73D,646,0}, {0x73E,646,0},
    {0x73F,646,0}, {0x740,646,0}, {0x741,646,0}, {0x742,646,0}, {0x743,646,0}, {0x744,646,0},
    {0x745,646,0}, {0x746,646,0}, {0x747,646,0}, {0x748,646,0}, {0x749,646,0}, {0x74A,646,0},
    {0x7A6,646,0}, {0x7A7,646,0}, {0x7A8,646,0}, {0x7A9,646,0}, {0x7AA,646,0}, {0x7AB,646,0},
    {0x7AC,646,0}, {0x7AD,646,0}, {0x7AE,646,0}, {0x7AF,646,0}, {0x7B0,646,0}, {0x7EB,646,0},
    {0x7EC,646,0}, {0x7ED,646,0}, {0x7EE,646,0}, {0x7EF,646,0}, {0x7F0,646,0}, {0x7F1,646,0},
    {0x7F2,646,0}, {0x7F3,646,0}, {0x7FD,646,0}, {0x816,646,0}, {0x817,646,0}, {0x818,646,0},
    {0x819,646,0}, {0x81B,646,0}, {0x81C,646,0}, {0x81D,646,0}, {0x81E,646,0}, {0x81F,646,0},
    {0x820,646,0}, {0x821,646,0}, {0x822,646,0}, {0x823,646,0}, {0x825,646,0}, {0x826,646,0},
    {0x827,646,0}, {0x829,646,0}, {0x82A,646,0}, {0x82B,646,0}, {0x82C,646,0}, {0x82D,646,0},
    {0x859,646,0}, {0x85A,646,0}, {0x85B,646,0}, {0x897,646,0}, {0x898,646,0}, {0x899,646,0},
    {0x89A,646,0}, {0x89B,646,0}, {0x89C,646,0}, {0x89D,646,0}, {0x89E,646,0}, {0x89F,646,0},
    {0x8CA,646,0}, {0x8CB,646,0}, {0x8CC,646,0}, {0x8CD,646,0}, {0x8CE,646,0}, {0x8CF,646,0},
    {0x8D0,646,0}, {0x8D1,646,0}, {0x8D2,646,0}, {0x8D3,646,0}, {0x8D4,646,0}, {0x8D5,646,0},
    {0x8D6,646,0}, {0x8D7,646,0}, {0x8D8,646,0}, {0x8D9,646,0}, {0x8DA,646,0}, {0x8DB,646,0},
    {0x8DC,646,0}, {0x8DD,646,0}, {0x8DE,646,0}, {0x8DF,646,0}, {0x8E0,646,0}, {0x8E1,646,0},
    {0x8E3,646,0}, {0x8E4,646,0}, {0x8E5,646,0}, {0x8E6,646,0}, {0x8E7,646,0}, {0x8E8,646,0},
    {0x8E9,646,0}, {0x8EA,646,0}, {0x8EB,646,0}, {0x8EC,646,0}, {0x8ED,646,0}, {0x8EE,646,0},
    {0x8EF,646,0}, {0x8F0,646,0}, {0x8F1,646,0}, {0x8F2,646,0}, {0x8F3,646,0}, {0x8F4,646,0},
    {0x8F5,646,0}, {0x8F6,646,0}, {0x8F7,646,0}, {0x8F8,646,0}, {0x8F9,646,0}, {0x8FA,646,0},
    {0x8FB,646,0}, {0x8FC,646,0}, {0x8FD,646,0}, {0x8FE,646,0}, {0x8FF,646,0}, {0x900,646,0},
    {0x901,646,0}, {0x902,646,0}, {0x929,646,1}, {0x931,647,1}, {0x934,648,1}, {0x93A,649,0},
    {0x93C,649,0}, {0x941,649,0}, {0x942,649,0}, {0x943,649,0}, {0x944,649,0}, {0x945,649,0},
    {0x946,649,0}, {0x947,649,0}, {0x948,649,0}, {0x94D,649,0}, {0x951,649,0}, {0x952,649,0},
    {0x953,649,0}, {0x954,649,0}, {0x955,649,0}, {0x956,649,0}, {0x957,649,0}, {0x958,649,1},
    {0x959,650,1}, {0x95A,651,1}, {0x95B,652,1}, {0x95C,653,1}, {0x95D,654,1}, {0x95E,655,1},
    {0x95F,656,1}, {0x962,657,0}, {0x963,657,0}, {0x981,657,0}, {0x9BC,657,0}, {0x9C1,657,0},
    {0x9C2,657,0}, {0x9C3,657,0}, {0x9C4,657,0}, {0x9CB,657,2}, {0x9CC,659,2}, {0x9CD,661,0},
    {0x9DC,661,1}, {0x9DD,662,1}, {0x9DF,663,1}, {0x9E2,664,0}, {0x9E3,664,0}, {0x9FE,664,0},
    {0xA01,664,0}, {0xA02,664,0}, {0xA33,664,1}, {0xA36,665,1}, {0xA3C,666,0}, {0xA41,666,0},
    {0xA42,666,0}, {0xA47,666,0}, {0xA48,666,0}, {0xA4B,666,0}, {0xA4C,666,0}, {0xA4D,666,0},
    {0xA51,666,0}, {0xA59,666,1}, {0xA5A,667,1}, {0xA5B,668,1}, {0xA5E,669,1}, {0xA70,670,0},
    {0xA71,670,0}, {0xA75,670,0}, {0xA81,670,0}, {0xA82,670,0}, {0xABC,670,0}, {0xAC1,670,0},
    {0xAC2,670,0}, {0xAC3,670,0}, {0xAC4,670,0}, {0xAC5,670,0}, {0xAC7,670,0}, {0xAC8,670,0},
    {0xACD,670,0}, {0xAE2,670,0}, {0xAE3,670,0}, {0xAFA,670,0}, {0xAFB,670,0}, {0xAFC,670,0},
    {0xAFD,670,0}, {0xAFE,670,0}, {0xAFF,670,0}, {0xB01,670,0}, {0xB3C,670,0}, {0xB3F,670,0},
    {0xB41,670,0}, {0xB42,670,0}, {0xB43,670,0}, {0xB44,670,0}, {0xB48,670,1}, {0xB4B,671,2},
    {0xB4C,673,2}, {0xB4D,675,0}, {0xB55,675,0}, {0xB56,675,0}, {0xB5C,675,1}, {0xB5D,676,1},
    {0xB62,677,0}, {0xB63,677,0}, {0xB82,677,0}, {0xB94,677,2}, {0xBC0,679,0}, {0xBCA,679,2},
    {0xBCB,681,2}, {0xBCC,683,2}, {0xBCD,685,0}, {0xC00,685,0}, {0xC04,685,0}, {0xC3C,685,0},
    {0xC3E,685,0}, {0xC3F,685,0}, {0xC40,685,0}, {0xC46,685,0}, {0xC47,685,0}, {0xC48,685,0},
    {0xC4A,685,0}, {0xC4B,685,0}, {0xC4C,685,0}, {0xC4D,685,0}, {0xC55,685,0}, {0xC56,685,0},
    {0xC62,685,0}, {0xC63,685,0}, {0xC81,685,0}, {0xCBC,685,0}, {0xCBF,685,0}, {0xCC0,685,1},
    {0xCC6,686,0}, {0xCC7,686,1}, {0xCC8,687,1}, {0xCCA,688,1}, {0xCCB,689,2}, {0xCCC,691,0},
    {0xCCD,691,0}, {0xCE2,691,0}, {0xCE3,691,0}, {0xD00,691,0}, {0xD01,691,0}, {0xD3B,691,0},
    {0xD3C,691,0}, {0xD41,691,0}, {0xD42,691,0}, {0xD43,691,0}, {0xD44,691,0}, {0xD4A,691,2},
    {0xD4B,693,2}, {0xD4C,695,2}, {0xD4D,697,0}, {0xD62,697,0}, {0xD63,697,0}, {0xD81,697,0},
    {0xDCA,697,0}, {0xDD2,697,0}, {0xDD3,697,0}, {0xDD4,697,0}, {0xDD6,697,0}, {0xDDA,697,1},
    {0xDDC,698,2}, {0xDDD,700,2}, {0xDDE,702,2}, {0xE31,704,0}, {0xE34,704,0}, {0xE35,704,0},
    {0xE36,704,0}, {0xE37,704,0}, {0xE38,704,0}, {0xE39,704,0}, {0xE3A,704,0}, {0xE47,704,0},
    {0xE48,704,0}, {0xE49,704,0}, {0xE4A,704,0}, {0xE4B,704,0}, {0xE4C,704,0}, {0xE4D,704,0},
    {0xE4E,704,0}, {0xEB1,704,0}, {0xEB4,704,0}, {0xEB5,704,0}, {0xEB6,704,0}, {0xEB7,704,0},
    {0xEB8,704,0}, {0xEB9,704,0}, {0xEBA,704,0}, {0xEBB,704,0}, {0xEBC,704,0}, {0xEC8,704,0},
    {0xEC9,704,0}, {0xECA,704,0}, {0xECB,704,0}, {0xECC,704,0}, {0xECD,704,0}, {0xECE,704,0},
    {0xF18,704,0}, {0xF19,704,0}, {0xF35,704,0}, {0xF37,704,0}, {0xF39,704,0}, {0xF43,704,1},
    {0xF4D,705,1}, {0xF52,706,1}, {0xF57,707,1}, {0xF5C,708,1}, {0xF69,709,1}, {0xF71,710,0},
    {0xF72,710,0}, {0xF73,710,0}, {0xF74,710,0}, {0xF75,710,0}, {0xF76,710,0}, {0xF77,710,0},
    {0xF78,710,0}, {0xF79,710,0}, {0xF7A,710,0}, {0xF7B,710,0}, {0xF7C,710,0}, {0xF7D,710,0},
    {0xF7E,710,0}, {0xF80,710,0}, {0xF81,710,0}, {0xF82,710,0}, {0xF83,710,0}, {0xF84,710,0},
    {0xF86,710,0}, {0xF87,710,0}, {0xF8D,710,0}, {0xF8E,710,0}, {0xF8F,710,0}, {0xF90,710,0},
    {0xF91,710,0}, {0xF92,710,0}, {0xF93,710,0}, {0xF94,710,0}, {0xF95,710,0}, {0xF96,710,0},
    {0xF97,710,0}, {0xF99,710,0}, {0xF9A,710,0}, {0xF9B,710,0}, {0xF9C,710,0}, {0xF9D,710,0},
    {0xF9E,710,0}, {0xF9F,710,0}, {0xFA0,710,0}, {0xFA1,710,0}, {0xFA2,710,0}, {0xFA3,710,0},
    {0xFA4,710,0}, {0xFA5,710,0}, {0xFA6,710,0}, {0xFA7,710,0}, {0xFA8,710,0}, {0xFA9,710,0},
    {0xFAA,710,0}, {0xFAB,710,0}, {0xFAC,710,0}, {0xFAD,710,0}, {0xFAE,710,0}, {0xFAF,710,0},
    {0xFB0,710,0}, {0xFB1,710,0}, {0xFB2,710,0}, {0xFB3,710,0}, {0xFB4,710,0}, {0xFB5,710,0},
    {0xFB6,710,0}, {0xFB7,710,0}, {0xFB8,710,0}, {0xFB9,710,0}, {0xFBA,710,0}, {0xFBB,710,0},
    {0xFBC,710,0}, {0xFC6,710,0}, {0x1026,710,1}, {0x102D,711,0}, {0x102E,711,0}, {0x102F,711,0},
    {0x1030,711,0}, {0x1032,711,0}, {0x1033,711,0}, {0x1034,711,0}, {0x1035,711,0}, {0x1036,711,0},
    {0x1037,711,0}, {0x1039,711,0}, {0x103A,711,0}, {0x103D,711,0}, {0x103E,711,0}, {0x1058,711,0},
    {0x1059,711,0}, {0x105E,711,0}, {0x105F,711,0}, {0x1060,711,0}, {0x1071,711,0}, {0x1072,711,0},
    {0x1073,711,0}, {0x1074,711,0}, {0x1082,711,0}, {0x1085,711,0}, {0x1086,711,0}, {0x108D,711,0},
    {0x109D,711,0}, {0x10A0,711,1}, {0x10A1,712,1}, {0x10A2,713,1}, {0x10A3,714,1}, {0x10A4,715,1},
    {0x10A5,716,1}, {0x10A6,717,1}, {0x10A7,718,1}, {0x10A8,719,1}, {0x10A9,720,1}, {0x10AA,721,1},
    {0x10AB,722,1}, {0x10AC,723,1}, {0x10AD,724,1}, {0x10AE,725,1}, {0x10AF,726,1}, {0x10B0,727,1},
    {0x10B1,728,1}, {0x10B2,729,1}, {0x10B3,730,1}, {0x10B4,731,1}, {0x10B5,732,1}, {0x10B6,733,1},
    {0x10B7,734,1}, {0x10B8,735,1}, {0x10B9,736,1}, {0x10BA,737,1}, {0x10BB,738,1}, {0x10BC,739,1},
    {0x10BD,740,1}, {0x10BE,741,1}, {0x10BF,742,1}, {0x10C0,743,1}, {0x10C1,744,1}, {0x10C2,745,1},
    {0x10C3,746,1}, {0x10C4,747,1}, {0x10C5,748,1}, {0x10C7,749,1}, {0x10CD,750,1}, {0x135D,751,0},
    {0x135E,751,0}, {0x135F,751,0}, {0x13A0,751,1}, {0x13A1,752,1}, {0x13A2,753,1}, {0x13A3,754,1},
    {0x13A4,755,1}, {0x13A5,756,1}, {0x13A6,757,1}, {0x13A7,758,1}, {0x13A8,759,1}, {0x13A9,760,1},
    {0x13AA,761,1}, {0x13AB,762,1}, {0x13AC,763,1}, {0x13AD,764,1}, {0x13AE,765,1}, {0x13AF,766,1},
    {0x13B0,767,1}, {0x13B1,768,1}, {0x13B2,769,1}, {0x13B3,770,1}, {0x13B4,771,1}, {0x13B5,772,1},
    {0x13B6,773,1}, {0x13B7,774,1}, {0x13B8,775,1}, {0x13B9,776,1}, {0x13BA,777,1}, {0x13BB,778,1},
    {0x13BC,779,1}, {0x13BD,780,1}, {0x13BE,781,1}, {0x13BF,782,1}, {0x13C0,783,1}, {0x13C1,784,1},
    {0x13C2,785,1}, {0x13C3,786,1}, {0x13C4,787,1}, {0x13C5,788,1}, {0x13C6,789,1}, {0x13C7,790,1},
    {0x13C8,791,1}, {0x13C9,792,1}, {0x13CA,793,1}, {0x13CB,794,1}, {0x13CC,795,1}, {0x13CD,796,1},
    {0x13CE,797,1}, {0x13CF,798,1}, {0x13D0,799,1}, {0x13D1,800,1}, {0x13D2,801,1}, {0x13D3,802,1},
    {0x13D4,803,1}, {0x13D5,804,1}, {0x13D6,805,1}, {0x13D7,806,1}, {0x13D8,807,1}, {0x13D9,808,1},
    {0x13DA,809,1}, {0x13DB,810,1}, {0x13DC,811,1}, {0x13DD,812,1}, {0x13DE,813,1}, {0x13DF,814,1},
    {0x13E0,815,1}, {0x13E1,816,1}, {0x13E2,817,1}, {0x13E3,818,1}, {0x13E4,819,1}, {0x13E5,820,1},
    {0x13E6,821,1}, {0x13E7,822,1}, {0x13E8,823,1}, {0x13E9,824,1}, {0x13EA,825,1}, {0x13EB,826,1},
    {0x13EC,827,1}, {0x13ED,828,1}, {0x13EE,829,1}, {0x13EF,830,1}, {0x13F0,831,1}, {0x13F1,832,1},
    {0x13F2,833,1}, {0x13F3,834,1}, {0x13F4,835,1}, {0x13F5,836,1}, {0x1712,837,0}, {0x1713,837,0},
    {0x1714,837,0}, {0x1732,837,0}, {0x1733,837,0}, {0x1752,837,0}, {0x1753,837,0}, {0x1772,837,0},
    {0x1773,837,0}, {0x17B4,837,0}, {0x17B5,837,0}, {0x17B7,837,0}, {0x17B8,837,0}, {0x17B9,837,0},
    {0x17BA,837,0}, {0x17BB,837,0}, {0x17BC,837,0}, {0x17BD,837,0}, {0x17C6,837,0}, {0x17C9,837,0},
    {0x17CA,837,0}, {0x17CB,837,0}, {0x17CC,837,0}, {0x17CD,837,0}, {0x17CE,837,0}, {0x17CF,837,0},
    {0x17D0,837,0}, {0x17D1,837,0}, {0x17D2,837,0}, {0x17D3,837,0}, {0x17DD,837,0}, {0x180B,837,0},
    {0x180C,837,0}, {0x180D,837,0}, {0x180F,837,0}, {0x1885,837,0}, {0x1886,837,0}, {0x18A9,837,0},
    {0x1920,837,0}, {0x1921,837,0}, {0x1922,837,0}, {0x1927,837,0}, {0x1928,837,0}, {0x1932,837,0},
    {0x1939,837,0}, {0x193A,837,0}, {0x193B,837,0}, {0x1A17,837,0}, {0x1A18,837,0}, {0x1A1B,837,0},
    {0x1A56,837,0}, {0x1A58,837,0}, {0x1A59,837,0}, {0x1A5A,837,0}, {0x1A5B,837,0}, {0x1A5C,837,0},
    {0x1A5D,837,0}, {0x1A5E,837,0}, {0x1A60,837,0}, {0x1A62,837,0}, {0x1A65,837,0}, {0x1A66,837,0},
    {0x1A67,837,0}, {0x1A68,837,0}, {0x1A69,837,0}, {0x1A6A,837,0}, {0x1A6B,837,0}, {0x1A6C,837,0},
    {0x1A73,837,0}, {0x1A74,837,0}, {0x1A75,837,0}, {0x1A76,837,0}, {0x1A77,837,0}, {0x1A78,837,0},
    {0x1A79,837,0}, {0x1A7A,837,0}, {0x1A7B,837,0}, {0x1A7C,837,0}, {0x1A7F,837,0}, {0x1AB0,837,0},
    {0x1AB1,837,0}, {0x1AB2,837,0}, {0x1AB3,837,0}, {0x1AB4,837,0}, {0x1AB5,837,0}, {0x1AB6,837,0},
    {0x1AB7,837,0}, {0x1AB8,837,0}, {0x1AB9,837,0}, {0x1ABA,837,0}, {0x1ABB,837,0}, {0x1ABC,837,0},
    {0x1ABD,837,0}, {0x1ABF,837,0}, {0x1AC0,837,0}, {0x1AC1,837,0}, {0x1AC2,837,0}, {0x1AC3,837,0},
    {0x1AC4,837,0}, {0x1AC5,837,0}, {0x1AC6,837,0}, {0x1AC7,837,0}, {0x1AC8,837,0}, {0x1AC9,837,0},
    {0x1ACA,837,0}, {0x1ACB,837,0}, {0x1ACC,837,0}, {0x1ACD,837,0}, {0x1ACE,837,0}, {0x1B00,837,0},
    {0x1B01,837,0}, {0x1B02,837,0}, {0x1B03,837,0}, {0x1B06,837,2}, {0x1B08,839,2}, {0x1B0A,841,2},
    {0x1B0C,843,2}, {0x1B0E,845,2}, {0x1B12,847,2}, {0x1B34,849,0}, {0x1B36,849,0}, {0x1B37,849,0},
    {0x1B38,849,0}, {0x1B39,849,0}, {0x1B3A,849,0}, {0x1B3B,849,1}, {0x1B3C,850,0}, {0x1B3D,850,1},
    {0x1B40,851,2}, {0x1B41,853,2}, {0x1B42,855,0}, {0x1B43,855,1}, {0x1B6B,856,0}, {0x1B6C,856,0},
    {0x1B6D,856,0}, {0x1B6E,856,0}, {0x1B6F,856,0}, {0x1B70,856,0}, {0x1B71,856,0}, {0x1B72,856,0},
    {0x1B73,856,0}, {0x1B80,856,0}, {0x1B81,856,0}, {0x1BA2,856,0}, {0x1BA3,856,0}, {0x1BA4,856,0},
    {0x1BA5,856,0}, {0x1BA8,856,0}, {0x1BA9,856,0}, {0x1BAB,856,0}, {0x1BAC,856,0}, {0x1BAD,856,0},
    {0x1BE6,856,0}, {0x1BE8,856,0}, {0x1BE9,856,0}, {0x1BED,856,0}, {0x1BEF,856,0}, {0x1BF0,856,0},
    {0x1BF1,856,0}, {0x1C2C,856,0}, {0x1C2D,856,0}, {0x1C2E,856,0}, {0x1C2F,856,0}, {0x1C30,856,0},
    {0x1C31,856,0}, {0x1C32,856,0}, {0x1C33,856,0}, {0x1C36,856,0}, {0x1C37,856,0}, {0x1C89,856,1},
    {0x1C90,857,1}, {0x1C91,858,1}, {0x1C92,859,1}, {0x1C93,860,1}, {0x1C94,861,1}, {0x1C95,862,1},
    {0x1C96,863,1}, {0x1C97,864,1}, {0x1C98,865,1}, {0x1C99,866,1}, {0x1C9A,867,1}, {0x1C9B,868,1},
    {0x1C9C,869,1}, {0x1C9D,870,1}, {0x1C9E,871,1}, {0x1C9F,872,1}, {0x1CA0,873,1}, {0x1CA1,874,1},
    {0x1CA2,875,1}, {0x1CA3,876,1}, {0x1CA4,877,1}, {0x1CA5,878,1}, {0x1CA6,879,1}, {0x1CA7,880,1},
    {0x1CA8,881,1}, {0x1CA9,882,1}, {0x1CAA,883,1}, {0x1CAB,884,1}, {0x1CAC,885,1}, {0x1CAD,886,1},
    {0x1CAE,887,1}, {0x1CAF,888,1}, {0x1CB0,889,1}, {0x1CB1,890,1}, {0x1CB2,891,1}, {0x1CB3,892,1},
    {0x1CB4,893,1}, {0x1CB5,894,1}, {0x1CB6,895,1}, {0x1CB7,896,1}, {0x1CB8,897,1}, {0x1CB9,898,1},
    {0x1CBA,899,1}, {0x1CBD,900,1}, {0x1CBE,901,1}, {0x1CBF,902,1}, {0x1CD0,903,0}, {0x1CD1,903,0},
    {0x1CD2,903,0}, {0x1CD4,903,0}, {0x1CD5,903,0}, {0x1CD6,903,0}, {0x1CD7,903,0}, {0x1CD8,903,0},
    {0x1CD9,903,0}, {0x1CDA,903,0}, {0x1CDB,903,0}, {0x1CDC,903,0}, {0x1CDD,903,0}, {0x1CDE,903,0},
    {0x1CDF,903,0}, {0x1CE0,903,0}, {0x1CE2,903,0}, {0x1CE3,903,0}, {0x1CE4,903,0}, {0x1CE5,903,0},
    {0x1CE6,903,0}, {0x1CE7,903,0}, {0x1CE8,903,0}, {0x1CED,903,0}, {0x1CF4,903,0}, {0x1CF8,903,0},
    {0x1CF9,903,0}, {0x1DC0,903,0}, {0x1DC1,903,0}, {0x1DC2,903,0}, {0x1DC3,903,0}, {0x1DC4,903,0},
    {0x1DC5,903,0}, {0x1DC6,903,0}, {0x1DC7,903,0}, {0x1DC8,903,0}, {0x1DC9,903,0}, {0x1DCA,903,0},
    {0x1DCB,903,0}, {0x1DCC,903,0}, {0x1DCD,903,0}, {0x1DCE,903,0}, {0x1DCF,903,0}, {0x1DD0,903,0},
    {0x1DD1,903,0}, {0x1DD2,903,0}, {0x1DD3,903,0}, {0x1DD4,903,0}, {0x1DD5,903,0}, {0x1DD6,903,0},
    {0x1DD7,903,0}, {0x1DD8,903,0}, {0x1DD9,903,0}, {0x1DDA,903,0}, {0x1DDB,903,0}, {0x1DDC,903,0},
    {0x1DDD,903,0}, {0x1DDE,903,0}, {0x1DDF,903,0}, {0x1DE0,903,0}, {0x1DE1,903,0}, {0x1DE2,903,0},
    {0x1DE3,903,0}, {0x1DE4,903,0}, {0x1DE5,903,0}, {0x1DE6,903,0}, {0x1DE7,903,0}, {0x1DE8,903,0},
    {0x1DE9,903,0}, {0x1DEA,903,0}, {0x1DEB,903,0}, {0x1DEC,903,0}, {0x1DED,903,0}, {0x1DEE,903,0},
    {0x1DEF,903,0}, {0x1DF0,903,0}, {0x1DF1,903,0}, {0x1DF2,903,0}, {0x1DF3,903,0}, {0x1DF4,903,0},
    {0x1DF5,903,0}, {0x1DF6,903,0}, {0x1DF7,903,0}, {0x1DF8,903,0}, {0x1DF9,903,0}, {0x1DFA,903,0},
    {0x1DFB,903,0}, {0x1DFC,903,0}, {0x1DFD,903,0}, {0x1DFE,903,0}, {0x1DFF,903,0}, {0x1E00,903,1},
    {0x1E01,904,1}, {0x1E02,905,1}, {0x1E03,906,1}, {0x1E04,907,1}, {0x1E05,908,1}, {0x1E06,909,1},
    {0x1E07,910,1}, {0x1E08,911,1}, {0x1E09,912,1}, {0x1E0A,913,1}, {0x1E0B,914,1}, {0x1E0C,915,1},
    {0x1E0D,916,1}, {0x1E0E,917,1}, {0x1E0F,918,1}, {0x1E10,919,1}, {0x1E11,920,1}, {0x1E12,921,1},
    {0x1E13,922,1}, {0x1E14,923,1}, {0x1E15,924,1}, {0x1E16,925,1}, {0x1E17,926,1}, {0x1E18,927,1},
    {0x1E19,928,1}, {0x1E1A,929,1}, {0x1E1B,930,1}, {0x1E1C,931,1}, {0x1E1D,932,1}, {0x1E1E,933,1},
    {0x1E1F,934,1}, {0x1E20,935,1}, {0x1E21,936,1}, {0x1E22,937,1}, {0x1E23,938,1}, {0x1E24,939,1},
    {0x1E25,940,1}, {0x1E26,941,1}, {0x1E27,942,1}, {0x1E28,943,1}, {0x1E29,944,1}, {0x1E2A,945,1},
    {0x1E2B,946,1}, {0x1E2C,947,1}, {0x1E2D,948,1}, {0x1E2E,949,1}, {0x1E2F,950,1}, {0x1E30,951,1},
    {0x1E31,952,1}, {0x1E32,953,1}, {0x1E33,954,1}, {0x1E34,955,1}, {0x1E35,956,1}, {0x1E36,957,1},
    {0x1E37,958,1}, {0x1E38,959,1}, {0x1E39,960,1}, {0x1E3A,961,1}, {0x1E3B,962,1}, {0x1E3C,963,1},
    {0x1E3D,964,1}, {0x1E3E,965,1}, {0x1E3F,966,1}, {0x1E40,967,1}, {0x1E41,968,1}, {0x1E42,969,1},
    {0x1E43,970,1}, {0x1E44,971,1}, {0x1E45,972,1}, {0x1E46,973,1}, {0x1E47,974,1}, {0x1E48,975,1},
    {0x1E49,976,1}, {0x1E4A,977,1}, {0x1E4B,978,1}, {0x1E4C,979,1}, {0x1E4D,980,1}, {0x1E4E,981,1},
    {0x1E4F,982,1}, {0x1E50,983,1}, {0x1E51,984,1}, {0x1E52,985,1}, {0x1E53,986,1}, {0x1E54,987,1},
    {0x1E55,988,1}, {0x1E56,989,1}, {0x1E57,990,1}, {0x1E58,991,1}, {0x1E59,992,1}, {0x1E5A,993,1},
    {0x1E5B,994,1}, {0x1E5C,995,1}, {0x1E5D,996,1}, {0x1E5E,997,1}, {0x1E5F,998,1}, {0x1E60,999,1},
    {0x1E61,1000,1}, {0x1E62,1001,1}, {0x1E63,1002,1}, {0x1E64,1003,1}, {0x1E65,1004,1}, {0x1E66,1005,1},
    {0x1E67,1006,1}, {0x1E68,1007,1}, {0x1E69,1008,1}, {0x1E6A,1009,1}, {0x1E6B,1010,1}, {0x1E6C,1011,1},
    {0x1E6D,1012,1}, {0x1E6E,1013,1}, {0x1E6F,1014,1}, {0x1E70,1015,1}, {0x1E71,1016,1}, {0x1E72,1017,1},
    {0x1E73,1018,1}, {0x1E74,1019,1}, {0x1E75,1020,1}, {0x1E76,1021,1}, {0x1E77,1022,1}, {0x1E78,1023,1},
    {0x1E79,1024,1}, {0x1E7A,1025,1}, {0x1E7B,1026,1}, {0x1E7C,1027,1}, {0x1E7D,1028,1}, {0x1E7E,1029,1},
    {0x1E7F,1030,1}, {0x1E80,1031,1}, {0x1E81,1032,1}, {0x1E82,1033,1}, {0x1E83,1034,1}, {0x1E84,1035,1},
    {0x1E85,1036,1}, {0x1E86,1037,1}, {0x1E87,1038,1}, {0x1E88,1039,1}, {0x1E89,1040,1}, {0x1E8A,1041,1},
    {0x1E8B,1042,1}, {0x1E8C,1043,1}, {0x1E8D,1044,1}, {0x1E8E,1045,1}, {0x1E8F,1046,1}, {0x1E90,1047,1},
    {0x1E91,1048,1}, {0x1E92,1049,1}, {0x1E93,1050,1}, {0x1E94,1051,1}, {0x1E95,1052,1}, {0x1E96,1053,1},
    {0x1E97,1054,1}, {0x1E98,1055,1}, {0x1E99,1056,1}, {0x1E9B,1057,1}, {0x1E9E,1058,1}, {0x1EA0,1059,1},
    {0x1EA1,1060,1}, {0x1EA2,1061,1}, {0x1EA3,1062,1}, {0x1EA4,1063,1}, {0x1EA5,1064,1}, {0x1EA6,1065,1},
    {0x1EA7,1066,1}, {0x1EA8,1067,1}, {0x1EA9,1068,1}, {0x1EAA,1069,1}, {0x1EAB,1070,1}, {0x1EAC,1071,1},
    {0x1EAD,1072,1}, {0x1EAE,1073,1}, {0x1EAF,1074,1}, {0x1EB0,1075,1}, {0x1EB1,1076,1}, {0x1EB2,1077,1},
    {0x1EB3,1078,1}, {0x1EB4,1079,1}, {0x1EB5,1080,1}, {0x1EB6,1081,1}, {0x1EB7,1082,1}, {0x1EB8,1083,1},
    {0x1EB9,1084,1}, {0x1EBA,1085,1}, {0x1EBB,1086,1}, {0x1EBC,1087,1}, {0x1EBD,1088,1}, {0x1EBE,1089,1},
    {0x1EBF,1090,1}, {0x1EC0,1091,1}, {0x1EC1,1092,1}, {0x1EC2,1093,1}, {0x1EC3,1094,1}, {0x1EC4,1095,1},
    {0x1EC5,1096,1}, {0x1EC6,1097,1}, {0x1EC7,1098,1}, {0x1EC8,1099,1}, {0x1EC9,1100,1}, {0x1ECA,1101,1},
    {0x1ECB,1102,1}, {0x1ECC,1103,1}, {0x1ECD,1104,1}, {0x1ECE,1105,1}, {0x1ECF,1106,1}, {0x1ED0,1107,1},
    {0x1ED1,1108,1}, {0x1ED2,1109,1}, {0x1ED3,1110,1}, {0x1ED4,1111,1}, {0x1ED5,1112,1}, {0x1ED6,1113,1},
    {0x1ED7,1114,1}, {0x1ED8,1115,1}, {0x1ED9,1116,1}, {0x1EDA,1117,1}, {0x1EDB,1118,1}, {0x1EDC,1119,1},
    {0x1EDD,1120,1}, {0x1EDE,1121,1}, {0x1EDF,1122,1}, {0x1EE0,1123,1}, {0x1EE1,1124,1}, {0x1EE2,1125,1},
    {0x1EE3,1126,1}, {0x1EE4,1127,1}, {0x1EE5,1128,1}, {0x1EE6,1129,1}, {0x1EE7,1130,1}, {0x1EE8,1131,1},
    {0x1EE9,1132,1}, {0x1EEA,1133,1}, {0x1EEB,1134,1}, {0x1EEC,1135,1}, {0x1EED,1136,1}, {0x1EEE,1137,1},
    {0x1EEF,1138,1}, {0x1EF0,1139,1}, {0x1EF1,1140,1}, {0x1EF2,1141,1}, {0x1EF3,1142,1}, {0x1EF4,1143,1},
    {0x1EF5,1144,1}, {0x1EF6,1145,1}, {0x1EF7,1146,1}, {0x1EF8,1147,1}, {0x1EF9,1148,1}, {0x1EFA,1149,1},
    {0x1EFC,1150,1}, {0x1EFE,1151,1}, {0x1F00,1152,1}, {0x1F01,1153,1}, {0x1F02,1154,1}, {0x1F03,1155,1},
    {0x1F04,1156,1}, {0x1F05,1157,1}, {0x1F06,1158,1}, {0x1F07,1159,1}, {0x1F08,1160,1}, {0x1F09,1161,1},
    {0x1F0A,1162,1}, {0x1F0B,1163,1}, {0x1F0C,1164,1}, {0x1F0D,1165,1}, {0x1F0E,1166,1}, {0x1F0F,1167,1},
    {0x1F10,1168,1}, {0x1F11,1169,1}, {0x1F12,1170,1}, {0x1F13,1171,1}, {0x1F14,1172,1}, {0x1F15,1173,1},
    {0x1F18,1174,1}, {0x1F19,1175,1}, {0x1F1A,1176,1}, {0x1F1B,1177,1}, {0x1F1C,1178,1}, {0x1F1D,1179,1},
    {0x1F20,1180,1}, {0x1F21,1181,1}, {0x1F22,1182,1}, {0x1F23,1183,1}, {0x1F24,1184,1}, {0x1F25,1185,1},
    {0x1F26,1186,1}, {0x1F27,1187,1}, {0x1F28,1188,1}, {0x1F29,1189,1}, {0x1F2A,1190,1}, {0x1F2B,1191,1},
    {0x1F2C,1192,1}, {0x1F2D,1193,1}, {0x1F2E,1194,1}, {0x1F2F,1195,1}, {0x1F30,1196,1}, {0x1F31,1197,1},
    {0x1F32,1198,1}, {0x1F33,1199,1}, {0x1F34,1200,1}, {0x1F35,1201,1}, {0x1F36,1202,1}, {0x1F37,1203,1},
    {0x1F38,1204,1}, {0x1F39,1205,1}, {0x1F3A,1206,1}, {0x1F3B,1207,1}, {0x1F3C,1208,1}, {0x1F3D,1209,1},
    {0x1F3E,1210,1}, {0x1F3F,1211,1}, {0x1F40,1212,1}, {0x1F41,1213,1}, {0x1F42,1214,1}, {0x1F43,1215,1},
    {0x1F44,1216,1}, {0x1F45,1217,1}, {0x1F48,1218,1}, {0x1F49,1219,1}, {0x1F4A,1220,1}, {0x1F4B,1221,1},
    {0x1F4C,1222,1}, {0x1F4D,1223,1}, {0x1F50,1224,1}, {0x1F51,1225,1}, {0x1F52,1226,1}, {0x1F53,1227,1},
    {0x1F54,1228,1}, {0x1F55,1229,1}, {0x1F56,1230,1}, {0x1F57,1231,1}, {0x1F59,1232,1}, {0x1F5B,1233,1},
    {0x1F5D,1234,1}, {0x1F5F,1235,1}, {0x1F60,1236,1}, {0x1F61,1237,1}, {0x1F62,1238,1}, {0x1F63,1239,1},
    {0x1F64,1240,1}, {0x1F65,1241,1}, {0x1F66,1242,1}, {0x1F67,1243,1}, {0x1F68,1244,1}, {0x1F69,1245,1},
    {0x1F6A,1246,1}, {0x1F6B,1247,1}, {0x1F6C,1248,1}, {0x1F6D,1249,1}, {0x1F6E,1250,1}, {0x1F6F,1251,1},
    {0x1F70,1252,1}, {0x1F71,1253,1}, {0x1F72,1254,1}, {0x1F73,1255,1}, {0x1F74,1256,1}, {0x1F75,1257,1},
    {0x1F76,1258,1}, {0x1F77,1259,1}, {0x1F78,1260,1}, {0x1F79,1261,1}, {0x1F7A,1262,1}, {0x1F7B,1263,1},
    {0x1F7C,1264,1}, {0x1F7D,1265,1}, {0x1F80,1266,1}, {0x1F81,1267,1}, {0x1F82,1268,1}, {0x1F83,1269,1},
    {0x1F84,1270,1}, {0x1F85,1271,1}, {0x1F86,1272,1}, {0x1F87,1273,1}, {0x1F88,1274,1}, {0x1F89,1275,1},
    {0x1F8A,1276,1}, {0x1F8B,1277,1}, {0x1F8C,1278,1}, {0x1F8D,1279,1}, {0x1F8E,1280,1}, {0x1F8F,1281,1},
    {0x1F90,1282,1}, {0x1F91,1283,1}, {0x1F92,1284,1}, {0x1F93,1285,1}, {0x1F94,1286,1}, {0x1F95,1287,1},
    {0x1F96,1288,1}, {0x1F97,1289,1}, {0x1F98,1290,1}, {0x1F99,1291,1}, {0x1F9A,1292,1}, {0x1F9B,1293,1},
    {0x1F9C,1294,1}, {0x1F9D,1295,1}, {0x1F9E,1296,1}, {0x1F9F,1297,1}, {0x1FA0,1298,1}, {0x1FA1,1299,1},
    {0x1FA2,1300,1}, {0x1FA3,1301,1}, {0x1FA4,1302,1}, {0x1FA5,1303,1}, {0x1FA6,1304,1}, {0x1FA7,1305,1},
    {0x1FA8,1306,1}, {0x1FA9,1307,1}, {0x1FAA,1308,1}, {0x1FAB,1309,1}, {0x1FAC,1310,1}, {0x1FAD,1311,1},
    {0x1FAE,1312,1}, {0x1FAF,1313,1}, {0x1FB0,1314,1}, {0x1FB1,1315,1}, {0x1FB2,1316,1}, {0x1FB3,1317,1},
    {0x1FB4,1318,1}, {0x1FB6,1319,1}, {0x1FB7,1320,1}, {0x1FB8,1321,1}, {0x1FB9,1322,1}, {0x1FBA,1323,1},
    {0x1FBB,1324,1}, {0x1FBC,1325,1}, {0x1FBE,1326,1}, {0x1FC1,1327,1}, {0x1FC2,1328,1}, {0x1FC3,1329,1},
    {0x1FC4,1330,1}, {0x1FC6,1331,1}, {0x1FC7,1332,1}, {0x1FC8,1333,1}, {0x1FC9,1334,1}, {0x1FCA,1335,1},
    {0x1FCB,1336,1}, {0x1FCC,1337,1}, {0x1FCD,1338,1}, {0x1FCE,1339,1}, {0x1FCF,1340,1}, {0x1FD0,1341,1},
    {0x1FD1,1342,1}, {0x1FD2,1343,1}, {0x1FD3,1344,1}, {0x1FD6,1345,1}, {0x1FD7,1346,1}, {0x1FD8,1347,1},
    {0x1FD9,1348,1}, {0x1FDA,1349,1}, {0x1FDB,1350,1}, {0x1FDD,1351,1}, {0x1FDE,1352,1}, {0x1FDF,1353,1},
    {0x1FE0,1354,1}, {0x1FE1,1355,1}, {0x1FE2,1356,1}, {0x1FE3,1357,1}, {0x1FE4,1358,1}, {0x1FE5,1359,1},
    {0x1FE6,1360,1}, {0x1FE7,1361,1}, {0x1FE8,1362,1}, {0x1FE9,1363,1}, {0x1FEA,1364,1}, {0x1FEB,1365,1},
    {0x1FEC,1366,1}, {0x1FED,1367,1}, {0x1FEE,1368,1}, {0x1FEF,1369,1}, {0x1FF2,1370,1}, {0x1FF3,1371,1},
    {0x1FF4,1372,1}, {0x1FF6,1373,1}, {0x1FF7,1374,1}, {0x1FF8,1375,1}, {0x1FF9,1376,1}, {0x1FFA,1377,1},
    {0x1FFB,1378,1}, {0x1FFC,1379,1}, {0x1FFD,1380,1}, {0x2000,1381,1}, {0x2001,1382,1}, {0x20D0,1383,0},
    {0x20D1,1383,0}, {0x20D2,1383,0}, {0x20D3,1383,0}, {0x20D4,1383,0}, {0x20D5,1383,0}, {0x20D6,1383,0},
    {0x20D7,1383,0}, {0x20D8,1383,0}, {0x20D9,1383,0}, {0x20DA,1383,0}, {0x20DB,1383,0}, {0x20DC,1383,0},
    {0x20E1,1383,0}, {0x20E5,1383,0}, {0x20E6,1383,0}, {0x20E7,1383,0}, {0x20E8,1383,0}, {0x20E9,1383,0},
    {0x20EA,1383,0}, {0x20EB,1383,0}, {0x20EC,1383,0}, {0x20ED,1383,0}, {0x20EE,1383,0}, {0x20EF,1383,0},
    {0x20F0,1383,0}, {0x2126,1383,1}, {0x212A,1384,1}, {0x212B,1385,1}, {0x2132,1386,1}, {0x2160,1387,1},
    {0x2161,1388,1}, {0x2162,1389,1}, {0x2163,1390,1}, {0x2164,1391,1}, {0x2165,1392,1}, {0x2166,1393,1},
    {0x2167,1394,1}, {0x2168,1395,1}, {0x2169,1396,1}, {0x216A,1397,1}, {0x216B,1398,1}, {0x216C,1399,1},
    {0x216D,1400,1}, {0x216E,1401,1}, {0x216F,1402,1}, {0x2183,1403,1}, {0x219A,1404,1}, {0x219B,1405,1},
    {0x21AE,1406,1}, {0x21CD,1407,1}, {0x21CE,1408,1}, {0x21CF,1409,1}, {0x2204,1410,1}, {0x2209,1411,1},
    {0x220C,1412,1}, {0x2224,1413,1}, {0x2226,1414,1}, {0x2241,1415,1}, {0x2244,1416,1}, {0x2247,1417,1},
    {0x2249,1418,1}, {0x2260,1419,1}, {0x2262,1420,1}, {0x226D,1421,1}, {0x226E,1422,1}, {0x226F,1423,1},
    {0x2270,1424,1}, {0x2271,1425,1}, {0x2274,1426,1}, {0x2275,1427,1}, {0x2278,1428,1}, {0x2279,1429,1},
    {0x2280,1430,1}, {0x2281,1431,1}, {0x2284,1432,1}, {0x2285,1433,1}, {0x2288,1434,1}, {0x2289,1435,1},
    {0x22AC,1436,1}, {0x22AD,1437,1}, {0x22AE,1438,1}, {0x22AF,1439,1}, {0x22E0,1440,1}, {0x22E1,1441,1},
    {0x22E2,1442,1}, {0x22E3,1443,1}, {0x22EA,1444,1}, {0x22EB,1445,1}, {0x22EC,1446,1}, {0x22ED,1447,1},
    {0x2329,1448,1}, {0x232A,1449,1}, {0x24B6,1450,1}, {0x24B7,1451,1}, {0x24B8,1452,1}, {0x24B9,1453,1},
    {0x24BA,1454,1}, {0x24BB,1455,1}, {0x24BC,1456,1}, {0x24BD,1457,1}, {0x24BE,1458,1}, {0x24BF,1459,1},
    {0x24C0,1460,1}, {0x24C1,1461,1}, {0x24C2,1462,1}, {0x24C3,1463,1}, {0x24C4,1464,1}, {0x24C5,1465,1},
    {0x24C6,1466,1}, {0x24C7,1467,1}, {0x24C8,1468,1}, {0x24C9,1469,1}, {0x24CA,1470,1}, {0x24CB,1471,1},
    {0x24CC,1472,1}, {0x24CD,1473,1}, {0x24CE,1474,1}, {0x24CF,1475,1}, {0x2ADC,1476,1}, {0x2C00,1477,1},
    {0x2C01,1478,1}, {0x2C02,1479,1}, {0x2C03,1480,1}, {0x2C04,1481,1}, {0x2C05,1482,1}, {0x2C06,1483,1},
    {0x2C07,1484,1}, {0x2C08,1485,1}, {0x2C09,1486,1}, {0x2C0A,1487,1}, {0x2C0B,1488,1}, {0x2C0C,1489,1},
    {0x2C0D,1490,1}, {0x2C0E,1491,1}, {0x2C0F,1492,1}, {0x2C10,1493,1}, {0x2C11,1494,1}, {0x2C12,1495,1},
    {0x2C13,1496,1}, {0x2C14,1497,1}, {0x2C15,1498,1}, {0x2C16,1499,1}, {0x2C17,1500,1}, {0x2C18,1501,1},
    {0x2C19,1502,1}, {0x2C1A,1503,1}, {0x2C1B,1504,1}, {0x2C1C,1505,1}, {0x2C1D,1506,1}, {0x2C1E,1507,1},
    {0x2C1F,1508,1}, {0x2C20,1509,1}, {0x2C21,1510,1}, {0x2C22,1511,1}, {0x2C23,1512,1}, {0x2C24,1513,1},
    {0x2C25,1514,1}, {0x2C26,1515,1}, {0x2C27,1516,1}, {0x2C28,1517,1}, {0x2C29,1518,1}, {0x2C2A,1519,1},
    {0x2C2B,1520,1}, {0x2C2C,1521,1}, {0x2C2D,1522,1}, {0x2C2E,1523,1}, {0x2C2F,1524,1}, {0x2C60,1525,1},
    {0x2C62,1526,1}, {0x2C63,1527,1}, {0x2C64,1528,1}, {0x2C67,1529,1}, {0x2C69,1530,1}, {0x2C6B,1531,1},
    {0x2C6D,1532,1}, {0x2C6E,1533,1}, {0x2C6F,1534,1}, {0x2C70,1535,1}, {0x2C72,1536,1}, {0x2C75,1537,1},
    {0x2C7E,1538,1}, {0x2C7F,1539,1}, {0x2C80,1540,1}, {0x2C82,1541,1}, {0x2C84,1542,1}, {0x2C86,1543,1},
    {0x2C88,1544,1}, {0x2C8A,1545,1}, {0x2C8C,1546,1}, {0x2C8E,1547,1}, {0x2C90,1548,1}, {0x2C92,1549,1},
    {0x2C94,1550,1}, {0x2C96,1551,1}, {0x2C98,1552,1}, {0x2C9A,1553,1}, {0x2C9C,1554,1}, {0x2C9E,1555,1},
    {0x2CA0,1556,1}, {0x2CA2,1557,1}, {0x2CA4,1558,1}, {0x2CA6,1559,1}, {0x2CA8,1560,1}, {0x2CAA,1561,1},
    {0x2CAC,1562,1}, {0x2CAE,1563,1}, {0x2CB0,1564,1}, {0x2CB2,1565,1}, {0x2CB4,1566,1}, {0x2CB6,1567,1},
    {0x2CB8,1568,1}, {0x2CBA,1569,1}, {0x2CBC,1570,1}, {0x2CBE,1571,1}, {0x2CC0,1572,1}, {0x2CC2,1573,1},
    {0x2CC4,1574,1}, {0x2CC6,1575,1}, {0x2CC8,1576,1}, {0x2CCA,1577,1}, {0x2CCC,1578,1}, {0x2CCE,1579,1},
    {0x2CD0,1580,1}, {0x2CD2,1581,1}, {0x2CD4,1582,1}, {0x2CD6,1583,1}, {0x2CD8,1584,1}, {0x2CDA,1585,1},
    {0x2CDC,1586,1}, {0x2CDE,1587,1}, {0x2CE0,1588,1}, {0x2CE2,1589,1}, {0x2CEB,1590,1}, {0x2CED,1591,1},
    {0x2CEF,1592,0}, {0x2CF0,1592,0}, {0x2CF1,1592,0}, {0x2CF2,1592,1}, {0x2D7F,1593,0}, {0x2DE0,1593,0},
    {0x2DE1,1593,0}, {0x2DE2,1593,0}, {0x2DE3,1593,0}, {0x2DE4,1593,0}, {0x2DE5,1593,0}, {0x2DE6,1593,0},
    {0x2DE7,1593,0}, {0x2DE8,1593,0}, {0x2DE9,1593,0}, {0x2DEA,1593,0}, {0x2DEB,1593,0}, {0x2DEC,1593,0},
    {0x2DED,1593,0}, {0x2DEE,1593,0}, {0x2DEF,1593,0}, {0x2DF0,1593,0}, {0x2DF1,1593,0}, {0x2DF2,1593,0},
    {0x2DF3,1593,0}, {0x2DF4,1593,0}, {0x2DF5,1593,0}, {0x2DF6,1593,0}, {0x2DF7,1593,0}, {0x2DF8,1593,0},
    {0x2DF9,1593,0}, {0x2DFA,1593,0}, {0x2DFB,1593,0}, {0x2DFC,1593,0}, {0x2DFD,1593,0}, {0x2DFE,1593,0},
    {0x2DFF,1593,0}, {0x302A,1593,0}, {0x302B,1593,0}, {0x302C,1593,0}, {0x302D,1593,0}, {0x304C,1593,1},
    {0x304E,1594,1}, {0x3050,1595,1}, {0x3052,1596,1}, {0x3054,1597,1}, {0x3056,1598,1}, {0x3058,1599,1},
    {0x305A,1600,1}, {0x305C,1601,1}, {0x305E,1602,1}, {0x3060,1603,1}, {0x3062,1604,1}, {0x3065,1605,1},
    {0x3067,1606,1}, {0x3069,1607,1}, {0x3070,1608,1}, {0x3071,1609,1}, {0x3073,1610,1}, {0x3074,1611,1},
    {0x3076,1612,1}, {0x3077,1613,1}, {0x3079,1614,1}, {0x307A,1615,1}, {0x307C,1616,1}, {0x307D,1617,1},
    {0x3094,1618,1}, {0x3099,1619,0}, {0x309A,1619,0}, {0x309E,1619,1}, {0x30AC,1620,1}, {0x30AE,1621,1},
    {0x30B0,1622,1}, {0x30B2,1623,1}, {0x30B4,1624,1}, {0x30B6,1625,1}, {0x30B8,1626,1}, {0x30BA,1627,1},
    {0x30BC,1628,1}, {0x30BE,1629,1}, {0x30C0,1630,1}, {0x30C2,1631,1}, {0x30C5,1632,1}, {0x30C7,1633,1},
    {0x30C9,1634,1}, {0x30D0,1635,1}, {0x30D1,1636,1}, {0x30D3,1637,1}, {0x30D4,1638,1}, {0x30D6,1639,1},
    {0x30D7,1640,1}, {0x30D9,1641,1}, {0x30DA,1642,1}, {0x30DC,1643,1}, {0x30DD,1644,1}, {0x30F4,1645,1},
    {0x30F7,1646,1}, {0x30F8,1647,1}, {0x30F9,1648,1}, {0x30FA,1649,1}, {0x30FE,1650,1}, {0xA640,1651,1},
    {0xA642,1652,1}, {0xA644,1653,1}, {0xA646,1654,1}, {0xA648,1655,1}, {0xA64A,1656,1}, {0xA64C,1657,1},
    {0xA64E,1658,1}, {0xA650,1659,1}, {0xA652,1660,1}, {0xA654,1661,1}, {0xA656,1662,1}, {0xA658,1663,1},
    {0xA65A,1664,1}, {0xA65C,1665,1}, {0xA65E,1666,1}, {0xA660,1667,1}, {0xA662,1668,1}, {0xA664,1669,1},
    {0xA666,1670,1}, {0xA668,1671,1}, {0xA66A,1672,1}, {0xA66C,1673,1}, {0xA66F,1674,0}, {0xA674,1674,0},
    {0xA675,1674,0}, {0xA676,1674,0}, {0xA677,1674,0}, {0xA678,1674,0}, {0xA679,1674,0}, {0xA67A,1674,0},
    {0xA67B,1674,0}, {0xA67C,1674,0}, {0xA67D,1674,0}, {0xA680,1674,1}, {0xA682,1675,1}, {0xA684,1676,1},
    {0xA686,1677,1}, {0xA688,1678,1}, {0xA68A,1679,1}, {0xA68C,1680,1}, {0xA68E,1681,1}, {0xA690,1682,1},
    {0xA692,1683,1}, {0xA694,1684,1}, {0xA696,1685,1}, {0xA698,1686,1}, {0xA69A,1687,1}, {0xA69E,1688,0},
    {0xA69F,1688,0}, {0xA6F0,1688,0}, {0xA6F1,1688,0}, {0xA722,1688,1}, {0xA724,1689,1}, {0xA726,1690,1},
    {0xA728,1691,1}, {0xA72A,1692,1}, {0xA72C,1693,1}, {0xA72E,1694,1}, {0xA732,1695,1}, {0xA734,1696,1},
    {0xA736,1697,1}, {0xA738,1698,1}, {0xA73A,1699,1}, {0xA73C,1700,1}, {0xA73E,1701,1}, {0xA740,1702,1},
    {0xA742,1703,1}, {0xA744,1704,1}, {0xA746,1705,1}, {0xA748,1706,1}, {0xA74A,1707,1}, {0xA74C,1708,1},
    {0xA74E,1709,1}, {0xA750,1710,1}, {0xA752,1711,1}, {0xA754,1712,1}, {0xA756,1713,1}, {0xA758,1714,1},
    {0xA75A,1715,1}, {0xA75C,1716,1}, {0xA75E,1717,1}, {0xA760,1718,1}, {0xA762,1719,1}, {0xA764,1720,1},
    {0xA766,1721,1}, {0xA768,1722,1}, {0xA76A,1723,1}, {0xA76C,1724,1}, {0xA76E,1725,1}, {0xA779,1726,1},
    {0xA77B,1727,1}, {0xA77D,1728,1}, {0xA77E,1729,1}, {0xA780,1730,1}, {0xA782,1731,1}, {0xA784,1732,1},
    {0xA786,1733,1}, {0xA78B,1734,1}, {0xA78D,1735,1}, {0xA790,1736,1}, {0xA792,1737,1}, {0xA796,1738,1},
    {0xA798,1739,1}, {0xA79A,1740,1}, {0xA79C,1741,1}, {0xA79E,1742,1}, {0xA7A0,1743,1}, {0xA7A2,1744,1},
    {0xA7A4,1745,1}, {0xA7A6,1746,1}, {0xA7A8,1747,1}, {0xA7AA,1748,1}, {0xA7AB,1749,1}, {0xA7AC,1750,1},
    {0xA7AD,1751,1}, {0xA7AE,1752,1}, {0xA7B0,1753,1}, {0xA7B1,1754,1}, {0xA7B2,1755,1}, {0xA7B3,1756,1},
    {0xA7B4,1757,1}, {0xA7B6,1758,1}, {0xA7B8,1759,1}, {0xA7BA,1760,1}, {0xA7BC,1761,1}, {0xA7BE,1762,1},
    {0xA7C0,1763,1}, {0xA7C2,1764,1}, {0xA7C4,1765,1}, {0xA7C5,1766,1}, {0xA7C6,1767,1}, {0xA7C7,1768,1},
    {0xA7C9,1769,1}, {0xA7CB,1770,1}, {0xA7CC,1771,1}, {0xA7D0,1772,1}, {0xA7D6,1773,1}, {0xA7D8,1774,1},
    {0xA7DA,1775,1}, {0xA7DC,1776,1}, {0xA7F5,1777,1}, {0xA802,1778,0}, {0xA806,1778,0}, {0xA80B,1778,0},
    {0xA825,1778,0}, {0xA826,1778,0}, {0xA82C,1778,0}, {0xA8C4,1778,0}, {0xA8C5,1778,0}, {0xA8E0,1778,0},
    {0xA8E1,1778,0}, {0xA8E2,1778,0}, {0xA8E3,1778,0}, {0xA8E4,1778,0}, {0xA8E5,1778,0}, {0xA8E6,1778,0},
    {0xA8E7,1778,0}, {0xA8E8,1778,0}, {0xA8E9,1778,0}, {0xA8EA,1778,0}, {0xA8EB,1778,0}, {0xA8EC,1778,0},
    {0xA8ED,1778,0}, {0xA8EE,1778,0}, {0xA8EF,1778,0}, {0xA8F0,1778,0}, {0xA8F1,1778,0}, {0xA8FF,1778,0},
    {0xA926,1778,0}, {0xA927,1778,0}, {0xA928,1778,0}, {0xA929,1778,0}, {0xA92A,1778,0}, {0xA92B,1778,0},
    {0xA92C,1778,0}, {0xA92D,1778,0}, {0xA947,1778,0}, {0xA948,1778,0}, {0xA949,1778,0}, {0xA94A,1778,0},
    {0xA94B,1778,0}, {0xA94C,1778,0}, {0xA94D,1778,0}, {0xA94E,1778,0}, {0xA94F,1778,0}, {0xA950,1778,0},
    {0xA951,1778,0}, {0xA980,1778,0}, {0xA981,1778,0}, {0xA982,1778,0}, {0xA9B3,1778,0}, {0xA9B6,1778,0},
    {0xA9B7,1778,0}, {0xA9B8,1778,0}, {0xA9B9,1778,0}, {0xA9BC,1778,0}, {0xA9BD,1778,0}, {0xA9E5,1778,0},
    {0xAA29,1778,0}, {0xAA2A,1778,0}, {0xAA2B,1778,0}, {0xAA2C,1778,0}, {0xAA2D,1778,0}, {0xAA2E,1778,0},
    {0xAA31,1778,0}, {0xAA32,1778,0}, {0xAA35,1778,0}, {0xAA36,1778,0}, {0xAA43,1778,0}, {0xAA4C,1778,0},
    {0xAA7C,1778,0}, {0xAAB0,1778,0}, {0xAAB2,1778,0}, {0xAAB3,1778,0}, {0xAAB4,1778,0}, {0xAAB7,1778,0},
    {0xAAB8,1778,0}, {0xAABE,1778,0}, {0xAABF,1778,0}, {0xAAC1,1778,0}, {0xAAEC,1778,0}, {0xAAED,1778,0},
    {0xAAF6,1778,0}, {0xABE5,1778,0}, {0xABE8,1778,0}, {0xABED,1778,0}, {0xAC00,1778,2}, {0xAC01,1780,3},
    {0xAC02,1783,3}, {0xAC03,1786,3}, {0xAC04,1789,3}, {0xAC05,1792,3}, {0xAC06,1795,3}, {0xAC07,1798,3},
    {0xAC08,1801,3}, {0xAC09,1804,3}, {0xAC0A,1807,3}, {0xAC0B,1810,3}, {0xAC0C,1813,3}, {0xAC0D,1816,3},
    {0xAC0E,1819,3}, {0xAC0F,1822,3}, {0xAC10,1825,3}, {0xAC11,1828,3}, {0xAC12,1831,3}, {0xAC13,1834,3},
    {0xAC14,1837,3}, {0xAC15,1840,3}, {0xAC16,1843,3}, {0xAC17,1846,3}, {0xAC18,1849,3}, {0xAC19,1852,3},
    {0xAC1A,1855,3}, {0xAC1B,1858,3}, {0xAC1C,1861,2}, {0xAC1D,1863,3}, {0xAC1E,1866,3}, {0xAC1F,1869,3},
    {0xAC20,1872,3}, {0xAC21,1875,3}, {0xAC22,1878,3}, {0xAC23,1881,3}, {0xAC24,1884,3}, {0xAC25,1887,3},
    {0xAC26,1890,3}, {0xAC27,1893,3}, {0xAC28,1896,3}, {0xAC29,1899,3}, {0xAC2A,1902,3}, {0xAC2B,1905,3},
    {0xAC2C,1908,3}, {0xAC2D,1911,3}, {0xAC2E,1914,3}, {0xAC2F,1917,3}, {0xAC30,1920,3}, {0xAC31,1923,3},
    {0xAC32,1926,3}, {0xAC33,1929,3}, {0xAC34,1932,3}, {0xAC35,1935,3}, {0xAC36,1938,3}, {0xAC37,1941,3},
    {0xAC38,1944,2}, {0xAC39,1946,3}, {0xAC3A,1949,3}, {0xAC3B,1952,3}, {0xAC3C,1955,3}, {0xAC3D,1958,3},
    {0xAC3E,1961,3}, {0xAC3F,1964,3}, {0xAC40,1967,3}, {0xAC41,1970,3}, {0xAC42,1973,3}, {0xAC43,1976,3},
    {0xAC44,1979,3}, {0xAC45,1982,3}, {0xAC46,1985,3}, {0xAC47,1988,3}, {0xAC48,1991,3}, {0xAC49,1994,3},
    {0xAC4A,1997,3}, {0xAC4B,2000,3}, {0xAC4C,2003,3}, {0xAC4D,2006,3}, {0xAC4E,2009,3}, {0xAC4F,2012,3},
    {0xAC50,2015,3}, {0xAC51,2018,3}, {0xAC52,2021,3}, {0xAC53,2024,3}, {0xAC54,2027,2}, {0xAC55,2029,3},
    {0xAC56,2032,3}, {0xAC57,2035,3}, {0xAC58,2038,3}, {0xAC59,2041,3}, {0xAC5A,2044,3}, {0xAC5B,2047,3},
    {0xAC5C,2050,3}, {0xAC5D,2053,3}, {0xAC5E,2056,3}, {0xAC5F,2059,3}, {0xAC60,2062,3}, {0xAC61,2065,3},
    {0xAC62,2068,3}, {0xAC63,2071,3}, {0xAC64,2074,3}, {0xAC65,2077,3}, {0xAC66,2080,3}, {0xAC67,2083,3},
    {0xAC68,2086,3}, {0xAC69,2089,3}, {0xAC6A,2092,3}, {0xAC6B,2095,3}, {0xAC6C,2098,3}, {0xAC6D,2101,3},
    {0xAC6E,2104,3}, {0xAC6F,2107,3}, {0xAC70,2110,2}, {0xAC71,2112,3}, {0xAC72,2115,3}, {0xAC73,2118,3},
    {0xAC74,2121,3}, {0xAC75,2124,3}, {0xAC76,2127,3}, {0xAC77,2130,3}, {0xAC78,2133,3}, {0xAC79,2136,3},
    {0xAC7A,2139,3}, {0xAC7B,2142,3}, {0xAC7C,2145,3}, {0xAC7D,2148,3}, {0xAC7E,2151,3}, {0xAC7F,2154,3},
    {0xAC80,2157,3}, {0xAC81,2160,3}, {0xAC82,2163,3}, {0xAC83,2166,3}, {0xAC84,2169,3}, {0xAC85,2172,3},
    {0xAC86,2175,3}, {0xAC87,2178,3}, {0xAC88,2181,3}, {0xAC89,2184,3}, {0xAC8A,2187,3}, {0xAC8B,2190,3},
    {0xAC8C,2193,2}, {0xAC8D,2195,3}, {0xAC8E,2198,3}, {0xAC8F,2201,3}, {0xAC90,2204,3}, {0xAC91,2207,3},
    {0xAC92,2210,3}, {0xAC93,2213,3}, {0xAC94,2216,3}, {0xAC95,2219,3}, {0xAC96,2222,3}, {0xAC97,2225,3},
    {0xAC98,2228,3}, {0xAC99,2231,3}, {0xAC9A,2234,3}, {0xAC9B,2237,3}, {0xAC9C,2240,3}, {0xAC9D,2243,3},
    {0xAC9E,2246,3}, {0xAC9F,2249,3}, {0xACA0,2252,3}, {0xACA1,2255,3}, {0xACA2,2258,3}, {0xACA3,2261,3},
    {0xACA4,2264,3}, {0xACA5,2267,3}, {0xACA6,2270,3}, {0xACA7,2273,3}, {0xACA8,2276,2}, {0xACA9,2278,3},
    {0xACAA,2281,3}, {0xACAB,2284,3}, {0xACAC,2287,3}, {0xACAD,2290,3}, {0xACAE,2293,3}, {0xACAF,2296,3},
    {0xACB0,2299,3}, {0xACB1,2302,3}, {0xACB2,2305,3}, {0xACB3,2308,3}, {0xACB4,2311,3}, {0xACB5,2314,3},
    {0xACB6,2317,3}, {0xACB7,2320,3}, {0xACB8,2323,3}, {0xACB9,2326,3}, {0xACBA,2329,3}, {0xACBB,2332,3},
    {0xACBC,2335,3}, {0xACBD,2338,3}, {0xACBE,2341,3}, {0xACBF,2344,3}, {0xACC0,2347,3}, {0xACC1,2350,3},
    {0xACC2,2353,3}, {0xACC3,2356,3}, {0xACC4,2359,2}, {0xACC5,2361,3}, {0xACC6,2364,3}, {0xACC7,2367,3},
    {0xACC8,2370,3}, {0xACC9,2373,3}, {0xACCA,2376,3}, {0xACCB,2379,3}, {0xACCC,2382,3}, {0xACCD,2385,3},
    {0xACCE,2388,3}, {0xACCF,2391,3}, {0xACD0,2394,3}, {0xACD1,2397,3}, {0xACD2,2400,3}, {0xACD3,2403,3},
    {0xACD4,2406,3}, {0xACD5,2409,3}, {0xACD6,2412,3}, {0xACD7,2415,3}, {0xACD8,2418,3}, {0xACD9,2421,3},
    {0xACDA,2424,3}, {0xACDB,2427,3}, {0xACDC,2430,3}, {0xACDD,2433,3}, {0xACDE,2436,3}, {0xACDF,2439,3},
    {0xACE0,2442,2}, {0xACE1,2444,3}, {0xACE2,2447,3}, {0xACE3,2450,3}, {0xACE4,2453,3}, {0xACE5,2456,3},
    {0xACE6,2459,3}, {0xACE7,2462,3}, {0xACE8,2465,3}, {0xACE9,2468,3}, {0xACEA,2471,3}, {0xACEB,2474,3},
    {0xACEC,2477,3}, {0xACED,2480,3}, {0xACEE,2483,3}, {0xACEF,2486,3}, {0xACF0,2489,3}, {0xACF1,2492,3},
    {0xACF2,2495,3}, {0xACF3,2498,3}, {0xACF4,2501,3}, {0xACF5,2504,3}, {0xACF6,2507,3}, {0xACF7,2510,3},
    {0xACF8,2513,3}, {0xACF9,2516,3}, {0xACFA,2519,3}, {0xACFB,2522,3}, {0xACFC,2525,2}, {0xACFD,2527,3},
    {0xACFE,2530,3}, {0xACFF,2533,3}, {0xAD00,2536,3}, {0xAD01,2539,3}, {0xAD02,2542,3}, {0xAD03,2545,3},
    {0xAD04,2548,3}, {0xAD05,2551,3}, {0xAD06,2554,3}, {0xAD07,2557,3}, {0xAD08,2560,3}, {0xAD09,2563,3},
    {0xAD0A,2566,3}, {0xAD0B,2569,3}, {0xAD0C,2572,3}, {0xAD0D,2575,3}, {0xAD0E,2578,3}, {0xAD0F,2581,3},
    {0xAD10,2584,3}, {0xAD11,2587,3}, {0xAD12,2590,3}, {0xAD13,2593,3}, {0xAD14,2596,3}, {0xAD15,2599,3},
    {0xAD16,2602,3}, {0xAD17,2605,3}, {0xAD18,2608,2}, {0xAD19,2610,3}, {0xAD1A,2613,3}, {0xAD1B,2616,3},
    {0xAD1C,2619,3}, {0xAD1D,2622,3}, {0xAD1E,2625,3}, {0xAD1F,2628,3}, {0xAD20,2631,3}, {0xAD21,2634,3},
    {0xAD22,2637,3}, {0xAD23,2640,3}, {0xAD24,2643,3}, {0xAD25,2646,3}, {0xAD26,2649,3}, {0xAD27,2652,3},
    {0xAD28,2655,3}, {0xAD29,2658,3}, {0xAD2A,2661,3}, {0xAD2B,2664,3}, {0xAD2C,2667,3}, {0xAD2D,2670,3},
    {0xAD2E,2673,3}, {0xAD2F,2676,3}, {0xAD30,2679,3}, {0xAD31,2682,3}, {0xAD32,2685,3}, {0xAD33,2688,3},
    {0xAD34,2691,2}, {0xAD35,2693,3}, {0xAD36,2696,3}, {0xAD37,2699,3}, {0xAD38,2702,3}, {0xAD39,2705,3},
    {0xAD3A,2708,3}, {0xAD3B,2711,3}, {0xAD3C,2714,3}, {0xAD3D,2717,3}, {0xAD3E,2720,3}, {0xAD3F,2723,3},
    {0xAD40,2726,3}, {0xAD41,2729,3}, {0xAD42,2732,3}, {0xAD43,2735,3}, {0xAD44,2738,3}, {0xAD45,2741,3},
    {0xAD46,2744,3}, {0xAD47,2747,3}, {0xAD48,2750,3}, {0xAD49,2753,3}, {0xAD4A,2756,3}, {0xAD4B,2759,3},
    {0xAD4C,2762,3}, {0xAD4D,2765,3}, {0xAD4E,2768,3}, {0xAD4F,2771,3}, {0xAD50,2774,2}, {0xAD51,2776,3},
    {0xAD52,2779,3}, {0xAD53,2782,3}, {0xAD54,2785,3}, {0xAD55,2788,3}, {0xAD56,2791,3}, {0xAD57,2794,3},
    {0xAD58,2797,3}, {0xAD59,2800,3}, {0xAD5A,2803,3}, {0xAD5B,2806,3}, {0xAD5C,2809,3}, {0xAD5D,2812,3},
    {0xAD5E,2815,3}, {0xAD5F,2818,3}, {0xAD60,2821,3}, {0xAD61,2824,3}, {0xAD62,2827,3}, {0xAD63,2830,3},
    {0xAD64,2833,3}, {0xAD65,2836,3}, {0xAD66,2839,3}, {0xAD67,2842,3}, {0xAD68,2845,3}, {0xAD69,2848,3},
    {0xAD6A,2851,3}, {0xAD6B,2854,3}, {0xAD6C,2857,2}, {0xAD6D,2859,3}, {0xAD6E,2862,3}, {0xAD6F,2865,3},
    {0xAD70,2868,3}, {0xAD71,2871,3}, {0xAD72,2874,3}, {0xAD73,2877,3}, {0xAD74,2880,3}, {0xAD75,2883,3},
    {0xAD76,2886,3}, {0xAD77,2889,3}, {0xAD78,2892,3}, {0xAD79,2895,3}, {0xAD7A,2898,3}, {0xAD7B,2901,3},
    {0xAD7C,2904,3}, {0xAD7D,2907,3}, {0xAD7E,2910,3}, {0xAD7F,2913,3}, {0xAD80,2916,3}, {0xAD81,2919,3},
    {0xAD82,2922,3}, {0xAD83,2925,3}, {0xAD84,2928,3}, {0xAD85,2931,3}, {0xAD86,2934,3}, {0xAD87,2937,3},
    {0xAD88,2940,2}, {0xAD89,2942,3}, {0xAD8A,2945,3}, {0xAD8B,2948,3}, {0xAD8C,2951,3}, {0xAD8D,2954,3},
    {0xAD8E,2957,3}, {0xAD8F,2960,3}, {0xAD90,2963,3}, {0xAD91,2966,3}, {0xAD92,2969,3}, {0xAD93,2972,3},
    {0xAD94,2975,3}, {0xAD95,2978,3}, {0xAD96,2981,3}, {0xAD97,2984,3}, {0xAD98,2987,3}, {0xAD99,2990,3},
    {0xAD9A,2993,3}, {0xAD9B,2996,3}, {0xAD9C,2999,3}, {0xAD9D,3002,3}, {0xAD9E,3005,3}, {0xAD9F,3008,3},
    {0xADA0,3011,3}, {0xADA1,3014,3}, {0xADA2,3017,3}, {0xADA3,3020,3}, {0xADA4,3023,2}, {0xADA5,3025,3},
    {0xADA6,3028,3}, {0xADA7,3031,3}, {0xADA8,3034,3}, {0xADA9,3037,3}, {0xADAA,3040,3}, {0xADAB,3043,3},
    {0xADAC,3046,3}, {0xADAD,3049,3}, {0xADAE,3052,3}, {0xADAF,3055,3}, {0xADB0,3058,3}, {0xADB1,3061,3},
    {0xADB2,3064,3}, {0xADB3,3067,3}, {0xADB4,3070,3}, {0xADB5,3073,3}, {0xADB6,3076,3}, {0xADB7,3079,3},
    {0xADB8,3082,3}, {0xADB9,3085,3}, {0xADBA,3088,3}, {0xADBB,3091,3}, {0xADBC,3094,3}, {0xADBD,3097,3},
    {0xADBE,3100,3}, {0xADBF,3103,3}, {0xADC0,3106,2}, {0xADC1,3108,3}, {0xADC2,3111,3}, {0xADC3,3114,3},
    {0xADC4,3117,3}, {0xADC5,3120,3}, {0xADC6,3123,3}, {0xADC7,3126,3}, {0xADC8,3129,3}, {0xADC9,3132,3},
    {0xADCA,3135,3}, {0xADCB,3138,3}, {0xADCC,3141,3}, {0xADCD,3144,3}, {0xADCE,3147,3}, {0xADCF,3150,3},
    {0xADD0,3153,3}, {0xADD1,3156,3}, {0xADD2,3159,3}, {0xADD3,3162,3}, {0xADD4,3165,3}, {0xADD5,3168,3},
    {0xADD6,3171,3}, {0xADD7,3174,3}, {0xADD8,3177,3}, {0xADD9,3180,3}, {0xADDA,3183,3}, {0xADDB,3186,3},
    {0xADDC,3189,2}, {0xADDD,3191,3}, {0xADDE,3194,3}, {0xADDF,3197,3}, {0xADE0,3200,3}, {0xADE1,3203,3},
    {0xADE2,3206,3}, {0xADE3,3209,3}, {0xADE4,3212,3}, {0xADE5,3215,3}, {0xADE6,3218,3}, {0xADE7,3221,3},
    {0xADE8,3224,3}, {0xADE9,3227,3}, {0xADEA,3230,3}, {0xADEB,3233,3}, {0xADEC,3236,3}, {0xADED,3239,3},
    {0xADEE,3242,3}, {0xADEF,3245,3}, {0xADF0,3248,3}, {0xADF1,3251,3}, {0xADF2,3254,3}, {0xADF3,3257,3},
    {0xADF4,3260,3}, {0xADF5,3263,3}, {0xADF6,3266,3}, {0xADF7,3269,3}, {0xADF8,3272,2}, {0xADF9,3274,3},
    {0xADFA,3277,3}, {0xADFB,3280,3}, {0xADFC,3283,3}, {0xADFD,3286,3}, {0xADFE,3289,3}, {0xADFF,3292,3},
    {0xAE00,3295,3}, {0xAE01,3298,3}, {0xAE02,3301,3}, {0xAE03,3304,3}, {0xAE04,3307,3}, {0xAE05,3310,3},
    {0xAE06,3313,3}, {0xAE07,3316,3}, {0xAE08,3319,3}, {0xAE09,3322,3}, {0xAE0A,3325,3}, {0xAE0B,3328,3},
    {0xAE0C,3331,3}, {0xAE0D,3334,3}, {0xAE0E,3337,3}, {0xAE0F,3340,3}, {0xAE10,3343,3}, {0xAE11,3346,3},
    {0xAE12,3349,3}, {0xAE13,3352,3}, {0xAE14,3355,2}, {0xAE15,3357,3}, {0xAE16,3360,3}, {0xAE17,3363,3},
    {0xAE18,3366,3}, {0xAE19,3369,3}, {0xAE1A,3372,3}, {0xAE1B,3375,3}, {0xAE1C,3378,3}, {0xAE1D,3381,3},
    {0xAE1E,3384,3}, {0xAE1F,3387,3}, {0xAE20,3390,3}, {0xAE21,3393,3}, {0xAE22,3396,3}, {0xAE23,3399,3},
    {0xAE24,3402,3}, {0xAE25,3405,3}, {0xAE26,3408,3}, {0xAE27,3411,3}, {0xAE28,3414,3}, {0xAE29,3417,3},
    {0xAE2A,3420,3}, {0xAE2B,3423,3}, {0xAE2C,3426,3}, {0xAE2D,3429,3}, {0xAE2E,3432,3}, {0xAE2F,3435,3},
    {0xAE30,3438,2}, {0xAE31,3440,3}, {0xAE32,3443,3}, {0xAE33,3446,3}, {0xAE34,3449,3}, {0xAE35,3452,3},
    {0xAE36,3455,3}, {0xAE37,3458,3}, {0xAE38,3461,3}, {0xAE39,3464,3}, {0xAE3A,3467,3}, {0xAE3B,3470,3},
    {0xAE3C,3473,3}, {0xAE3D,3476,3}, {0xAE3E,3479,3}, {0xAE3F,3482,3}, {0xAE40,3485,3}, {0xAE41,3488,3},
    {0xAE42,3491,3}, {0xAE43,3494,3}, {0xAE44,3497,3}, {0xAE45,3500,3}, {0xAE46,3503,3}, {0xAE47,3506,3},
    {0xAE48,3509,3}, {0xAE49,3512,3}, {0xAE4A,3515,3}, {0xAE4B,3518,3}, {0xAE4C,3521,2}, {0xAE4D,3523,3},
    {0xAE4E,3526,3}, {0xAE4F,3529,3}, {0xAE50,3532,3}, {0xAE51,3535,3}, {0xAE52,3538,3}, {0xAE53,3541,3},
    {0xAE54,3544,3}, {0xAE55,3547,3}, {0xAE56,3550,3}, {0xAE57,3553,3}, {0xAE58,3556,3}, {0xAE59,3559,3},
    {0xAE5A,3562,3}, {0xAE5B,3565,3}, {0xAE5C,3568,3}, {0xAE5D,3571,3}, {0xAE5E,3574,3}, {0xAE5F,3577,3},
    {0xAE60,3580,3}, {0xAE61,3583,3}, {0xAE62,3586,3}, {0xAE63,3589,3}, {0xAE64,3592,3}, {0xAE65,3595,3},
    {0xAE66,3598,3}, {0xAE67,3601,3}, {0xAE68,3604,2}, {0xAE69,3606,3}, {0xAE6A,3609,3}, {0xAE6B,3612,3},
    {0xAE6C,3615,3}, {0xAE6D,3618,3}, {0xAE6E,3621,3}, {0xAE6F,3624,3}, {0xAE70,3627,3}, {0xAE71,3630,3},
    {0xAE72,3633,3}, {0xAE73,3636,3}, {0xAE74,3639,3}, {0xAE75,3642,3}, {0xAE76,3645,3}, {0xAE77,3648,3},
    {0xAE78,3651,3}, {0xAE79,3654,3}, {0xAE7A,3657,3}, {0xAE7B,3660,3}, {0xAE7C,3663,3}, {0xAE7D,3666,3},
    {0xAE7E,3669,3}, {0xAE7F,3672,3}, {0xAE80,3675,3}, {0xAE81,3678,3}, {0xAE82,3681,3}, {0xAE83,3684,3},
    {0xAE84,3687,2}, {0xAE85,3689,3}, {0xAE86,3692,3}, {0xAE87,3695,3}, {0xAE88,3698,3}, {0xAE89,3701,3},
    {0xAE8A,3704,3}, {0xAE8B,3707,3}, {0xAE8C,3710,3}, {0xAE8D,3713,3}, {0xAE8E,3716,3}, {0xAE8F,3719,3},
    {0xAE90,3722,3}, {0xAE91,3725,3}, {0xAE92,3728,3}, {0xAE93,3731,3}, {0xAE94,3734,3}, {0xAE95,3737,3},
    {0xAE96,3740,3}, {0xAE97,3743,3}, {0xAE98,3746,3}, {0xAE99,3749,3}, {0xAE9A,3752,3}, {0xAE9B,3755,3},
    {0xAE9C,3758,3}, {0xAE9D,3761,3}, {0xAE9E,3764,3}, {0xAE9F,3767,3}, {0xAEA0,3770,2}, {0xAEA1,3772,3},
    {0xAEA2,3775,3}, {0xAEA3,3778,3}, {0xAEA4,3781,3}, {0xAEA5,3784,3}, {0xAEA6,3787,3}, {0xAEA7,3790,3},
    {0xAEA8,3793,3}, {0xAEA9,3796,3}, {0xAEAA,3799,3}, {0xAEAB,3802,3}, {0xAEAC,3805,3}, {0xAEAD,3808,3},
    {0xAEAE,3811,3}, {0xAEAF,3814,3}, {0xAEB0,3817,3}, {0xAEB1,3820,3}, {0xAEB2,3823,3}, {0xAEB3,3826,3},
    {0xAEB4,3829,3}, {0xAEB5,3832,3}, {0xAEB6,3835,3}, {0xAEB7,3838,3}, {0xAEB8,3841,3}, {0xAEB9,3844,3},
    {0xAEBA,3847,3}, {0xAEBB,3850,3}, {0xAEBC,3853,2}, {0xAEBD,3855,3}, {0xAEBE,3858,3}, {0xAEBF,3861,3},
    {0xAEC0,3864,3}, {0xAEC1,3867,3}, {0xAEC2,3870,3}, {0xAEC3,3873,3}, {0xAEC4,3876,3}, {0xAEC5,3879,3},
    {0xAEC6,3882,3}, {0xAEC7,3885,3}, {0xAEC8,3888,3}, {0xAEC9,3891,3}, {0xAECA,3894,3}, {0xAECB,3897,3},
    {0xAECC,3900,3}, {0xAECD,3903,3}, {0xAECE,3906,3}, {0xAECF,3909,3}, {0xAED0,3912,3}, {0xAED1,3915,3},
    {0xAED2,3918,3}, {0xAED3,3921,3}, {0xAED4,3924,3}, {0xAED5,3927,3}, {0xAED6,3930,3}, {0xAED7,3933,3},
    {0xAED8,3936,2}, {0xAED9,3938,3}, {0xAEDA,3941,3}, {0xAEDB,3944,3}, {0xAEDC,3947,3}, {0xAEDD,3950,3},
    {0xAEDE,3953,3}, {0xAEDF,3956,3}, {0xAEE0,3959,3}, {0xAEE1,3962,3}, {0xAEE2,3965,3}, {0xAEE3,3968,3},
    {0xAEE4,3971,3}, {0xAEE5,3974,3}, {0xAEE6,3977,3}, {0xAEE7,3980,3}, {0xAEE8,3983,3}, {0xAEE9,3986,3},
    {0xAEEA,3989,3}, {0xAEEB,3992,3}, {0xAEEC,3995,3}, {0xAEED,3998,3}, {0xAEEE,4001,3}, {0xAEEF,4004,3},
    {0xAEF0,4007,3}, {0xAEF1,4010,3}, {0xAEF2,4013,3}, {0xAEF3,4016,3}, {0xAEF4,4019,2}, {0xAEF5,4021,3},
    {0xAEF6,4024,3}, {0xAEF7,4027,3}, {0xAEF8,4030,3}, {0xAEF9,4033,3}, {0xAEFA,4036,3}, {0xAEFB,4039,3},
    {0xAEFC,4042,3}, {0xAEFD,4045,3}, {0xAEFE,4048,3}, {0xAEFF,4051,3}, {0xAF00,4054,3}, {0xAF01,4057,3},
    {0xAF02,4060,3}, {0xAF03,4063,3}, {0xAF04,4066,3}, {0xAF05,4069,3}, {0xAF06,4072,3}, {0xAF07,4075,3},
    {0xAF08,4078,3}, {0xAF09,4081,3}, {0xAF0A,4084,3}, {0xAF0B,4087,3}, {0xAF0C,4090,3}, {0xAF0D,4093,3},
    {0xAF0E,4096,3}, {0xAF0F,4099,3}, {0xAF10,4102,2}, {0xAF11,4104,3}, {0xAF12,4107,3}, {0xAF13,4110,3},
    {0xAF14,4113,3}, {0xAF15,4116,3}, {0xAF16,4119,3}, {0xAF17,4122,3}, {0xAF18,4125,3}, {0xAF19,4128,3},
    {0xAF1A,4131,3}, {0xAF1B,4134,3}, {0xAF1C,4137,3}, {0xAF1D,4140,3}, {0xAF1E,4143,3}, {0xAF1F,4146,3},
    {0xAF20,4149,3}, {0xAF21,4152,3}, {0xAF22,4155,3}, {0xAF23,4158,3}, {0xAF24,4161,3}, {0xAF25,4164,3},
    {0xAF26,4167,3}, {0xAF27,4170,3}, {0xAF28,4173,3}, {0xAF29,4176,3}, {0xAF2A,4179,3}, {0xAF2B,4182,3},
    {0xAF2C,4185,2}, {0xAF2D,4187,3}, {0xAF2E,4190,3}, {0xAF2F,4193,3}, {0xAF30,4196,3}, {0xAF31,4199,3},
    {0xAF32,4202,3}, {0xAF33,4205,3}, {0xAF34,4208,3}, {0xAF35,4211,3}, {0xAF36,4214,3}, {0xAF37,4217,3},
    {0xAF38,4220,3}, {0xAF39,4223,3}, {0xAF3A,4226,3}, {0xAF3B,4229,3}, {0xAF3C,4232,3}, {0xAF3D,4235,3},
    {0xAF3E,4238,3}, {0xAF3F,4241,3}, {0xAF40,4244,3}, {0xAF41,4247,3}, {0xAF42,4250,3}, {0xAF43,4253,3},
    {0xAF44,4256,3}, {0xAF45,4259,3}, {0xAF46,4262,3}, {0xAF47,4265,3}, {0xAF48,4268,2}, {0xAF49,4270,3},
    {0xAF4A,4273,3}, {0xAF4B,4276,3}, {0xAF4C,4279,3}, {0xAF4D,4282,3}, {0xAF4E,4285,3}, {0xAF4F,4288,3},
    {0xAF50,4291,3}, {0xAF51,4294,3}, {0xAF52,4297,3}, {0xAF53,4300,3}, {0xAF54,4303,3}, {0xAF55,4306,3},
    {0xAF56,4309,3}, {0xAF57,4312,3}, {0xAF58,4315,3}, {0xAF59,4318,3}, {0xAF5A,4321,3}, {0xAF5B,4324,3},
    {0xAF5C,4327,3}, {0xAF5D,4330,3}, {0xAF5E,4333,3}, {0xAF5F,4336,3}, {0xAF60,4339,3}, {0xAF61,4342,3},
    {0xAF62,4345,3}, {0xAF63,4348,3}, {0xAF64,4351,2}, {0xAF65,4353,3}, {0xAF66,4356,3}, {0xAF67,4359,3},
    {0xAF68,4362,3}, {0xAF69,4365,3}, {0xAF6A,4368,3}, {0xAF6B,4371,3}, {0xAF6C,4374,3}, {0xAF6D,4377,3},
    {0xAF6E,4380,3}, {0xAF6F,4383,3}, {0xAF70,4386,3}, {0xAF71,4389,3}, {0xAF72,4392,3}, {0xAF73,4395,3},
    {0xAF74,4398,3}, {0xAF75,4401,3}, {0xAF76,4404,3}, {0xAF77,4407,3}, {0xAF78,4410,3}, {0xAF79,4413,3},
    {0xAF7A,4416,3}, {0xAF7B,4419,3}, {0xAF7C,4422,3}, {0xAF7D,4425,3}, {0xAF7E,4428,3}, {0xAF7F,4431,3},
    {0xAF80,4434,2}, {0xAF81,4436,3}, {0xAF82,4439,3}, {0xAF83,4442,3}, {0xAF84,4445,3}, {0xAF85,4448,3},
    {0xAF86,4451,3}, {0xAF87,4454,3}, {0xAF88,4457,3}, {0xAF89,4460,3}, {0xAF8A,4463,3}, {0xAF8B,4466,3},
    {0xAF8C,4469,3}, {0xAF8D,4472,3}, {0xAF8E,4475,3}, {0xAF8F,4478,3}, {0xAF90,4481,3}, {0xAF91,4484,3},
    {0xAF92,4487,3}, {0xAF93,4490,3}, {0xAF94,4493,3}, {0xAF95,4496,3}, {0xAF96,4499,3}, {0xAF97,4502,3},
    {0xAF98,4505,3}, {0xAF99,4508,3}, {0xAF9A,4511,3}, {0xAF9B,4514,3}, {0xAF9C,4517,2}, {0xAF9D,4519,3},
    {0xAF9E,4522,3}, {0xAF9F,4525,3}, {0xAFA0,4528,3}, {0xAFA1,4531,3}, {0xAFA2,4534,3}, {0xAFA3,4537,3},
    {0xAFA4,4540,3}, {0xAFA5,4543,3}, {0xAFA6,4546,3}, {0xAFA7,4549,3}, {0xAFA8,4552,3}, {0xAFA9,4555,3},
    {0xAFAA,4558,3}, {0xAFAB,4561,3}, {0xAFAC,4564,3}, {0xAFAD,4567,3}, {0xAFAE,4570,3}, {0xAFAF,4573,3},
    {0xAFB0,4576,3}, {0xAFB1,4579,3}, {0xAFB2,4582,3}, {0xAFB3,4585,3}, {0xAFB4,4588,3}, {0xAFB5,4591,3},
    {0xAFB6,4594,3}, {0xAFB7,4597,3}, {0xAFB8,4600,2}, {0xAFB9,4602,3}, {0xAFBA,4605,3}, {0xAFBB,4608,3},
    {0xAFBC,4611,3}, {0xAFBD,4614,3}, {0xAFBE,4617,3}, {0xAFBF,4620,3}, {0xAFC0,4623,3}, {0xAFC1,4626,3},
    {0xAFC2,4629,3}, {0xAFC3,4632,3}, {0xAFC4,4635,3}, {0xAFC5,4638,3}, {0xAFC6,4641,3}, {0xAFC7,4644,3},
    {0xAFC8,4647,3}, {0xAFC9,4650,3}, {0xAFCA,4653,3}, {0xAFCB,4656,3}, {0xAFCC,4659,3}, {0xAFCD,4662,3},
    {0xAFCE,4665,3}, {0xAFCF,4668,3}, {0xAFD0,4671,3}, {0xAFD1,4674,3}, {0xAFD2,4677,3}, {0xAFD3,4680,3},
    {0xAFD4,4683,2}, {0xAFD5,4685,3}, {0xAFD6,4688,3}, {0xAFD7,4691,3}, {0xAFD8,4694,3}, {0xAFD9,4697,3},
    {0xAFDA,4700,3}, {0xAFDB,4703,3}, {0xAFDC,4706,3}, {0xAFDD,4709,3}, {0xAFDE,4712,3}, {0xAFDF,4715,3},
    {0xAFE0,4718,3}, {0xAFE1,4721,3}, {0xAFE2,4724,3}, {0xAFE3,4727,3}, {0xAFE4,4730,3}, {0xAFE5,4733,3},
    {0xAFE6,4736,3}, {0xAFE7,4739,3}, {0xAFE8,4742,3}, {0xAFE9,4745,3}, {0xAFEA,4748,3}, {0xAFEB,4751,3},
    {0xAFEC,4754,3}, {0xAFED,4757,3}, {0xAFEE,4760,3}, {0xAFEF,4763,3}, {0xAFF0,4766,2}, {0xAFF1,4768,3},
    {0xAFF2,4771,3}, {0xAFF3,4774,3}, {0xAFF4,4777,3}, {0xAFF5,4780,3}, {0xAFF6,4783,3}, {0xAFF7,4786,3},
    {0xAFF8,4789,3}, {0xAFF9,4792,3}, {0xAFFA,4795,3}, {0xAFFB,4798,3}, {0xAFFC,4801,3}, {0xAFFD,4804,3},
    {0xAFFE,4807,3}, {0xAFFF,4810,3}, {0xB000,4813,3}, {0xB001,4816,3}, {0xB002,4819,3}, {0xB003,4822,3},
    {0xB004,4825,3}, {0xB005,4828,3}, {0xB006,4831,3}, {0xB007,4834,3}, {0xB008,4837,3}, {0xB009,4840,3},
    {0xB00A,4843,3}, {0xB00B,4846,3}, {0xB00C,4849,2}, {0xB00D,4851,3}, {0xB00E,4854,3}, {0xB00F,4857,3},
    {0xB010,4860,3}, {0xB011,4863,3}, {0xB012,4866,3}, {0xB013,4869,3}, {0xB014,4872,3}, {0xB015,4875,3},
    {0xB016,4878,3}, {0xB017,4881,3}, {0xB018,4884,3}, {0xB019,4887,3}, {0xB01A,4890,3}, {0xB01B,4893,3},
    {0xB01C,4896,3}, {0xB01D,4899,3}, {0xB01E,4902,3}, {0xB01F,4905,3}, {0xB020,4908,3}, {0xB021,4911,3},
    {0xB022,4914,3}, {0xB023,4917,3}, {0xB024,4920,3}, {0xB025,4923,3}, {0xB026,4926,3}, {0xB027,4929,3},
    {0xB028,4932,2}, {0xB029,4934,3}, {0xB02A,4937,3}, {0xB02B,4940,3}, {0xB02C,4943,3}, {0xB02D,4946,3},
    {0xB02E,4949,3}, {0xB02F,4952,3}, {0xB030,4955,3}, {0xB031,4958,3}, {0xB032,4961,3}, {0xB033,4964,3},
    {0xB034,4967,3}, {0xB035,4970,3}, {0xB036,4973,3}, {0xB037,4976,3}, {0xB038,4979,3}, {0xB039,4982,3},
    {0xB03A,4985,3}, {0xB03B,4988,3}, {0xB03C,4991,3}, {0xB03D,4994,3}, {0xB03E,4997,3}, {0xB03F,5000,3},
    {0xB040,5003,3}, {0xB041,5006,3}, {0xB042,5009,3}, {0xB043,5012,3}, {0xB044,5015,2}, {0xB045,5017,3},
    {0xB046,5020,3}, {0xB047,5023,3}, {0xB048,5026,3}, {0xB049,5029,3}, {0xB04A,5032,3}, {0xB04B,5035,3},
    {0xB04C,5038,3}, {0xB04D,5041,3}, {0xB04E,5044,3}, {0xB04F,5047,3}, {0xB050,5050,3}, {0xB051,5053,3},
    {0xB052,5056,3}, {0xB053,5059,3}, {0xB054,5062,3}, {0xB055,5065,3}, {0xB056,5068,3}, {0xB057,5071,3},
    {0xB058,5074,3}, {0xB059,5077,3}, {0xB05A,5080,3}, {0xB05B,5083,3}, {0xB05C,5086,3}, {0xB05D,5089,3},
    {0xB05E,5092,3}, {0xB05F,5095,3}, {0xB060,5098,2}, {0xB061,5100,3}, {0xB062,5103,3}, {0xB063,5106,3},
    {0xB064,5109,3}, {0xB065,5112,3}, {0xB066,5115,3}, {0xB067,5118,3}, {0xB068,5121,3}, {0xB069,5124,3},
    {0xB06A,5127,3}, {0xB06B,5130,3}, {0xB06C,5133,3}, {0xB06D,5136,3}, {0xB06E,5139,3}, {0xB06F,5142,3},
    {0xB070,5145,3}, {0xB071,5148,3}, {0xB072,5151,3}, {0xB073,5154,3}, {0xB074,5157,3}, {0xB075,5160,3},
    {0xB076,5163,3}, {0xB077,5166,3}, {0xB078,5169,3}, {0xB079,5172,3}, {0xB07A,5175,3}, {0xB07B,5178,3},
    {0xB07C,5181,2}, {0xB07D,5183,3}, {0xB07E,5186,3}, {0xB07F,5189,3}, {0xB080,5192,3}, {0xB081,5195,3},
    {0xB082,5198,3}, {0xB083,5201,3}, {0xB084,5204,3}, {0xB085,5207,3}, {0xB086,5210,3}, {0xB087,5213,3},
    {0xB088,5216,3}, {0xB089,5219,3}, {0xB08A,5222,3}, {0xB08B,5225,3}, {0xB08C,5228,3}, {0xB08D,5231,3},
    {0xB08E,5234,3}, {0xB08F,5237,3}, {0xB090,5240,3}, {0xB091,5243,3}, {0xB092,5246,3}, {0xB093,5249,3},
    {0xB094,5252,3}, {0xB095,5255,3}, {0xB096,5258,3}, {0xB097,5261,3}, {0xB098,5264,2}, {0xB099,5266,3},
    {0xB09A,5269,3}, {0xB09B,5272,3}, {0xB09C,5275,3}, {0xB09D,5278,3}, {0xB09E,5281,3}, {0xB09F,5284,3},
    {0xB0A0,5287,3}, {0xB0A1,5290,3}, {0xB0A2,5293,3}, {0xB0A3,5296,3}, {0xB0A4,5299,3}, {0xB0A5,5302,3},
    {0xB0A6,5305,3}, {0xB0A7,5308,3}, {0xB0A8,5311,3}, {0xB0A9,5314,3}, {0xB0AA,5317,3}, {0xB0AB,5320,3},
    {0xB0AC,5323,3}, {0xB0AD,5326,3}, {0xB0AE,5329,3}, {0xB0AF,5332,3}, {0xB0B0,5335,3}, {0xB0B1,5338,3},
    {0xB0B2,5341,3}, {0xB0B3,5344,3}, {0xB0B4,5347,2}, {0xB0B5,5349,3}, {0xB0B6,5352,3}, {0xB0B7,5355,3},
    {0xB0B8,5358,3}, {0xB0B9,5361,3}, {0xB0BA,5364,3}, {0xB0BB,5367,3}, {0xB0BC,5370,3}, {0xB0BD,5373,3},
    {0xB0BE,5376,3}, {0xB0BF,5379,3}, {0xB0C0,5382,3}, {0xB0C1,5385,3}, {0xB0C2,5388,3}, {0xB0C3,5391,3},
    {0xB0C4,5394,3}, {0xB0C5,5397,3}, {0xB0C6,5400,3}, {0xB0C7,5403,3}, {0xB0C8,5406,3}, {0xB0C9,5409,3},
    {0xB0CA,5412,3}, {0xB0CB,5415,3}, {0xB0CC,5418,3}, {0xB0CD,5421,3}, {0xB0CE,5424,3}, {0xB0CF,5427,3},
    {0xB0D0,5430,2}, {0xB0D1,5432,3}, {0xB0D2,5435,3}, {0xB0D3,5438,3}, {0xB0D4,5441,3}, {0xB0D5,5444,3},
    {0xB0D6,5447,3}, {0xB0D7,5450,3}, {0xB0D8,5453,3}, {0xB0D9,5456,3}, {0xB0DA,5459,3}, {0xB0DB,5462,3},
    {0xB0DC,5465,3}, {0xB0DD,5468,3}, {0xB0DE,5471,3}, {0xB0DF,5474,3}, {0xB0E0,5477,3}, {0xB0E1,5480,3},
    {0xB0E2,5483,3}, {0xB0E3,5486,3}, {0xB0E4,5489,3}, {0xB0E5,5492,3}, {0xB0E6,5495,3}, {0xB0E7,5498,3},
    {0xB0E8,5501,3}, {0xB0E9,5504,3}, {0xB0EA,5507,3}, {0xB0EB,5510,3}, {0xB0EC,5513,2}, {0xB0ED,5515,3},
    {0xB0EE,5518,3}, {0xB0EF,5521,3}, {0xB0F0,5524,3}, {0xB0F1,5527,3}, {0xB0F2,5530,3}, {0xB0F3,5533,3},
    {0xB0F4,5536,3}, {0xB0F5,5539,3}, {0xB0F6,5542,3}, {0xB0F7,5545,3}, {0xB0F8,5548,3}, {0xB0F9,5551,3},
    {0xB0FA,5554,3}, {0xB0FB,5557,3}, {0xB0FC,5560,3}, {0xB0FD,5563,3}, {0xB0FE,5566,3}, {0xB0FF,5569,3},
    {0xB100,5572,3}, {0xB101,5575,3}, {0xB102,5578,3}, {0xB103,5581,3}, {0xB104,5584,3}, {0xB105,5587,3},
    {0xB106,5590,3}, {0xB107,5593,3}, {0xB108,5596,2}, {0xB109,5598,3}, {0xB10A,5601,3}, {0xB10B,5604,3},
    {0xB10C,5607,3}, {0xB10D,5610,3}, {0xB10E,5613,3}, {0xB10F,5616,3}, {0xB110,5619,3}, {0xB111,5622,3},
    {0xB112,5625,3}, {0xB113,5628,3}, {0xB114,5631,3}, {0xB115,5634,3}, {0xB116,5637,3}, {0xB117,5640,3},
    {0xB118,5643,3}, {0xB119,5646,3}, {0xB11A,5649,3}, {0xB11B,5652,3}, {0xB11C,5655,3}, {0xB11D,5658,3},
    {0xB11E,5661,3}, {0xB11F,5664,3}, {0xB120,5667,3}, {0xB121,5670,3}, {0xB122,5673,3}, {0xB123,5676,3},
    {0xB124,5679,2}, {0xB125,5681,3}, {0xB126,5684,3}, {0xB127,5687,3}, {0xB128,5690,3}, {0xB129,5693,3},
    {0xB12A,5696,3}, {0xB12B,5699,3}, {0xB12C,5702,3}, {0xB12D,5705,3}, {0xB12E,5708,3}, {0xB12F,5711,3},
    {0xB130,5714,3}, {0xB131,5717,3}, {0xB132,5720,3}, {0xB133,5723,3}, {0xB134,5726,3}, {0xB135,5729,3},
    {0xB136,5732,3}, {0xB137,5735,3}, {0xB138,5738,3}, {0xB139,5741,3}, {0xB13A,5744,3}, {0xB13B,5747,3},
    {0xB13C,5750,3}, {0xB13D,5753,3}, {0xB13E,5756,3}, {0xB13F,5759,3}, {0xB140,5762,2}, {0xB141,5764,3},
    {0xB142,5767,3}, {0xB143,5770,3}, {0xB144,5773,3}, {0xB145,5776,3}, {0xB146,5779,3}, {0xB147,5782,3},
    {0xB148,5785,3}, {0xB149,5788,3}, {0xB14A,5791,3}, {0xB14B,5794,3}, {0xB14C,5797,3}, {0xB14D,5800,3},
    {0xB14E,5803,3}, {0xB14F,5806,3}, {0xB150,5809,3}, {0xB151,5812,3}, {0xB152,5815,3}, {0xB153,5818,3},
    {0xB154,5821,3}, {0xB155,5824,3}, {0xB156,5827,3}, {0xB157,5830,3}, {0xB158,5833,3}, {0xB159,5836,3},
    {0xB15A,5839,3}, {0xB15B,5842,3}, {0xB15C,5845,2}, {0xB15D,5847,3}, {0xB15E,5850,3}, {0xB15F,5853,3},
    {0xB160,5856,3}, {0xB161,5859,3}, {0xB162,5862,3}, {0xB163,5865,3}, {0xB164,5868,3}, {0xB165,5871,3},
    {0xB166,5874,3}, {0xB167,5877,3}, {0xB168,5880,3}, {0xB169,5883,3}, {0xB16A,5886,3}, {0xB16B,5889,3},
    {0xB16C,5892,3}, {0xB16D,5895,3}, {0xB16E,5898,3}, {0xB16F,5901,3}, {0xB170,5904,3}, {0xB171,5907,3},
    {0xB172,5910,3}, {0xB173,5913,3}, {0xB174,5916,3}, {0xB175,5919,3}, {0xB176,5922,3}, {0xB177,5925,3},
    {0xB178,5928,2}, {0xB179,5930,3}, {0xB17A,5933,3}, {0xB17B,5936,3}, {0xB17C,5939,3}, {0xB17D,5942,3},
    {0xB17E,5945,3}, {0xB17F,5948,3}, {0xB180,5951,3}, {0xB181,5954,3}, {0xB182,5957,3}, {0xB183,5960,3},
    {0xB184,5963,3}, {0xB185,5966,3}, {0xB186,5969,3}, {0xB187,5972,3}, {0xB188,5975,3}, {0xB189,5978,3},
    {0xB18A,5981,3}, {0xB18B,5984,3}, {0xB18C,5987,3}, {0xB18D,5990,3}, {0xB18E,5993,3}, {0xB18F,5996,3},
    {0xB190,5999,3}, {0xB191,6002,3}, {0xB192,6005,3}, {0xB193,6008,3}, {0xB194,6011,2}, {0xB195,6013,3},
    {0xB196,6016,3}, {0xB197,6019,3}, {0xB198,6022,3}, {0xB199,6025,3}, {0xB19A,6028,3}, {0xB19B,6031,3},
    {0xB19C,6034,3}, {0xB19D,6037,3}, {0xB19E,6040,3}, {0xB19F,6043,3}, {0xB1A0,6046,3}, {0xB1A1,6049,3},
    {0xB1A2,6052,3}, {0xB1A3,6055,3}, {0xB1A4,6058,3}, {0xB1A5,6061,3}, {0xB1A6,6064,3}, {0xB1A7,6067,3},
    {0xB1A8,6070,3}, {0xB1A9,6073,3}, {0xB1AA,6076,3}, {0xB1AB,6079,3}, {0xB1AC,6082,3}, {0xB1AD,6085,3},
    {0xB1AE,6088,3}, {0xB1AF,6091,3}, {0xB1B0,6094,2}, {0xB1B1,6096,3}, {0xB1B2,6099,3}, {0xB1B3,6102,3},
    {0xB1B4,6105,3}, {0xB1B5,6108,3}, {0xB1B6,6111,3}, {0xB1B7,6114,3}, {0xB1B8,6117,3}, {0xB1B9,6120,3},
    {0xB1BA,6123,3}, {0xB1BB,6126,3}, {0xB1BC,6129,3}, {0xB1BD,6132,3}, {0xB1BE,6135,3}, {0xB1BF,6138,3},
    {0xB1C0,6141,3}, {0xB1C1,6144,3}, {0xB1C2,6147,3}, {0xB1C3,6150,3}, {0xB1C4,6153,3}, {0xB1C5,6156,3},
    {0xB1C6,6159,3}, {0xB1C7,6162,3}, {0xB1C8,6165,3}, {0xB1C9,6168,3}, {0xB1CA,6171,3}, {0xB1CB,6174,3},
    {0xB1CC,6177,2}, {0xB1CD,6179,3}, {0xB1CE,6182,3}, {0xB1CF,6185,3}, {0xB1D0,6188,3}, {0xB1D1,6191,3},
    {0xB1D2,6194,3}, {0xB1D3,6197,3}, {0xB1D4,6200,3}, {0xB1D5,6203,3}, {0xB1D6,6206,3}, {0xB1D7,6209,3},
    {0xB1D8,6212,3}, {0xB1D9,6215,3}, {0xB1DA,6218,3}, {0xB1DB,6221,3}, {0xB1DC,6224,3}, {0xB1DD,6227,3},
    {0xB1DE,6230,3}, {0xB1DF,6233,3}, {0xB1E0,6236,3}, {0xB1E1,6239,3}, {0xB1E2,6242,3}, {0xB1E3,6245,3},
    {0xB1E4,6248,3}, {0xB1E5,6251,3}, {0xB1E6,6254,3}, {0xB1E7,6257,3}, {0xB1E8,6260,2}, {0xB1E9,6262,3},
    {0xB1EA,6265,3}, {0xB1EB,6268,3}, {0xB1EC,6271,3}, {0xB1ED,6274,3}, {0xB1EE,6277,3}, {0xB1EF,6280,3},
    {0xB1F0,6283,3}, {0xB1F1,6286,3}, {0xB1F2,6289,3}, {0xB1F3,6292,3}, {0xB1F4,6295,3}, {0xB1F5,6298,3},
    {0xB1F6,6301,3}, {0xB1F7,6304,3}, {0xB1F8,6307,3}, {0xB1F9,6310,3}, {0xB1FA,6313,3}, {0xB1FB,6316,3},
    {0xB1FC,6319,3}, {0xB1FD,6322,3}, {0xB1FE,6325,3}, {0xB1FF,6328,3}, {0xB200,6331,3}, {0xB201,6334,3},
    {0xB202,6337,3}, {0xB203,6340,3}, {0xB204,6343,2}, {0xB205,6345,3}, {0xB206,6348,3}, {0xB207,6351,3},
    {0xB208,6354,3}, {0xB209,6357,3}, {0xB20A,6360,3}, {0xB20B,6363,3}, {0xB20C,6366,3}, {0xB20D,6369,3},
    {0xB20E,6372,3}, {0xB20F,6375,3}, {0xB210,6378,3}, {0xB211,6381,3}, {0xB212,6384,3}, {0xB213,6387,3},
    {0xB214,6390,3}, {0xB215,6393,3}, {0xB216,6396,3}, {0xB217,6399,3}, {0xB218,6402,3}, {0xB219,6405,3},
    {0xB21A,6408,3}, {0xB21B,6411,3}, {0xB21C,6414,3}, {0xB21D,6417,3}, {0xB21E,6420,3}, {0xB21F,6423,3},
    {0xB220,6426,2}, {0xB221,6428,3}, {0xB222,6431,3}, {0xB223,6434,3}, {0xB224,6437,3}, {0xB225,6440,3},
    {0xB226,6443,3}, {0xB227,6446,3}, {0xB228,6449,3}, {0xB229,6452,3}, {0xB22A,6455,3}, {0xB22B,6458,3},
    {0xB22C,6461,3}, {0xB22D,6464,3}, {0xB22E,6467,3}, {0xB22F,6470,3}, {0xB230,6473,3}, {0xB231,6476,3},
    {0xB232,6479,3}, {0xB233,6482,3}, {0xB234,6485,3}, {0xB235,6488,3}, {0xB236,6491,3}, {0xB237,6494,3},
    {0xB238,6497,3}, {0xB239,6500,3}, {0xB23A,6503,3}, {0xB23B,6506,3}, {0xB23C,6509,2}, {0xB23D,6511,3},
    {0xB23E,6514,3}, {0xB23F,6517,3}, {0xB240,6520,3}, {0xB241,6523,3}, {0xB242,6526,3}, {0xB243,6529,3},
    {0xB244,6532,3}, {0xB245,6535,3}, {0xB246,6538,3}, {0xB247,6541,3}, {0xB248,6544,3}, {0xB249,6547,3},
    {0xB24A,6550,3}, {0xB24B,6553,3}, {0xB24C,6556,3}, {0xB24D,6559,3}, {0xB24E,6562,3}, {0xB24F,6565,3},
    {0xB250,6568,3}, {0xB251,6571,3}, {0xB252,6574,3}, {0xB253,6577,3}, {0xB254,6580,3}, {0xB255,6583,3},
    {0xB256,6586,3}, {0xB257,6589,3}, {0xB258,6592,2}, {0xB259,6594,3}, {0xB25A,6597,3}, {0xB25B,6600,3},
    {0xB25C,6603,3}, {0xB25D,6606,3}, {0xB25E,6609,3}, {0xB25F,6612,3}, {0xB260,6615,3}, {0xB261,6618,3},
    {0xB262,6621,3}, {0xB263,6624,3}, {0xB264,6627,3}, {0xB265,6630,3}, {0xB266,6633,3}, {0xB267,6636,3},
    {0xB268,6639,3}, {0xB269,6642,3}, {0xB26A,6645,3}, {0xB26B,6648,3}, {0xB26C,6651,3}, {0xB26D,6654,3},
    {0xB26E,6657,3}, {0xB26F,6660,3}, {0xB270,6663,3}, {0xB271,6666,3}, {0xB272,6669,3}, {0xB273,6672,3},
    {0xB274,6675,2}, {0xB275,6677,3}, {0xB276,6680,3}, {0xB277,6683,3}, {0xB278,6686,3}, {0xB279,6689,3},
    {0xB27A,6692,3}, {0xB27B,6695,3}, {0xB27C,6698,3}, {0xB27D,6701,3}, {0xB27E,6704,3}, {0xB27F,6707,3},
    {0xB280,6710,3}, {0xB281,6713,3}, {0xB282,6716,3}, {0xB283,6719,3}, {0xB284,6722,3}, {0xB285,6725,3},
    {0xB286,6728,3}, {0xB287,6731,3}, {0xB288,6734,3}, {0xB289,6737,3}, {0xB28A,6740,3}, {0xB28B,6743,3},
    {0xB28C,6746,3}, {0xB28D,6749,3}, {0xB28E,6752,3}, {0xB28F,6755,3}, {0xB290,6758,2}, {0xB291,6760,3},
    {0xB292,6763,3}, {0xB293,6766,3}, {0xB294,6769,3}, {0xB295,6772,3}, {0xB296,6775,3}, {0xB297,6778,3},
    {0xB298,6781,3}, {0xB299,6784,3}, {0xB29A,6787,3}, {0xB29B,6790,3}, {0xB29C,6793,3}, {0xB29D,6796,3},
    {0xB29E,6799,3}, {0xB29F,6802,3}, {0xB2A0,6805,3}, {0xB2A1,6808,3}, {0xB2A2,6811,3}, {0xB2A3,6814,3},
    {0xB2A4,6817,3}, {0xB2A5,6820,3}, {0xB2A6,6823,3}, {0xB2A7,6826,3}, {0xB2A8,6829,3}, {0xB2A9,6832,3},
    {0xB2AA,6835,3}, {0xB2AB,6838,3}, {0xB2AC,6841,2}, {0xB2AD,6843,3}, {0xB2AE,6846,3}, {0xB2AF,6849,3},
    {0xB2B0,6852,3}, {0xB2B1,6855,3}, {0xB2B2,6858,3}, {0xB2B3,6861,3}, {0xB2B4,6864,3}, {0xB2B5,6867,3},
    {0xB2B6,6870,3}, {0xB2B7,6873,3}, {0xB2B8,6876,3}, {0xB2B9,6879,3}, {0xB2BA,6882,3}, {0xB2BB,6885,3},
    {0xB2BC,6888,3}, {0xB2BD,6891,3}, {0xB2BE,6894,3}, {0xB2BF,6897,3}, {0xB2C0,6900,3}, {0xB2C1,6903,3},
    {0xB2C2,6906,3}, {0xB2C3,6909,3}, {0xB2C4,6912,3}, {0xB2C5,6915,3}, {0xB2C6,6918,3}, {0xB2C7,6921,3},
    {0xB2C8,6924,2}, {0xB2C9,6926,3}, {0xB2CA,6929,3}, {0xB2CB,6932,3}, {0xB2CC,6935,3}, {0xB2CD,6938,3},
    {0xB2CE,6941,3}, {0xB2CF,6944,3}, {0xB2D0,6947,3}, {0xB2D1,6950,3}, {0xB2D2,6953,3}, {0xB2D3,6956,3},
    {0xB2D4,6959,3}, {0xB2D5,6962,3}, {0xB2D6,6965,3}, {0xB2D7,6968,3}, {0xB2D8,6971,3}, {0xB2D9,6974,3},
    {0xB2DA,6977,3}, {0xB2DB,6980,3}, {0xB2DC,6983,3}, {0xB2DD,6986,3}, {0xB2DE,6989,3}, {0xB2DF,6992,3},
    {0xB2E0,6995,3}, {0xB2E1,6998,3}, {0xB2E2,7001,3}, {0xB2E3,7004,3}, {0xB2E4,7007,2}, {0xB2E5,7009,3},
    {0xB2E6,7012,3}, {0xB2E7,7015,3}, {0xB2E8,7018,3}, {0xB2E9,7021,3}, {0xB2EA,7024,3}, {0xB2EB,7027,3},
    {0xB2EC,7030,3}, {0xB2ED,7033,3}, {0xB2EE,7036,3}, {0xB2EF,7039,3}, {0xB2F0,7042,3}, {0xB2F1,7045,3},
    {0xB2F2,7048,3}, {0xB2F3,7051,3}, {0xB2F4,7054,3}, {0xB2F5,7057,3}, {0xB2F6,7060,3}, {0xB2F7,7063,3},
    {0xB2F8,7066,3}, {0xB2F9,7069,3}, {0xB2FA,7072,3}, {0xB2FB,7075,3}, {0xB2FC,7078,3}, {0xB2FD,7081,3},
    {0xB2FE,7084,3}, {0xB2FF,7087,3}, {0xB300,7090,2}, {0xB301,7092,3}, {0xB302,7095,3}, {0xB303,7098,3},
    {0xB304,7101,3}, {0xB305,7104,3}, {0xB306,7107,3}, {0xB307,7110,3}, {0xB308,7113,3}, {0xB309,7116,3},
    {0xB30A,7119,3}, {0xB30B,7122,3}, {0xB30C,7125,3}, {0xB30D,7128,3}, {0xB30E,7131,3}, {0xB30F,7134,3},
    {0xB310,7137,3}, {0xB311,7140,3}, {0xB312,7143,3}, {0xB313,7146,3}, {0xB314,7149,3}, {0xB315,7152,3},
    {0xB316,7155,3}, {0xB317,7158,3}, {0xB318,7161,3}, {0xB319,7164,3}, {0xB31A,7167,3}, {0xB31B,7170,3},
    {0xB31C,7173,2}, {0xB31D,7175,3}, {0xB31E,7178,3}, {0xB31F,7181,3}, {0xB320,7184,3}, {0xB321,7187,3},
    {0xB322,7190,3}, {0xB323,7193,3}, {0xB324,7196,3}, {0xB325,7199,3}, {0xB326,7202,3}, {0xB327,7205,3},
    {0xB328,7208,3}, {0xB329,7211,3}, {0xB32A,7214,3}, {0xB32B,7217,3}, {0xB32C,7220,3}, {0xB32D,7223,3},
    {0xB32E,7226,3}, {0xB32F,7229,3}, {0xB330,7232,3}, {0xB331,7235,3}, {0xB332,7238,3}, {0xB333,7241,3},
    {0xB334,7244,3}, {0xB335,7247,3}, {0xB336,7250,3}, {0xB337,7253,3}, {0xB338,7256,2}, {0xB339,7258,3},
    {0xB33A,7261,3}, {0xB33B,7264,3}, {0xB33C,7267,3}, {0xB33D,7270,3}, {0xB33E,7273,3}, {0xB33F,7276,3},
    {0xB340,7279,3}, {0xB341,7282,3}, {0xB342,7285,3}, {0xB343,7288,3}, {0xB344,7291,3}, {0xB345,7294,3},
    {0xB346,7297,3}, {0xB347,7300,3}, {0xB348,7303,3}, {0xB349,7306,3}, {0xB34A,7309,3}, {0xB34B,7312,3},
    {0xB34C,7315,3}, {0xB34D,7318,3}, {0xB34E,7321,3}, {0xB34F,7324,3}, {0xB350,7327,3}, {0xB351,7330,3},
    {0xB352,7333,3}, {0xB353,7336,3}, {0xB354,7339,2}, {0xB355,7341,3}, {0xB356,7344,3}, {0xB357,7347,3},
    {0xB358,7350,3}, {0xB359,7353,3}, {0xB35A,7356,3}, {0xB35B,7359,3}, {0xB35C,7362,3}, {0xB35D,7365,3},
    {0xB35E,7368,3}, {0xB35F,7371,3}, {0xB360,7374,3}, {0xB361,7377,3}, {0xB362,7380,3}, {0xB363,7383,3},
    {0xB364,7386,3}, {0xB365,7389,3}, {0xB366,7392,3}, {0xB367,7395,3}, {0xB368,7398,3}, {0xB369,7401,3},
    {0xB36A,7404,3}, {0xB36B,7407,3}, {0xB36C,7410,3}, {0xB36D,7413,3}, {0xB36E,7416,3}, {0xB36F,7419,3},
    {0xB370,7422,2}, {0xB371,7424,3}, {0xB372,7427,3}, {0xB373,7430,3}, {0xB374,7433,3}, {0xB375,7436,3},
    {0xB376,7439,3}, {0xB377,7442,3}, {0xB378,7445,3}, {0xB379,7448,3}, {0xB37A,7451,3}, {0xB37B,7454,3},
    {0xB37C,7457,3}, {0xB37D,7460,3}, {0xB37E,7463,3}, {0xB37F,7466,3}, {0xB380,7469,3}, {0xB381,7472,3},
    {0xB382,7475,3}, {0xB383,7478,3}, {0xB384,7481,3}, {0xB385,7484,3}, {0xB386,7487,3}, {0xB387,7490,3},
    {0xB388,7493,3}, {0xB389,7496,3}, {0xB38A,7499,3}, {0xB38B,7502,3}, {0xB38C,7505,2}, {0xB38D,7507,3},
    {0xB38E,7510,3}, {0xB38F,7513,3}, {0xB390,7516,3}, {0xB391,7519,3}, {0xB392,7522,3}, {0xB393,7525,3},
    {0xB394,7528,3}, {0xB395,7531,3}, {0xB396,7534,3}, {0xB397,7537,3}, {0xB398,7540,3}, {0xB399,7543,3},
    {0xB39A,7546,3}, {0xB39B,7549,3}, {0xB39C,7552,3}, {0xB39D,7555,3}, {0xB39E,7558,3}, {0xB39F,7561,3},
    {0xB3A0,7564,3}, {0xB3A1,7567,3}, {0xB3A2,7570,3}, {0xB3A3,7573,3}, {0xB3A4,7576,3}, {0xB3A5,7579,3},
    {0xB3A6,7582,3}, {0xB3A7,7585,3}, {0xB3A8,7588,2}, {0xB3A9,7590,3}, {0xB3AA,7593,3}, {0xB3AB,7596,3},
    {0xB3AC,7599,3}, {0xB3AD,7602,3}, {0xB3AE,7605,3}, {0xB3AF,7608,3}, {0xB3B0,7611,3}, {0xB3B1,7614,3},
    {0xB3B2,7617,3}, {0xB3B3,7620,3}, {0xB3B4,7623,3}, {0xB3B5,7626,3}, {0xB3B6,7629,3}, {0xB3B7,7632,3},
    {0xB3B8,7635,3}, {0xB3B9,7638,3}, {0xB3BA,7641,3}, {0xB3BB,7644,3}, {0xB3BC,7647,3}, {0xB3BD,7650,3},
    {0xB3BE,7653,3}, {0xB3BF,7656,3}, {0xB3C0,7659,3}, {0xB3C1,7662,3}, {0xB3C2,7665,3}, {0xB3C3,7668,3},
    {0xB3C4,7671,2}, {0xB3C5,7673,3}, {0xB3C6,7676,3}, {0xB3C7,7679,3}, {0xB3C8,7682,3}, {0xB3C9,7685,3},
    {0xB3CA,7688,3}, {0xB3CB,7691,3}, {0xB3CC,7694,3}, {0xB3CD,7697,3}, {0xB3CE,7700,3}, {0xB3CF,7703,3},
    {0xB3D0,7706,3}, {0xB3D1,7709,3}, {0xB3D2,7712,3}, {0xB3D3,7715,3}, {0xB3D4,7718,3}, {0xB3D5,7721,3},
    {0xB3D6,7724,3}, {0xB3D7,7727,3}, {0xB3D8,7730,3}, {0xB3D9,7733,3}, {0xB3DA,7736,3}, {0xB3DB,7739,3},
    {0xB3DC,7742,3}, {0xB3DD,7745,3}, {0xB3DE,7748,3}, {0xB3DF,7751,3}, {0xB3E0,7754,2}, {0xB3E1,7756,3},
    {0xB3E2,7759,3}, {0xB3E3,7762,3}, {0xB3E4,7765,3}, {0xB3E5,7768,3}, {0xB3E6,7771,3}, {0xB3E7,7774,3},
    {0xB3E8,7777,3}, {0xB3E9,7780,3}, {0xB3EA,7783,3}, {0xB3EB,7786,3}, {0xB3EC,7789,3}, {0xB3ED,7792,3},
    {0xB3EE,7795,3}, {0xB3EF,7798,3}, {0xB3F0,7801,3}, {0xB3F1,7804,3}, {0xB3F2,7807,3}, {0xB3F3,7810,3},
    {0xB3F4,7813,3}, {0xB3F5,7816,3}, {0xB3F6,7819,3}, {0xB3F7,7822,3}, {0xB3F8,7825,3}, {0xB3F9,7828,3},
    {0xB3FA,7831,3}, {0xB3FB,7834,3}, {0xB3FC,7837,2}, {0xB3FD,7839,3}, {0xB3FE,7842,3}, {0xB3FF,7845,3},
    {0xB400,7848,3}, {0xB401,7851,3}, {0xB402,7854,3}, {0xB403,7857,3}, {0xB404,7860,3}, {0xB405,7863,3},
    {0xB406,7866,3}, {0xB407,7869,3}, {0xB408,7872,3}, {0xB409,7875,3}, {0xB40A,7878,3}, {0xB40B,7881,3},
    {0xB40C,7884,3}, {0xB40D,7887,3}, {0xB40E,7890,3}, {0xB40F,7893,3}, {0xB410,7896,3}, {0xB411,7899,3},
    {0xB412,7902,3}, {0xB413,7905,3}, {0xB414,7908,3}, {0xB415,7911,3}, {0xB416,7914,3}, {0xB417,7917,3},
    {0xB418,7920,2}, {0xB419,7922,3}, {0xB41A,7925,3}, {0xB41B,7928,3}, {0xB41C,7931,3}, {0xB41D,7934,3},
    {0xB41E,7937,3}, {0xB41F,7940,3}, {0xB420,7943,3}, {0xB421,7946,3}, {0xB422,7949,3}, {0xB423,7952,3},
    {0xB424,7955,3}, {0xB425,7958,3}, {0xB426,7961,3}, {0xB427,7964,3}, {0xB428,7967,3}, {0xB429,7970,3},
    {0xB42A,7973,3}, {0xB42B,7976,3}, {0xB42C,7979,3}, {0xB42D,7982,3}, {0xB42E,7985,3}, {0xB42F,7988,3},
    {0xB430,7991,3}, {0xB431,7994,3}, {0xB432,7997,3}, {0xB433,8000,3}, {0xB434,8003,2}, {0xB435,8005,3},
    {0xB436,8008,3}, {0xB437,8011,3}, {0xB438,8014,3}, {0xB439,8017,3}, {0xB43A,8020,3}, {0xB43B,8023,3},
    {0xB43C,8026,3}, {0xB43D,8029,3}, {0xB43E,8032,3}, {0xB43F,8035,3}, {0xB440,8038,3}, {0xB441,8041,3},
    {0xB442,8044,3}, {0xB443,8047,3}, {0xB444,8050,3}, {0xB445,8053,3}, {0xB446,8056,3}, {0xB447,8059,3},
    {0xB448,8062,3}, {0xB449,8065,3}, {0xB44A,8068,3}, {0xB44B,8071,3}, {0xB44C,8074,3}, {0xB44D,8077,3},
    {0xB44E,8080,3}, {0xB44F,8083,3}, {0xB450,8086,2}, {0xB451,8088,3}, {0xB452,8091,3}, {0xB453,8094,3},
    {0xB454,8097,3}, {0xB455,8100,3}, {0xB456,8103,3}, {0xB457,8106,3}, {0xB458,8109,3}, {0xB459,8112,3},
    {0xB45A,8115,3}, {0xB45B,8118,3}, {0xB45C,8121,3}, {0xB45D,8124,3}, {0xB45E,8127,3}, {0xB45F,8130,3},
    {0xB460,8133,3}, {0xB461,8136,3}, {0xB462,8139,3}, {0xB463,8142,3}, {0xB464,8145,3}, {0xB465,8148,3},
    {0xB466,8151,3}, {0xB467,8154,3}, {0xB468,8157,3}, {0xB469,8160,3}, {0xB46A,8163,3}, {0xB46B,8166,3},
    {0xB46C,8169,2}, {0xB46D,8171,3}, {0xB46E,8174,3}, {0xB46F,8177,3}, {0xB470,8180,3}, {0xB471,8183,3},
    {0xB472,8186,3}, {0xB473,8189,3}, {0xB474,8192,3}, {0xB475,8195,3}, {0xB476,8198,3}, {0xB477,8201,3},
    {0xB478,8204,3}, {0xB479,8207,3}, {0xB47A,8210,3}, {0xB47B,8213,3}, {0xB47C,8216,3}, {0xB47D,8219,3},
    {0xB47E,8222,3}, {0xB47F,8225,3}, {0xB480,8228,3}, {0xB481,8231,3}, {0xB482,8234,3}, {0xB483,8237,3},
    {0xB484,8240,3}, {0xB485,8243,3}, {0xB486,8246,3}, {0xB487,8249,3}, {0xB488,8252,2}, {0xB489,8254,3},
    {0xB48A,8257,3}, {0xB48B,8260,3}, {0xB48C,8263,3}, {0xB48D,8266,3}, {0xB48E,8269,3}, {0xB48F,8272,3},
    {0xB490,8275,3}, {0xB491,8278,3}, {0xB492,8281,3}, {0xB493,8284,3}, {0xB494,8287,3}, {0xB495,8290,3},
    {0xB496,8293,3}, {0xB497,8296,3}, {0xB498,8299,3}, {0xB499,8302,3}, {0xB49A,8305,3}, {0xB49B,8308,3},
    {0xB49C,8311,3}, {0xB49D,8314,3}, {0xB49E,8317,3}, {0xB49F,8320,3}, {0xB4A0,8323,3}, {0xB4A1,8326,3},
    {0xB4A2,8329,3}, {0xB4A3,8332,3}, {0xB4A4,8335,2}, {0xB4A5,8337,3}, {0xB4A6,8340,3}, {0xB4A7,8343,3},
    {0xB4A8,8346,3}, {0xB4A9,8349,3}, {0xB4AA,8352,3}, {0xB4AB,8355,3}, {0xB4AC,8358,3}, {0xB4AD,8361,3},
    {0xB4AE,8364,3}, {0xB4AF,8367,3}, {0xB4B0,8370,3}, {0xB4B1,8373,3}, {0xB4B2,8376,3}, {0xB4B3,8379,3},
    {0xB4B4,8382,3}, {0xB4B5,8385,3}, {0xB4B6,8388,3}, {0xB4B7,8391,3}, {0xB4B8,8394,3}, {0xB4B9,8397,3},
    {0xB4BA,8400,3}, {0xB4BB,8403,3}, {0xB4BC,8406,3}, {0xB4BD,8409,3}, {0xB4BE,8412,3}, {0xB4BF,8415,3},
    {0xB4C0,8418,2}, {0xB4C1,8420,3}, {0xB4C2,8423,3}, {0xB4C3,8426,3}, {0xB4C4,8429,3}, {0xB4C5,8432,3},
    {0xB4C6,8435,3}, {0xB4C7,8438,3}, {0xB4C8,8441,3}, {0xB4C9,8444,3}, {0xB4CA,8447,3}, {0xB4CB,8450,3},
    {0xB4CC,8453,3}, {0xB4CD,8456,3}, {0xB4CE,8459,3}, {0xB4CF,8462,3}, {0xB4D0,8465,3}, {0xB4D1,8468,3},
    {0xB4D2,8471,3}, {0xB4D3,8474,3}, {0xB4D4,8477,3}, {0xB4D5,8480,3}, {0xB4D6,8483,3}, {0xB4D7,8486,3},
    {0xB4D8,8489,3}, {0xB4D9,8492,3}, {0xB4DA,8495,3}, {0xB4DB,8498,3}, {0xB4DC,8501,2}, {0xB4DD,8503,3},
    {0xB4DE,8506,3}, {0xB4DF,8509,3}, {0xB4E0,8512,3}, {0xB4E1,8515,3}, {0xB4E2,8518,3}, {0xB4E3,8521,3},
    {0xB4E4,8524,3}, {0xB4E5,8527,3}, {0xB4E6,8530,3}, {0xB4E7,8533,3}, {0xB4E8,8536,3}, {0xB4E9,8539,3},
    {0xB4EA,8542,3}, {0xB4EB,8545,3}, {0xB4EC,8548,3}, {0xB4ED,8551,3}, {0xB4EE,8554,3}, {0xB4EF,8557,3},
    {0xB4F0,8560,3}, {0xB4F1,8563,3}, {0xB4F2,8566,3}, {0xB4F3,8569,3}, {0xB4F4,8572,3}, {0xB4F5,8575,3},
    {0xB4F6,8578,3}, {0xB4F7,8581,3}, {0xB4F8,8584,2}, {0xB4F9,8586,3}, {0xB4FA,8589,3}, {0xB4FB,8592,3},
    {0xB4FC,8595,3}, {0xB4FD,8598,3}, {0xB4FE,8601,3}, {0xB4FF,8604,3}, {0xB500,8607,3}, {0xB501,8610,3},
    {0xB502,8613,3}, {0xB503,8616,3}, {0xB504,8619,3}, {0xB505,8622,3}, {0xB506,8625,3}, {0xB507,8628,3},
    {0xB508,8631,3}, {0xB509,8634,3}, {0xB50A,8637,3}, {0xB50B,8640,3}, {0xB50C,8643,3}, {0xB50D,8646,3},
    {0xB50E,8649,3}, {0xB50F,8652,3}, {0xB510,8655,3}, {0xB511,8658,3}, {0xB512,8661,3}, {0xB513,8664,3},
    {0xB514,8667,2}, {0xB515,8669,3}, {0xB516,8672,3}, {0xB517,8675,3}, {0xB518,8678,3}, {0xB519,8681,3},
    {0xB51A,8684,3}, {0xB51B,8687,3}, {0xB51C,8690,3}, {0xB51D,8693,3}, {0xB51E,8696,3}, {0xB51F,8699,3},
    {0xB520,8702,3}, {0xB521,8705,3}, {0xB522,8708,3}, {0xB523,8711,3}, {0xB524,8714,3}, {0xB525,8717,3},
    {0xB526,8720,3}, {0xB527,8723,3}, {0xB528,8726,3}, {0xB529,8729,3}, {0xB52A,8732,3}, {0xB52B,8735,3},
    {0xB52C,8738,3}, {0xB52D,8741,3}, {0xB52E,8744,3}, {0xB52F,8747,3}, {0xB530,8750,2}, {0xB531,8752,3},
    {0xB532,8755,3}, {0xB533,8758,3}, {0xB534,8761,3}, {0xB535,8764,3}, {0xB536,8767,3}, {0xB537,8770,3},
    {0xB538,8773,3}, {0xB539,8776,3}, {0xB53A,8779,3}, {0xB53B,8782,3}, {0xB53C,8785,3}, {0xB53D,8788,3},
    {0xB53E,8791,3}, {0xB53F,8794,3}, {0xB540,8797,3}, {0xB541,8800,3}, {0xB542,8803,3}, {0xB543,8806,3},
    {0xB544,8809,3}, {0xB545,8812,3}, {0xB546,8815,3}, {0xB547,8818,3}, {0xB548,8821,3}, {0xB549,8824,3},
    {0xB54A,8827,3}, {0xB54B,8830,3}, {0xB54C,8833,2}, {0xB54D,8835,3}, {0xB54E,8838,3}, {0xB54F,8841,3},
    {0xB550,8844,3}, {0xB551,8847,3}, {0xB552,8850,3}, {0xB553,8853,3}, {0xB554,8856,3}, {0xB555,8859,3},
    {0xB556,8862,3}, {0xB557,8865,3}, {0xB558,8868,3}, {0xB559,8871,3}, {0xB55A,8874,3}, {0xB55B,8877,3},
    {0xB55C,8880,3}, {0xB55D,8883,3}, {0xB55E,8886,3}, {0xB55F,8889,3}, {0xB560,8892,3}, {0xB561,8895,3},
    {0xB562,8898,3}, {0xB563,8901,3}, {0xB564,8904,3}, {0xB565,8907,3}, {0xB566,8910,3}, {0xB567,8913,3},
    {0xB568,8916,2}, {0xB569,8918,3}, {0xB56A,8921,3}, {0xB56B,8924,3}, {0xB56C,8927,3}, {0xB56D,8930,3},
    {0xB56E,8933,3}, {0xB56F,8936,3}, {0xB570,8939,3}, {0xB571,8942,3}, {0xB572,8945,3}, {0xB573,8948,3},
    {0xB574,8951,3}, {0xB575,8954,3}, {0xB576,8957,3}, {0xB577,8960,3}, {0xB578,8963,3}, {0xB579,8966,3},
    {0xB57A,8969,3}, {0xB57B,8972,3}, {0xB57C,8975,3}, {0xB57D,8978,3}, {0xB57E,8981,3}, {0xB57F,8984,3},
    {0xB580,8987,3}, {0xB581,8990,3}, {0xB582,8993,3}, {0xB583,8996,3}, {0xB584,8999,2}, {0xB585,9001,3},
    {0xB586,9004,3}, {0xB587,9007,3}, {0xB588,9010,3}, {0xB589,9013,3}, {0xB58A,9016,3}, {0xB58B,9019,3},
    {0xB58C,9022,3}, {0xB58D,9025,3}, {0xB58E,9028,3}, {0xB58F,9031,3}, {0xB590,9034,3}, {0xB591,9037,3},
    {0xB592,9040,3}, {0xB593,9043,3}, {0xB594,9046,3}, {0xB595,9049,3}, {0xB596,9052,3}, {0xB597,9055,3},
    {0xB598,9058,3}, {0xB599,9061,3}, {0xB59A,9064,3}, {0xB59B,9067,3}, {0xB59C,9070,3}, {0xB59D,9073,3},
    {0xB59E,9076,3}, {0xB59F,9079,3}, {0xB5A0,9082,2}, {0xB5A1,9084,3}, {0xB5A2,9087,3}, {0xB5A3,9090,3},
    {0xB5A4,9093,3}, {0xB5A5,9096,3}, {0xB5A6,9099,3}, {0xB5A7,9102,3}, {0xB5A8,9105,3}, {0xB5A9,9108,3},
    {0xB5AA,9111,3}, {0xB5AB,9114,3}, {0xB5AC,9117,3}, {0xB5AD,9120,3}, {0xB5AE,9123,3}, {0xB5AF,9126,3},
    {0xB5B0,9129,3}, {0xB5B1,9132,3}, {0xB5B2,9135,3}, {0xB5B3,9138,3}, {0xB5B4,9141,3}, {0xB5B5,9144,3},
    {0xB5B6,9147,3}, {0xB5B7,9150,3}, {0xB5B8,9153,3}, {0xB5B9,9156,3}, {0xB5BA,9159,3}, {0xB5BB,9162,3},
    {0xB5BC,9165,2}, {0xB5BD,9167,3}, {0xB5BE,9170,3}, {0xB5BF,9173,3}, {0xB5C0,9176,3}, {0xB5C1,9179,3},
    {0xB5C2,9182,3}, {0xB5C3,9185,3}, {0xB5C4,9188,3}, {0xB5C5,9191,3}, {0xB5C6,9194,3}, {0xB5C7,9197,3},
    {0xB5C8,9200,3}, {0xB5C9,9203,3}, {0xB5CA,9206,3}, {0xB5CB,9209,3}, {0xB5CC,9212,3}, {0xB5CD,9215,3},
    {0xB5CE,9218,3}, {0xB5CF,9221,3}, {0xB5D0,9224,3}, {0xB5D1,9227,3}, {0xB5D2,9230,3}, {0xB5D3,9233,3},
    {0xB5D4,9236,3}, {0xB5D5,9239,3}, {0xB5D6,9242,3}, {0xB5D7,9245,3}, {0xB5D8,9248,2}, {0xB5D9,9250,3},
    {0xB5DA,9253,3}, {0xB5DB,9256,3}, {0xB5DC,9259,3}, {0xB5DD,9262,3}, {0xB5DE,9265,3}, {0xB5DF,9268,3},
    {0xB5E0,9271,3}, {0xB5E1,9274,3}, {0xB5E2,9277,3}, {0xB5E3,9280,3}, {0xB5E4,9283,3}, {0xB5E5,9286,3},
    {0xB5E6,9289,3}, {0xB5E7,9292,3}, {0xB5E8,9295,3}, {0xB5E9,9298,3}, {0xB5EA,9301,3}, {0xB5EB,9304,3},
    {0xB5EC,9307,3}, {0xB5ED,9310,3}, {0xB5EE,9313,3}, {0xB5EF,9316,3}, {0xB5F0,9319,3}, {0xB5F1,9322,3},
    {0xB5F2,9325,3}, {0xB5F3,9328,3}, {0xB5F4,9331,2}, {0xB5F5,9333,3}, {0xB5F6,9336,3}, {0xB5F7,9339,3},
    {0xB5F8,9342,3}, {0xB5F9,9345,3}, {0xB5FA,9348,3}, {0xB5FB,9351,3}, {0xB5FC,9354,3}, {0xB5FD,9357,3},
    {0xB5FE,9360,3}, {0xB5FF,9363,3}, {0xB600,9366,3}, {0xB601,9369,3}, {0xB602,9372,3}, {0xB603,9375,3},
    {0xB604,9378,3}, {0xB605,9381,3}, {0xB606,9384,3}, {0xB607,9387,3}, {0xB608,9390,3}, {0xB609,9393,3},
    {0xB60A,9396,3}, {0xB60B,9399,3}, {0xB60C,9402,3}, {0xB60D,9405,3}, {0xB60E,9408,3}, {0xB60F,9411,3},
    {0xB610,9414,2}, {0xB611,9416,3}, {0xB612,9419,3}, {0xB613,9422,3}, {0xB614,9425,3}, {0xB615,9428,3},
    {0xB616,9431,3}, {0xB617,9434,3}, {0xB618,9437,3}, {0xB619,9440,3}, {0xB61A,9443,3}, {0xB61B,9446,3},
    {0xB61C,9449,3}, {0xB61D,9452,3}, {0xB61E,9455,3}, {0xB61F,9458,3}, {0xB620,9461,3}, {0xB621,9464,3},
    {0xB622,9467,3}, {0xB623,9470,3}, {0xB624,9473,3}, {0xB625,9476,3}, {0xB626,9479,3}, {0xB627,9482,3},
    {0xB628,9485,3}, {0xB629,9488,3}, {0xB62A,9491,3}, {0xB62B,9494,3}, {0xB62C,9497,2}, {0xB62D,9499,3},
    {0xB62E,9502,3}, {0xB62F,9505,3}, {0xB630,9508,3}, {0xB631,9511,3}, {0xB632,9514,3}, {0xB633,9517,3},
    {0xB634,9520,3}, {0xB635,9523,3}, {0xB636,9526,3}, {0xB637,9529,3}, {0xB638,9532,3}, {0xB639,9535,3},
    {0xB63A,9538,3}, {0xB63B,9541,3}, {0xB63C,9544,3}, {0xB63D,9547,3}, {0xB63E,9550,3}, {0xB63F,9553,3},
    {0xB640,9556,3}, {0xB641,9559,3}, {0xB642,9562,3}, {0xB643,9565,3}, {0xB644,9568,3}, {0xB645,9571,3},
    {0xB646,9574,3}, {0xB647,9577,3}, {0xB648,9580,2}, {0xB649,9582,3}, {0xB64A,9585,3}, {0xB64B,9588,3},
    {0xB64C,9591,3}, {0xB64D,9594,3}, {0xB64E,9597,3}, {0xB64F,9600,3}, {0xB650,9603,3}, {0xB651,9606,3},
    {0xB652,9609,3}, {0xB653,9612,3}, {0xB654,9615,3}, {0xB655,9618,3}, {0xB656,9621,3}, {0xB657,9624,3},
    {0xB658,9627,3}, {0xB659,9630,3}, {0xB65A,9633,3}, {0xB65B,9636,3}, {0xB65C,9639,3}, {0xB65D,9642,3},
    {0xB65E,9645,3}, {0xB65F,9648,3}, {0xB660,9651,3}, {0xB661,9654,3}, {0xB662,9657,3}, {0xB663,9660,3},
    {0xB664,9663,2}, {0xB665,9665,3}, {0xB666,9668,3}, {0xB667,9671,3}, {0xB668,9674,3}, {0xB669,9677,3},
    {0xB66A,9680,3}, {0xB66B,9683,3}, {0xB66C,9686,3}, {0xB66D,9689,3}, {0xB66E,9692,3}, {0xB66F,9695,3},
    {0xB670,9698,3}, {0xB671,9701,3}, {0xB672,9704,3}, {0xB673,9707,3}, {0xB674,9710,3}, {0xB675,9713,3},
    {0xB676,9716,3}, {0xB677,9719,3}, {0xB678,9722,3}, {0xB679,9725,3}, {0xB67A,9728,3}, {0xB67B,9731,3},
    {0xB67C,9734,3}, {0xB67D,9737,3}, {0xB67E,9740,3}, {0xB67F,9743,3}, {0xB680,9746,2}, {0xB681,9748,3},
    {0xB682,9751,3}, {0xB683,9754,3}, {0xB684,9757,3}, {0xB685,9760,3}, {0xB686,9763,3}, {0xB687,9766,3},
    {0xB688,9769,3}, {0xB689,9772,3}, {0xB68A,9775,3}, {0xB68B,9778,3}, {0xB68C,9781,3}, {0xB68D,9784,3},
    {0xB68E,9787,3}, {0xB68F,9790,3}, {0xB690,9793,3}, {0xB691,9796,3}, {0xB692,9799,3}, {0xB693,9802,3},
    {0xB694,9805,3}, {0xB695,9808,3}, {0xB696,9811,3}, {0xB697,9814,3}, {0xB698,9817,3}, {0xB699,9820,3},
    {0xB69A,9823,3}, {0xB69B,9826,3}, {0xB69C,9829,2}, {0xB69D,9831,3}, {0xB69E,9834,3}, {0xB69F,9837,3},
    {0xB6A0,9840,3}, {0xB6A1,9843,3}, {0xB6A2,9846,3}, {0xB6A3,9849,3}, {0xB6A4,9852,3}, {0xB6A5,9855,3},
    {0xB6A6,9858,3}, {0xB6A7,9861,3}, {0xB6A8,9864,3}, {0xB6A9,9867,3}, {0xB6AA,9870,3}, {0xB6AB,9873,3},
    {0xB6AC,9876,3}, {0xB6AD,9879,3}, {0xB6AE,9882,3}, {0xB6AF,9885,3}, {0xB6B0,9888,3}, {0xB6B1,9891,3},
    {0xB6B2,9894,3}, {0xB6B3,9897,3}, {0xB6B4,9900,3}, {0xB6B5,9903,3}, {0xB6B6,9906,3}, {0xB6B7,9909,3},
    {0xB6B8,9912,2}, {0xB6B9,9914,3}, {0xB6BA,9917,3}, {0xB6BB,9920,3}, {0xB6BC,9923,3}, {0xB6BD,9926,3},
    {0xB6BE,9929,3}, {0xB6BF,9932,3}, {0xB6C0,9935,3}, {0xB6C1,9938,3}, {0xB6C2,9941,3}, {0xB6C3,9944,3},
    {0xB6C4,9947,3}, {0xB6C5,9950,3}, {0xB6C6,9953,3}, {0xB6C7,9956,3}, {0xB6C8,9959,3}, {0xB6C9,9962,3},
    {0xB6CA,9965,3}, {0xB6CB,9968,3}, {0xB6CC,9971,3}, {0xB6CD,9974,3}, {0xB6CE,9977,3}, {0xB6CF,9980,3},
    {0xB6D0,9983,3}, {0xB6D1,9986,3}, {0xB6D2,9989,3}, {0xB6D3,9992,3}, {0xB6D4,9995,2}, {0xB6D5,9997,3},
    {0xB6D6,10000,3}, {0xB6D7,10003,3}, {0xB6D8,10006,3}, {0xB6D9,10009,3}, {0xB6DA,10012,3}, {0xB6DB,10015,3},
    {0xB6DC,10018,3}, {0xB6DD,10021,3}, {0xB6DE,10024,3}, {0xB6DF,10027,3}, {0xB6E0,10030,3}, {0xB6E1,10033,3},
    {0xB6E2,10036,3}, {0xB6E3,10039,3}, {0xB6E4,10042,3}, {0xB6E5,10045,3}, {0xB6E6,10048,3}, {0xB6E7,10051,3},
    {0xB6E8,10054,3}, {0xB6E9,10057,3}, {0xB6EA,10060,3}, {0xB6EB,10063,3}, {0xB6EC,10066,3}, {0xB6ED,10069,3},
    {0xB6EE,10072,3}, {0xB6EF,10075,3}, {0xB6F0,10078,2}, {0xB6F1,10080,3}, {0xB6F2,10083,3}, {0xB6F3,10086,3},
    {0xB6F4,10089,3}, {0xB6F5,10092,3}, {0xB6F6,10095,3}, {0xB6F7,10098,3}, {0xB6F8,10101,3}, {0xB6F9,10104,3},
    {0xB6FA,10107,3}, {0xB6FB,10110,3}, {0xB6FC,10113,3}, {0xB6FD,10116,3}, {0xB6FE,10119,3}, {0xB6FF,10122,3},
    {0xB700,10125,3}, {0xB701,10128,3}, {0xB702,10131,3}, {0xB703,10134,3}, {0xB704,10137,3}, {0xB705,10140,3},
    {0xB706,10143,3}, {0xB707,10146,3}, {0xB708,10149,3}, {0xB709,10152,3}, {0xB70A,10155,3}, {0xB70B,10158,3},
    {0xB70C,10161,2}, {0xB70D,10163,3}, {0xB70E,10166,3}, {0xB70F,10169,3}, {0xB710,10172,3}, {0xB711,10175,3},
    {0xB712,10178,3}, {0xB713,10181,3}, {0xB714,10184,3}, {0xB715,10187,3}, {0xB716,10190,3}, {0xB717,10193,3},
    {0xB718,10196,3}, {0xB719,10199,3}, {0xB71A,10202,3}, {0xB71B,10205,3}, {0xB71C,10208,3}, {0xB71D,10211,3},
    {0xB71E,10214,3}, {0xB71F,10217,3}, {0xB720,10220,3}, {0xB721,10223,3}, {0xB722,10226,3}, {0xB723,10229,3},
    {0xB724,10232,3}, {0xB725,10235,3}, {0xB726,10238,3}, {0xB727,10241,3}, {0xB728,10244,2}, {0xB729,10246,3},
    {0xB72A,10249,3}, {0xB72B,10252,3}, {0xB72C,10255,3}, {0xB72D,10258,3}, {0xB72E,10261,3}, {0xB72F,10264,3},
    {0xB730,10267,3}, {0xB731,10270,3}, {0xB732,10273,3}, {0xB733,10276,3}, {0xB734,10279,3}, {0xB735,10282,3},
    {0xB736,10285,3}, {0xB737,10288,3}, {0xB738,10291,3}, {0xB739,10294,3}, {0xB73A,10297,3}, {0xB73B,10300,3},
    {0xB73C,10303,3}, {0xB73D,10306,3}, {0xB73E,10309,3}, {0xB73F,10312,3}, {0xB740,10315,3}, {0xB741,10318,3},
    {0xB742,10321,3}, {0xB743,10324,3}, {0xB744,10327,2}, {0xB745,10329,3}, {0xB746,10332,3}, {0xB747,10335,3},
    {0xB748,10338,3}, {0xB749,10341,3}, {0xB74A,10344,3}, {0xB74B,10347,3}, {0xB74C,10350,3}, {0xB74D,10353,3},
    {0xB74E,10356,3}, {0xB74F,10359,3}, {0xB750,10362,3}, {0xB751,10365,3}, {0xB752,10368,3}, {0xB753,10371,3},
    {0xB754,10374,3}, {0xB755,10377,3}, {0xB756,10380,3}, {0xB757,10383,3}, {0xB758,10386,3}, {0xB759,10389,3},
    {0xB75A,10392,3}, {0xB75B,10395,3}, {0xB75C,10398,3}, {0xB75D,10401,3}, {0xB75E,10404,3}, {0xB75F,10407,3},
    {0xB760,10410,2}, {0xB761,10412,3}, {0xB762,10415,3}, {0xB763,10418,3}, {0xB764,10421,3}, {0xB765,10424,3},
    {0xB766,10427,3}, {0xB767,10430,3}, {0xB768,10433,3}, {0xB769,10436,3}, {0xB76A,10439,3}, {0xB76B,10442,3},
    {0xB76C,10445,3}, {0xB76D,10448,3}, {0xB76E,10451,3}, {0xB76F,10454,3}, {0xB770,10457,3}, {0xB771,10460,3},
    {0xB772,10463,3}, {0xB773,10466,3}, {0xB774,10469,3}, {0xB775,10472,3}, {0xB776,10475,3}, {0xB777,10478,3},
    {0xB778,10481,3}, {0xB779,10484,3}, {0xB77A,10487,3}, {0xB77B,10490,3}, {0xB77C,10493,2}, {0xB77D,10495,3},
    {0xB77E,10498,3}, {0xB77F,10501,3}, {0xB780,10504,3}, {0xB781,10507,3}, {0xB782,10510,3}, {0xB783,10513,3},
    {0xB784,10516,3}, {0xB785,10519,3}, {0xB786,10522,3}, {0xB787,10525,3}, {0xB788,10528,3}, {0xB789,10531,3},
    {0xB78A,10534,3}, {0xB78B,10537,3}, {0xB78C,10540,3}, {0xB78D,10543,3}, {0xB78E,10546,3}, {0xB78F,10549,3},
    {0xB790,10552,3}, {0xB791,10555,3}, {0xB792,10558,3}, {0xB793,10561,3}, {0xB794,10564,3}, {0xB795,10567,3},
    {0xB796,10570,3}, {0xB797,10573,3}, {0xB798,10576,2}, {0xB799,10578,3}, {0xB79A,10581,3}, {0xB79B,10584,3},
    {0xB79C,10587,3}, {0xB79D,10590,3}, {0xB79E,10593,3}, {0xB79F,10596,3}, {0xB7A0,10599,3}, {0xB7A1,10602,3},
    {0xB7A2,10605,3}, {0xB7A3,10608,3}, {0xB7A4,10611,3}, {0xB7A5,10614,3}, {0xB7A6,10617,3}, {0xB7A7,10620,3},
    {0xB7A8,10623,3}, {0xB7A9,10626,3}, {0xB7AA,10629,3}, {0xB7AB,10632,3}, {0xB7AC,10635,3}, {0xB7AD,10638,3},
    {0xB7AE,10641,3}, {0xB7AF,10644,3}, {0xB7B0,10647,3}, {0xB7B1,10650,3}, {0xB7B2,10653,3}, {0xB7B3,10656,3},
    {0xB7B4,10659,2}, {0xB7B5,10661,3}, {0xB7B6,10664,3}, {0xB7B7,10667,3}, {0xB7B8,10670,3}, {0xB7B9,10673,3},
    {0xB7BA,10676,3}, {0xB7BB,10679,3}, {0xB7BC,10682,3}, {0xB7BD,10685,3}, {0xB7BE,10688,3}, {0xB7BF,10691,3},
    {0xB7C0,10694,3}, {0xB7C1,10697,3}, {0xB7C2,10700,3}, {0xB7C3,10703,3}, {0xB7C4,10706,3}, {0xB7C5,10709,3},
    {0xB7C6,10712,3}, {0xB7C7,10715,3}, {0xB7C8,10718,3}, {0xB7C9,10721,3}, {0xB7CA,10724,3}, {0xB7CB,10727,3},
    {0xB7CC,10730,3}, {0xB7CD,10733,3}, {0xB7CE,10736,3}, {0xB7CF,10739,3}, {0xB7D0,10742,2}, {0xB7D1,10744,3},
    {0xB7D2,10747,3}, {0xB7D3,10750,3}, {0xB7D4,10753,3}, {0xB7D5,10756,3}, {0xB7D6,10759,3}, {0xB7D7,10762,3},
    {0xB7D8,10765,3}, {0xB7D9,10768,3}, {0xB7DA,10771,3}, {0xB7DB,10774,3}, {0xB7DC,10777,3}, {0xB7DD,10780,3},
    {0xB7DE,10783,3}, {0xB7DF,10786,3}, {0xB7E0,10789,3}, {0xB7E1,10792,3}, {0xB7E2,10795,3}, {0xB7E3,10798,3},
    {0xB7E4,10801,3}, {0xB7E5,10804,3}, {0xB7E6,10807,3}, {0xB7E7,10810,3}, {0xB7E8,10813,3}, {0xB7E9,10816,3},
    {0xB7EA,10819,3}, {0xB7EB,10822,3}, {0xB7EC,10825,2}, {0xB7ED,10827,3}, {0xB7EE,10830,3}, {0xB7EF,10833,3},
    {0xB7F0,10836,3}, {0xB7F1,10839,3}, {0xB7F2,10842,3}, {0xB7F3,10845,3}, {0xB7F4,10848,3}, {0xB7F5,10851,3},
    {0xB7F6,10854,3}, {0xB7F7,10857,3}, {0xB7F8,10860,3}, {0xB7F9,10863,3}, {0xB7FA,10866,3}, {0xB7FB,10869,3},
    {0xB7FC,10872,3}, {0xB7FD,10875,3}, {0xB7FE,10878,3}, {0xB7FF,10881,3}, {0xB800,10884,3}, {0xB801,10887,3},
    {0xB802,10890,3}, {0xB803,10893,3}, {0xB804,10896,3}, {0xB805,10899,3}, {0xB806,10902,3}, {0xB807,10905,3},
    {0xB808,10908,2}, {0xB809,10910,3}, {0xB80A,10913,3}, {0xB80B,10916,3}, {0xB80C,10919,3}, {0xB80D,10922,3},
    {0xB80E,10925,3}, {0xB80F,10928,3}, {0xB810,10931,3}, {0xB811,10934,3}, {0xB812,10937,3}, {0xB813,10940,3},
    {0xB814,10943,3}, {0xB815,10946,3}, {0xB816,10949,3}, {0xB817,10952,3}, {0xB818,10955,3}, {0xB819,10958,3},
    {0xB81A,10961,3}, {0xB81B,10964,3}, {0xB81C,10967,3}, {0xB81D,10970,3}, {0xB81E,10973,3}, {0xB81F,10976,3},
    {0xB820,10979,3}, {0xB821,10982,3}, {0xB822,10985,3}, {0xB823,10988,3}, {0xB824,10991,2}, {0xB825,10993,3},
    {0xB826,10996,3}, {0xB827,10999,3}, {0xB828,11002,3}, {0xB829,11005,3}, {0xB82A,11008,3}, {0xB82B,11011,3},
    {0xB82C,11014,3}, {0xB82D,11017,3}, {0xB82E,11020,3}, {0xB82F,11023,3}, {0xB830,11026,3}, {0xB831,11029,3},
    {0xB832,11032,3}, {0xB833,11035,3}, {0xB834,11038,3}, {0xB835,11041,3}, {0xB836,11044,3}, {0xB837,11047,3},
    {0xB838,11050,3}, {0xB839,11053,3}, {0xB83A,11056,3}, {0xB83B,11059,3}, {0xB83C,11062,3}, {0xB83D,11065,3},
    {0xB83E,11068,3}, {0xB83F,11071,3}, {0xB840,11074,2}, {0xB841,11076,3}, {0xB842,11079,3}, {0xB843,11082,3},
    {0xB844,11085,3}, {0xB845,11088,3}, {0xB846,11091,3}, {0xB847,11094,3}, {0xB848,11097,3}, {0xB849,11100,3},
    {0xB84A,11103,3}, {0xB84B,11106,3}, {0xB84C,11109,3}, {0xB84D,11112,3}, {0xB84E,11115,3}, {0xB84F,11118,3},
    {0xB850,11121,3}, {0xB851,11124,3}, {0xB852,11127,3}, {0xB853,11130,3}, {0xB854,11133,3}, {0xB855,11136,3},
    {0xB856,11139,3}, {0xB857,11142,3}, {0xB858,11145,3}, {0xB859,11148,3}, {0xB85A,11151,3}, {0xB85B,11154,3},
    {0xB85C,11157,2}, {0xB85D,11159,3}, {0xB85E,11162,3}, {0xB85F,11165,3}, {0xB860,11168,3}, {0xB861,11171,3},
    {0xB862,11174,3}, {0xB863,11177,3}, {0xB864,11180,3}, {0xB865,11183,3}, {0xB866,11186,3}, {0xB867,11189,3},
    {0xB868,11192,3}, {0xB869,11195,3}, {0xB86A,11198,3}, {0xB86B,11201,3}, {0xB86C,11204,3}, {0xB86D,11207,3},
    {0xB86E,11210,3}, {0xB86F,11213,3}, {0xB870,11216,3}, {0xB871,11219,3}, {0xB872,11222,3}, {0xB873,11225,3},
    {0xB874,11228,3}, {0xB875,11231,3}, {0xB876,11234,3}, {0xB877,11237,3}, {0xB878,11240,2}, {0xB879,11242,3},
    {0xB87A,11245,3}, {0xB87B,11248,3}, {0xB87C,11251,3}, {0xB87D,11254,3}, {0xB87E,11257,3}, {0xB87F,11260,3},
    {0xB880,11263,3}, {0xB881,11266,3}, {0xB882,11269,3}, {0xB883,11272,3}, {0xB884,11275,3}, {0xB885,11278,3},
    {0xB886,11281,3}, {0xB887,11284,3}, {0xB888,11287,3}, {0xB889,11290,3}, {0xB88A,11293,3}, {0xB88B,11296,3},
    {0xB88C,11299,3}, {0xB88D,11302,3}, {0xB88E,11305,3}, {0xB88F,11308,3}, {0xB890,11311,3}, {0xB891,11314,3},
    {0xB892,11317,3}, {0xB893,11320,3}, {0xB894,11323,2}, {0xB895,11325,3}, {0xB896,11328,3}, {0xB897,11331,3},
    {0xB898,11334,3}, {0xB899,11337,3}, {0xB89A,11340,3}, {0xB89B,11343,3}, {0xB89C,11346,3}, {0xB89D,11349,3},
    {0xB89E,11352,3}, {0xB89F,11355,3}, {0xB8A0,11358,3}, {0xB8A1,11361,3}, {0xB8A2,11364,3}, {0xB8A3,11367,3},
    {0xB8A4,11370,3}, {0xB8A5,11373,3}, {0xB8A6,11376,3}, {0xB8A7,11379,3}, {0xB8A8,11382,3}, {0xB8A9,11385,3},
    {0xB8AA,11388,3}, {0xB8AB,11391,3}, {0xB8AC,11394,3}, {0xB8AD,11397,3}, {0xB8AE,11400,3}, {0xB8AF,11403,3},
    {0xB8B0,11406,2}, {0xB8B1,11408,3}, {0xB8B2,11411,3}, {0xB8B3,11414,3}, {0xB8B4,11417,3}, {0xB8B5,11420,3},
    {0xB8B6,11423,3}, {0xB8B7,11426,3}, {0xB8B8,11429,3}, {0xB8B9,11432,3}, {0xB8BA,11435,3}, {0xB8BB,11438,3},
    {0xB8BC,11441,3}, {0xB8BD,11444,3}, {0xB8BE,11447,3}, {0xB8BF,11450,3}, {0xB8C0,11453,3}, {0xB8C1,11456,3},
    {0xB8C2,11459,3}, {0xB8C3,11462,3}, {0xB8C4,11465,3}, {0xB8C5,11468,3}, {0xB8C6,11471,3}, {0xB8C7,11474,3},
    {0xB8C8,11477,3}, {0xB8C9,11480,3}, {0xB8CA,11483,3}, {0xB8CB,11486,3}, {0xB8CC,11489,2}, {0xB8CD,11491,3},
    {0xB8CE,11494,3}, {0xB8CF,11497,3}, {0xB8D0,11500,3}, {0xB8D1,11503,3}, {0xB8D2,11506,3}, {0xB8D3,11509,3},
    {0xB8D4,11512,3}, {0xB8D5,11515,3}, {0xB8D6,11518,3}, {0xB8D7,11521,3}, {0xB8D8,11524,3}, {0xB8D9,11527,3},
    {0xB8DA,11530,3}, {0xB8DB,11533,3}, {0xB8DC,11536,3}, {0xB8DD,11539,3}, {0xB8DE,11542,3}, {0xB8DF,11545,3},
    {0xB8E0,11548,3}, {0xB8E1,11551,3}, {0xB8E2,11554,3}, {0xB8E3,11557,3}, {0xB8E4,11560,3}, {0xB8E5,11563,3},
    {0xB8E6,11566,3}, {0xB8E7,11569,3}, {0xB8E8,11572,2}, {0xB8E9,11574,3}, {0xB8EA,11577,3}, {0xB8EB,11580,3},
    {0xB8EC,11583,3}, {0xB8ED,11586,3}, {0xB8EE,11589,3}, {0xB8EF,11592,3}, {0xB8F0,11595,3}, {0xB8F1,11598,3},
    {0xB8F2,11601,3}, {0xB8F3,11604,3}, {0xB8F4,11607,3}, {0xB8F5,11610,3}, {0xB8F6,11613,3}, {0xB8F7,11616,3},
    {0xB8F8,11619,3}, {0xB8F9,11622,3}, {0xB8FA,11625,3}, {0xB8FB,11628,3}, {0xB8FC,11631,3}, {0xB8FD,11634,3},
    {0xB8FE,11637,3}, {0xB8FF,11640,3}, {0xB900,11643,3}, {0xB901,11646,3}, {0xB902,11649,3}, {0xB903,11652,3},
    {0xB904,11655,2}, {0xB905,11657,3}, {0xB906,11660,3}, {0xB907,11663,3}, {0xB908,11666,3}, {0xB909,11669,3},
    {0xB90A,11672,3}, {0xB90B,11675,3}, {0xB90C,11678,3}, {0xB90D,11681,3}, {0xB90E,11684,3}, {0xB90F,11687,3},
    {0xB910,11690,3}, {0xB911,11693,3}, {0xB912,11696,3}, {0xB913,11699,3}, {0xB914,11702,3}, {0xB915,11705,3},
    {0xB916,11708,3}, {0xB917,11711,3}, {0xB918,11714,3}, {0xB919,11717,3}, {0xB91A,11720,3}, {0xB91B,11723,3},
    {0xB91C,11726,3}, {0xB91D,11729,3}, {0xB91E,11732,3}, {0xB91F,11735,3}, {0xB920,11738,2}, {0xB921,11740,3},
    {0xB922,11743,3}, {0xB923,11746,3}, {0xB924,11749,3}, {0xB925,11752,3}, {0xB926,11755,3}, {0xB927,11758,3},
    {0xB928,11761,3}, {0xB929,11764,3}, {0xB92A,11767,3}, {0xB92B,11770,3}, {0xB92C,11773,3}, {0xB92D,11776,3},
    {0xB92E,11779,3}, {0xB92F,11782,3}, {0xB930,11785,3}, {0xB931,11788,3}, {0xB932,11791,3}, {0xB933,11794,3},
    {0xB934,11797,3}, {0xB935,11800,3}, {0xB936,11803,3}, {0xB937,11806,3}, {0xB938,11809,3}, {0xB939,11812,3},
    {0xB93A,11815,3}, {0xB93B,11818,3}, {0xB93C,11821,2}, {0xB93D,11823,3}, {0xB93E,11826,3}, {0xB93F,11829,3},
    {0xB940,11832,3}, {0xB941,11835,3}, {0xB942,11838,3}, {0xB943,11841,3}, {0xB944,11844,3}, {0xB945,11847,3},
    {0xB946,11850,3}, {0xB947,11853,3}, {0xB948,11856,3}, {0xB949,11859,3}, {0xB94A,11862,3}, {0xB94B,11865,3},
    {0xB94C,11868,3}, {0xB94D,11871,3}, {0xB94E,11874,3}, {0xB94F,11877,3}, {0xB950,11880,3}, {0xB951,11883,3},
    {0xB952,11886,3}, {0xB953,11889,3}, {0xB954,11892,3}, {0xB955,11895,3}, {0xB956,11898,3}, {0xB957,11901,3},
    {0xB958,11904,2}, {0xB959,11906,3}, {0xB95A,11909,3}, {0xB95B,11912,3}, {0xB95C,11915,3}, {0xB95D,11918,3},
    {0xB95E,11921,3}, {0xB95F,11924,3}, {0xB960,11927,3}, {0xB961,11930,3}, {0xB962,11933,3}, {0xB963,11936,3},
    {0xB964,11939,3}, {0xB965,11942,3}, {0xB966,11945,3}, {0xB967,11948,3}, {0xB968,11951,3}, {0xB969,11954,3},
    {0xB96A,11957,3}, {0xB96B,11960,3}, {0xB96C,11963,3}, {0xB96D,11966,3}, {0xB96E,11969,3}, {0xB96F,11972,3},
    {0xB970,11975,3}, {0xB971,11978,3}, {0xB972,11981,3}, {0xB973,11984,3}, {0xB974,11987,2}, {0xB975,11989,3},
    {0xB976,11992,3}, {0xB977,11995,3}, {0xB978,11998,3}, {0xB979,12001,3}, {0xB97A,12004,3}, {0xB97B,12007,3},
    {0xB97C,12010,3}, {0xB97D,12013,3}, {0xB97E,12016,3}, {0xB97F,12019,3}, {0xB980,12022,3}, {0xB981,12025,3},
    {0xB982,12028,3}, {0xB983,12031,3}, {0xB984,12034,3}, {0xB985,12037,3}, {0xB986,12040,3}, {0xB987,12043,3},
    {0xB988,12046,3}, {0xB989,12049,3}, {0xB98A,12052,3}, {0xB98B,12055,3}, {0xB98C,12058,3}, {0xB98D,12061,3},
    {0xB98E,12064,3}, {0xB98F,12067,3}, {0xB990,12070,2}, {0xB991,12072,3}, {0xB992,12075,3}, {0xB993,12078,3},
    {0xB994,12081,3}, {0xB995,12084,3}, {0xB996,12087,3}, {0xB997,12090,3}, {0xB998,12093,3}, {0xB999,12096,3},
    {0xB99A,12099,3}, {0xB99B,12102,3}, {0xB99C,12105,3}, {0xB99D,12108,3}, {0xB99E,12111,3}, {0xB99F,12114,3},
    {0xB9A0,12117,3}, {0xB9A1,12120,3}, {0xB9A2,12123,3}, {0xB9A3,12126,3}, {0xB9A4,12129,3}, {0xB9A5,12132,3},
    {0xB9A6,12135,3}, {0xB9A7,12138,3}, {0xB9A8,12141,3}, {0xB9A9,12144,3}, {0xB9AA,12147,3}, {0xB9AB,12150,3},
    {0xB9AC,12153,2}, {0xB9AD,12155,3}, {0xB9AE,12158,3}, {0xB9AF,12161,3}, {0xB9B0,12164,3}, {0xB9B1,12167,3},
    {0xB9B2,12170,3}, {0xB9B3,12173,3}, {0xB9B4,12176,3}, {0xB9B5,12179,3}, {0xB9B6,12182,3}, {0xB9B7,12185,3},
    {0xB9B8,12188,3}, {0xB9B9,12191,3}, {0xB9BA,12194,3}, {0xB9BB,12197,3}, {0xB9BC,12200,3}, {0xB9BD,12203,3},
    {0xB9BE,12206,3}, {0xB9BF,12209,3}, {0xB9C0,12212,3}, {0xB9C1,12215,3}, {0xB9C2,12218,3}, {0xB9C3,12221,3},
    {0xB9C4,12224,3}, {0xB9C5,12227,3}, {0xB9C6,12230,3}, {0xB9C7,12233,3}, {0xB9C8,12236,2}, {0xB9C9,12238,3},
    {0xB9CA,12241,3}, {0xB9CB,12244,3}, {0xB9CC,12247,3}, {0xB9CD,12250,3}, {0xB9CE,12253,3}, {0xB9CF,12256,3},
    {0xB9D0,12259,3}, {0xB9D1,12262,3}, {0xB9D2,12265,3}, {0xB9D3,12268,3}, {0xB9D4,12271,3}, {0xB9D5,12274,3},
    {0xB9D6,12277,3}, {0xB9D7,12280,3}, {0xB9D8,12283,3}, {0xB9D9,12286,3}, {0xB9DA,12289,3}, {0xB9DB,12292,3},
    {0xB9DC,12295,3}, {0xB9DD,12298,3}, {0xB9DE,12301,3}, {0xB9DF,12304,3}, {0xB9E0,12307,3}, {0xB9E1,12310,3},
    {0xB9E2,12313,3}, {0xB9E3,12316,3}, {0xB9E4,12319,2}, {0xB9E5,12321,3}, {0xB9E6,12324,3}, {0xB9E7,12327,3},
    {0xB9E8,12330,3}, {0xB9E9,12333,3}, {0xB9EA,12336,3}, {0xB9EB,12339,3}, {0xB9EC,12342,3}, {0xB9ED,12345,3},
    {0xB9EE,12348,3}, {0xB9EF,12351,3}, {0xB9F0,12354,3}, {0xB9F1,12357,3}, {0xB9F2,12360,3}, {0xB9F3,12363,3},
    {0xB9F4,12366,3}, {0xB9F5,12369,3}, {0xB9F6,12372,3}, {0xB9F7,12375,3}, {0xB9F8,12378,3}, {0xB9F9,12381,3},
    {0xB9FA,12384,3}, {0xB9FB,12387,3}, {0xB9FC,12390,3}, {0xB9FD,12393,3}, {0xB9FE,12396,3}, {0xB9FF,12399,3},
    {0xBA00,12402,2}, {0xBA01,12404,3}, {0xBA02,12407,3}, {0xBA03,12410,3}, {0xBA04,12413,3}, {0xBA05,12416,3},
    {0xBA06,12419,3}, {0xBA07,12422,3}, {0xBA08,12425,3}, {0xBA09,12428,3}, {0xBA0A,12431,3}, {0xBA0B,12434,3},
    {0xBA0C,12437,3}, {0xBA0D,12440,3}, {0xBA0E,12443,3}, {0xBA0F,12446,3}, {0xBA10,12449,3}, {0xBA11,12452,3},
    {0xBA12,12455,3}, {0xBA13,12458,3}, {0xBA14,12461,3}, {0xBA15,12464,3}, {0xBA16,12467,3}, {0xBA17,12470,3},
    {0xBA18,12473,3}, {0xBA19,12476,3}, {0xBA1A,12479,3}, {0xBA1B,12482,3}, {0xBA1C,12485,2}, {0xBA1D,12487,3},
    {0xBA1E,12490,3}, {0xBA1F,12493,3}, {0xBA20,12496,3}, {0xBA21,12499,3}, {0xBA22,12502,3}, {0xBA23,12505,3},
    {0xBA24,12508,3}, {0xBA25,12511,3}, {0xBA26,12514,3}, {0xBA27,12517,3}, {0xBA28,12520,3}, {0xBA29,12523,3},
    {0xBA2A,12526,3}, {0xBA2B,12529,3}, {0xBA2C,12532,3}, {0xBA2D,12535,3}, {0xBA2E,12538,3}, {0xBA2F,12541,3},
    {0xBA30,12544,3}, {0xBA31,12547,3}, {0xBA32,12550,3}, {0xBA33,12553,3}, {0xBA34,12556,3}, {0xBA35,12559,3},
    {0xBA36,12562,3}, {0xBA37,12565,3}, {0xBA38,12568,2}, {0xBA39,12570,3}, {0xBA3A,12573,3}, {0xBA3B,12576,3},
    {0xBA3C,12579,3}, {0xBA3D,12582,3}, {0xBA3E,12585,3}, {0xBA3F,12588,3}, {0xBA40,12591,3}, {0xBA41,12594,3},
    {0xBA42,12597,3}, {0xBA43,12600,3}, {0xBA44,12603,3}, {0xBA45,12606,3}, {0xBA46,12609,3}, {0xBA47,12612,3},
    {0xBA48,12615,3}, {0xBA49,12618,3}, {0xBA4A,12621,3}, {0xBA4B,12624,3}, {0xBA4C,12627,3}, {0xBA4D,12630,3},
    {0xBA4E,12633,3}, {0xBA4F,12636,3}, {0xBA50,12639,3}, {0xBA51,12642,3}, {0xBA52,12645,3}, {0xBA53,12648,3},
    {0xBA54,12651,2}, {0xBA55,12653,3}, {0xBA56,12656,3}, {0xBA57,12659,3}, {0xBA58,12662,3}, {0xBA59,12665,3},
    {0xBA5A,12668,3}, {0xBA5B,12671,3}, {0xBA5C,12674,3}, {0xBA5D,12677,3}, {0xBA5E,12680,3}, {0xBA5F,12683,3},
    {0xBA60,12686,3}, {0xBA61,12689,3}, {0xBA62,12692,3}, {0xBA63,12695,3}, {0xBA64,12698,3}, {0xBA65,12701,3},
    {0xBA66,12704,3}, {0xBA67,12707,3}, {0xBA68,12710,3}, {0xBA69,12713,3}, {0xBA6A,12716,3}, {0xBA6B,12719,3},
    {0xBA6C,12722,3}, {0xBA6D,12725,3}, {0xBA6E,12728,3}, {0xBA6F,12731,3}, {0xBA70,12734,2}, {0xBA71,12736,3},
    {0xBA72,12739,3}, {0xBA73,12742,3}, {0xBA74,12745,3}, {0xBA75,12748,3}, {0xBA76,12751,3}, {0xBA77,12754,3},
    {0xBA78,12757,3}, {0xBA79,12760,3}, {0xBA7A,12763,3}, {0xBA7B,12766,3}, {0xBA7C,12769,3}, {0xBA7D,12772,3},
    {0xBA7E,12775,3}, {0xBA7F,12778,3}, {0xBA80,12781,3}, {0xBA81,12784,3}, {0xBA82,12787,3}, {0xBA83,12790,3},
    {0xBA84,12793,3}, {0xBA85,12796,3}, {0xBA86,12799,3}, {0xBA87,12802,3}, {0xBA88,12805,3}, {0xBA89,12808,3},
    {0xBA8A,12811,3}, {0xBA8B,12814,3}, {0xBA8C,12817,2}, {0xBA8D,12819,3}, {0xBA8E,12822,3}, {0xBA8F,12825,3},
    {0xBA90,12828,3}, {0xBA91,12831,3}, {0xBA92,12834,3}, {0xBA93,12837,3}, {0xBA94,12840,3}, {0xBA95,12843,3},
    {0xBA96,12846,3}, {0xBA97,12849,3}, {0xBA98,12852,3}, {0xBA99,12855,3}, {0xBA9A,12858,3}, {0xBA9B,12861,3},
    {0xBA9C,12864,3}, {0xBA9D,12867,3}, {0xBA9E,12870,3}, {0xBA9F,12873,3}, {0xBAA0,12876,3}, {0xBAA1,12879,3},
    {0xBAA2,12882,3}, {0xBAA3,12885,3}, {0xBAA4,12888,3}, {0xBAA5,12891,3}, {0xBAA6,12894,3}, {0xBAA7,12897,3},
    {0xBAA8,12900,2}, {0xBAA9,12902,3}, {0xBAAA,12905,3}, {0xBAAB,12908,3}, {0xBAAC,12911,3}, {0xBAAD,12914,3},
    {0xBAAE,12917,3}, {0xBAAF,12920,3}, {0xBAB0,12923,3}, {0xBAB1,12926,3}, {0xBAB2,12929,3}, {0xBAB3,12932,3},
    {0xBAB4,12935,3}, {0xBAB5,12938,3}, {0xBAB6,12941,3}, {0xBAB7,12944,3}, {0xBAB8,12947,3}, {0xBAB9,12950,3},
    {0xBABA,12953,3}, {0xBABB,12956,3}, {0xBABC,12959,3}, {0xBABD,12962,3}, {0xBABE,12965,3}, {0xBABF,12968,3},
    {0xBAC0,12971,3}, {0xBAC1,12974,3}, {0xBAC2,12977,3}, {0xBAC3,12980,3}, {0xBAC4,12983,2}, {0xBAC5,12985,3},
    {0xBAC6,12988,3}, {0xBAC7,12991,3}, {0xBAC8,12994,3}, {0xBAC9,12997,3}, {0xBACA,13000,3}, {0xBACB,13003,3},
    {0xBACC,13006,3}, {0xBACD,13009,3}, {0xBACE,13012,3}, {0xBACF,13015,3}, {0xBAD0,13018,3}, {0xBAD1,13021,3},
    {0xBAD2,13024,3}, {0xBAD3,13027,3}, {0xBAD4,13030,3}, {0xBAD5,13033,3}, {0xBAD6,13036,3}, {0xBAD7,13039,3},
    {0xBAD8,13042,3}, {0xBAD9,13045,3}, {0xBADA,13048,3}, {0xBADB,13051,3}, {0xBADC,13054,3}, {0xBADD,13057,3},
    {0xBADE,13060,3}, {0xBADF,13063,3}, {0xBAE0,13066,2}, {0xBAE1,13068,3}, {0xBAE2,13071,3}, {0xBAE3,13074,3},
    {0xBAE4,13077,3}, {0xBAE5,13080,3}, {0xBAE6,13083,3}, {0xBAE7,13086,3}, {0xBAE8,13089,3}, {0xBAE9,13092,3},
    {0xBAEA,13095,3}, {0xBAEB,13098,3}, {0xBAEC,13101,3}, {0xBAED,13104,3}, {0xBAEE,13107,3}, {0xBAEF,13110,3},
    {0xBAF0,13113,3}, {0xBAF1,13116,3}, {0xBAF2,13119,3}, {0xBAF3,13122,3}, {0xBAF4,13125,3}, {0xBAF5,13128,3},
    {0xBAF6,13131,3}, {0xBAF7,13134,3}, {0xBAF8,13137,3}, {0xBAF9,13140,3}, {0xBAFA,13143,3}, {0xBAFB,13146,3},
    {0xBAFC,13149,2}, {0xBAFD,13151,3}, {0xBAFE,13154,3}, {0xBAFF,13157,3}, {0xBB00,13160,3}, {0xBB01,13163,3},
    {0xBB02,13166,3}, {0xBB03,13169,3}, {0xBB04,13172,3}, {0xBB05,13175,3}, {0xBB06,13178,3}, {0xBB07,13181,3},
    {0xBB08,13184,3}, {0xBB09,13187,3}, {0xBB0A,13190,3}, {0xBB0B,13193,3}, {0xBB0C,13196,3}, {0xBB0D,13199,3},
    {0xBB0E,13202,3}, {0xBB0F,13205,3}, {0xBB10,13208,3}, {0xBB11,13211,3}, {0xBB12,13214,3}, {0xBB13,13217,3},
    {0xBB14,13220,3}, {0xBB15,13223,3}, {0xBB16,13226,3}, {0xBB17,13229,3}, {0xBB18,13232,2}, {0xBB19,13234,3},
    {0xBB1A,13237,3}, {0xBB1B,13240,3}, {0xBB1C,13243,3}, {0xBB1D,13246,3}, {0xBB1E,13249,3}, {0xBB1F,13252,3},
    {0xBB20,13255,3}, {0xBB21,13258,3}, {0xBB22,13261,3}, {0xBB23,13264,3}, {0xBB24,13267,3}, {0xBB25,13270,3},
    {0xBB26,13273,3}, {0xBB27,13276,3}, {0xBB28,13279,3}, {0xBB29,13282,3}, {0xBB2A,13285,3}, {0xBB2B,13288,3},
    {0xBB2C,13291,3}, {0xBB2D,13294,3}, {0xBB2E,13297,3}, {0xBB2F,13300,3}, {0xBB30,13303,3}, {0xBB31,13306,3},
    {0xBB32,13309,3}, {0xBB33,13312,3}, {0xBB34,13315,2}, {0xBB35,13317,3}, {0xBB36,13320,3}, {0xBB37,13323,3},
    {0xBB38,13326,3}, {0xBB39,13329,3}, {0xBB3A,13332,3}, {0xBB3B,13335,3}, {0xBB3C,13338,3}, {0xBB3D,13341,3},
    {0xBB3E,13344,3}, {0xBB3F,13347,3}, {0xBB40,13350,3}, {0xBB41,13353,3}, {0xBB42,13356,3}, {0xBB43,13359,3},
    {0xBB44,13362,3}, {0xBB45,13365,3}, {0xBB46,13368,3}, {0xBB47,13371,3}, {0xBB48,13374,3}, {0xBB49,13377,3},
    {0xBB4A,13380,3}, {0xBB4B,13383,3}, {0xBB4C,13386,3}, {0xBB4D,13389,3}, {0xBB4E,13392,3}, {0xBB4F,13395,3},
    {0xBB50,13398,2}, {0xBB51,13400,3}, {0xBB52,13403,3}, {0xBB53,13406,3}, {0xBB54,13409,3}, {0xBB55,13412,3},
    {0xBB56,13415,3}, {0xBB57,13418,3}, {0xBB58,13421,3}, {0xBB59,13424,3}, {0xBB5A,13427,3}, {0xBB5B,13430,3},
    {0xBB5C,13433,3}, {0xBB5D,13436,3}, {0xBB5E,13439,3}, {0xBB5F,13442,3}, {0xBB60,13445,3}, {0xBB61,13448,3},
    {0xBB62,13451,3}, {0xBB63,13454,3}, {0xBB64,13457,3}, {0xBB65,13460,3}, {0xBB66,13463,3}, {0xBB67,13466,3},
    {0xBB68,13469,3}, {0xBB69,13472,3}, {0xBB6A,13475,3}, {0xBB6B,13478,3}, {0xBB6C,13481,2}, {0xBB6D,13483,3},
    {0xBB6E,13486,3}, {0xBB6F,13489,3}, {0xBB70,13492,3}, {0xBB71,13495,3}, {0xBB72,13498,3}, {0xBB73,13501,3},
    {0xBB74,13504,3}, {0xBB75,13507,3}, {0xBB76,13510,3}, {0xBB77,13513,3}, {0xBB78,13516,3}, {0xBB79,13519,3},
    {0xBB7A,13522,3}, {0xBB7B,13525,3}, {0xBB7C,13528,3}, {0xBB7D,13531,3}, {0xBB7E,13534,3}, {0xBB7F,13537,3},
    {0xBB80,13540,3}, {0xBB81,13543,3}, {0xBB82,13546,3}, {0xBB83,13549,3}, {0xBB84,13552,3}, {0xBB85,13555,3},
    {0xBB86,13558,3}, {0xBB87,13561,3}, {0xBB88,13564,2}, {0xBB89,13566,3}, {0xBB8A,13569,3}, {0xBB8B,13572,3},
    {0xBB8C,13575,3}, {0xBB8D,13578,3}, {0xBB8E,13581,3}, {0xBB8F,13584,3}, {0xBB90,13587,3}, {0xBB91,13590,3},
    {0xBB92,13593,3}, {0xBB93,13596,3}, {0xBB94,13599,3}, {0xBB95,13602,3}, {0xBB96,13605,3}, {0xBB97,13608,3},
    {0xBB98,13611,3}, {0xBB99,13614,3}, {0xBB9A,13617,3}, {0xBB9B,13620,3}, {0xBB9C,13623,3}, {0xBB9D,13626,3},
    {0xBB9E,13629,3}, {0xBB9F,13632,3}, {0xBBA0,13635,3}, {0xBBA1,13638,3}, {0xBBA2,13641,3}, {0xBBA3,13644,3},
    {0xBBA4,13647,2}, {0xBBA5,13649,3}, {0xBBA6,13652,3}, {0xBBA7,13655,3}, {0xBBA8,13658,3}, {0xBBA9,13661,3},
    {0xBBAA,13664,3}, {0xBBAB,13667,3}, {0xBBAC,13670,3}, {0xBBAD,13673,3}, {0xBBAE,13676,3}, {0xBBAF,13679,3},
    {0xBBB0,13682,3}, {0xBBB1,13685,3}, {0xBBB2,13688,3}, {0xBBB3,13691,3}, {0xBBB4,13694,3}, {0xBBB5,13697,3},
    {0xBBB6,13700,3}, {0xBBB7,13703,3}, {0xBBB8,13706,3}, {0xBBB9,13709,3}, {0xBBBA,13712,3}, {0xBBBB,13715,3},
    {0xBBBC,13718,3}, {0xBBBD,13721,3}, {0xBBBE,13724,3}, {0xBBBF,13727,3}, {0xBBC0,13730,2}, {0xBBC1,13732,3},
    {0xBBC2,13735,3}, {0xBBC3,13738,3}, {0xBBC4,13741,3}, {0xBBC5,13744,3}, {0xBBC6,13747,3}, {0xBBC7,13750,3},
    {0xBBC8,13753,3}, {0xBBC9,13756,3}, {0xBBCA,13759,3}, {0xBBCB,13762,3}, {0xBBCC,13765,3}, {0xBBCD,13768,3},
    {0xBBCE,13771,3}, {0xBBCF,13774,3}, {0xBBD0,13777,3}, {0xBBD1,13780,3}, {0xBBD2,13783,3}, {0xBBD3,13786,3},
    {0xBBD4,13789,3}, {0xBBD5,13792,3}, {0xBBD6,13795,3}, {0xBBD7,13798,3}, {0xBBD8,13801,3}, {0xBBD9,13804,3},
    {0xBBDA,13807,3}, {0xBBDB,13810,3}, {0xBBDC,13813,2}, {0xBBDD,13815,3}, {0xBBDE,13818,3}, {0xBBDF,13821,3},
    {0xBBE0,13824,3}, {0xBBE1,13827,3}, {0xBBE2,13830,3}, {0xBBE3,13833,3}, {0xBBE4,13836,3}, {0xBBE5,13839,3},
    {0xBBE6,13842,3}, {0xBBE7,13845,3}, {0xBBE8,13848,3}, {0xBBE9,13851,3}, {0xBBEA,13854,3}, {0xBBEB,13857,3},
    {0xBBEC,13860,3}, {0xBBED,13863,3}, {0xBBEE,13866,3}, {0xBBEF,13869,3}, {0xBBF0,13872,3}, {0xBBF1,13875,3},
    {0xBBF2,13878,3}, {0xBBF3,13881,3}, {0xBBF4,13884,3}, {0xBBF5,13887,3}, {0xBBF6,13890,3}, {0xBBF7,13893,3},
    {0xBBF8,13896,2}, {0xBBF9,13898,3}, {0xBBFA,13901,3}, {0xBBFB,13904,3}, {0xBBFC,13907,3}, {0xBBFD,13910,3},
    {0xBBFE,13913,3}, {0xBBFF,13916,3}, {0xBC00,13919,3}, {0xBC01,13922,3}, {0xBC02,13925,3}, {0xBC03,13928,3},
    {0xBC04,13931,3}, {0xBC05,13934,3}, {0xBC06,13937,3}, {0xBC07,13940,3}, {0xBC08,13943,3}, {0xBC09,13946,3},
    {0xBC0A,13949,3}, {0xBC0B,13952,3}, {0xBC0C,13955,3}, {0xBC0D,13958,3}, {0xBC0E,13961,3}, {0xBC0F,13964,3},
    {0xBC10,13967,3}, {0xBC11,13970,3}, {0xBC12,13973,3}, {0xBC13,13976,3}, {0xBC14,13979,2}, {0xBC15,13981,3},
    {0xBC16,13984,3}, {0xBC17,13987,3}, {0xBC18,13990,3}, {0xBC19,13993,3}, {0xBC1A,13996,3}, {0xBC1B,13999,3},
    {0xBC1C,14002,3}, {0xBC1D,14005,3}, {0xBC1E,14008,3}, {0xBC1F,14011,3}, {0xBC20,14014,3}, {0xBC21,14017,3},
    {0xBC22,14020,3}, {0xBC23,14023,3}, {0xBC24,14026,3}, {0xBC25,14029,3}, {0xBC26,14032,3}, {0xBC27,14035,3},
    {0xBC28,14038,3}, {0xBC29,14041,3}, {0xBC2A,14044,3}, {0xBC2B,14047,3}, {0xBC2C,14050,3}, {0xBC2D,14053,3},
    {0xBC2E,14056,3}, {0xBC2F,14059,3}, {0xBC30,14062,2}, {0xBC31,14064,3}, {0xBC32,14067,3}, {0xBC33,14070,3},
    {0xBC34,14073,3}, {0xBC35,14076,3}, {0xBC36,14079,3}, {0xBC37,14082,3}, {0xBC38,14085,3}, {0xBC39,14088,3},
    {0xBC3A,14091,3}, {0xBC3B,14094,3}, {0xBC3C,14097,3}, {0xBC3D,14100,3}, {0xBC3E,14103,3}, {0xBC3F,14106,3},
    {0xBC40,14109,3}, {0xBC41,14112,3}, {0xBC42,14115,3}, {0xBC43,14118,3}, {0xBC44,14121,3}, {0xBC45,14124,3},
    {0xBC46,14127,3}, {0xBC47,14130,3}, {0xBC48,14133,3}, {0xBC49,14136,3}, {0xBC4A,14139,3}, {0xBC4B,14142,3},
    {0xBC4C,14145,2}, {0xBC4D,14147,3}, {0xBC4E,14150,3}, {0xBC4F,14153,3}, {0xBC50,14156,3}, {0xBC51,14159,3},
    {0xBC52,14162,3}, {0xBC53,14165,3}, {0xBC54,14168,3}, {0xBC55,14171,3}, {0xBC56,14174,3}, {0xBC57,14177,3},
    {0xBC58,14180,3}, {0xBC59,14183,3}, {0xBC5A,14186,3}, {0xBC5B,14189,3}, {0xBC5C,14192,3}, {0xBC5D,14195,3},
    {0xBC5E,14198,3}, {0xBC5F,14201,3}, {0xBC60,14204,3}, {0xBC61,14207,3}, {0xBC62,14210,3}, {0xBC63,14213,3},
    {0xBC64,14216,3}, {0xBC65,14219,3}, {0xBC66,14222,3}, {0xBC67,14225,3}, {0xBC68,14228,2}, {0xBC69,14230,3},
    {0xBC6A,14233,3}, {0xBC6B,14236,3}, {0xBC6C,14239,3}, {0xBC6D,14242,3}, {0xBC6E,14245,3}, {0xBC6F,14248,3},
    {0xBC70,14251,3}, {0xBC71,14254,3}, {0xBC72,14257,3}, {0xBC73,14260,3}, {0xBC74,14263,3}, {0xBC75,14266,3},
    {0xBC76,14269,3}, {0xBC77,14272,3}, {0xBC78,14275,3}, {0xBC79,14278,3}, {0xBC7A,14281,3}, {0xBC7B,14284,3},
    {0xBC7C,14287,3}, {0xBC7D,14290,3}, {0xBC7E,14293,3}, {0xBC7F,14296,3}, {0xBC80,14299,3}, {0xBC81,14302,3},
    {0xBC82,14305,3}, {0xBC83,14308,3}, {0xBC84,14311,2}, {0xBC85,14313,3}, {0xBC86,14316,3}, {0xBC87,14319,3},
    {0xBC88,14322,3}, {0xBC89,14325,3}, {0xBC8A,14328,3}, {0xBC8B,14331,3}, {0xBC8C,14334,3}, {0xBC8D,14337,3},
    {0xBC8E,14340,3}, {0xBC8F,14343,3}, {0xBC90,14346,3}, {0xBC91,14349,3}, {0xBC92,14352,3}, {0xBC93,14355,3},
    {0xBC94,14358,3}, {0xBC95,14361,3}, {0xBC96,14364,3}, {0xBC97,14367,3}, {0xBC98,14370,3}, {0xBC99,14373,3},
    {0xBC9A,14376,3}, {0xBC9B,14379,3}, {0xBC9C,14382,3}, {0xBC9D,14385,3}, {0xBC9E,14388,3}, {0xBC9F,14391,3},
    {0xBCA0,14394,2}, {0xBCA1,14396,3}, {0xBCA2,14399,3}, {0xBCA3,14402,3}, {0xBCA4,14405,3}, {0xBCA5,14408,3},
    {0xBCA6,14411,3}, {0xBCA7,14414,3}, {0xBCA8,14417,3}, {0xBCA9,14420,3}, {0xBCAA,14423,3}, {0xBCAB,14426,3},
    {0xBCAC,14429,3}, {0xBCAD,14432,3}, {0xBCAE,14435,3}, {0xBCAF,14438,3}, {0xBCB0,14441,3}, {0xBCB1,14444,3},
    {0xBCB2,14447,3}, {0xBCB3,14450,3}, {0xBCB4,14453,3}, {0xBCB5,14456,3}, {0xBCB6,14459,3}, {0xBCB7,14462,3},
    {0xBCB8,14465,3}, {0xBCB9,14468,3}, {0xBCBA,14471,3}, {0xBCBB,14474,3}, {0xBCBC,14477,2}, {0xBCBD,14479,3},
    {0xBCBE,14482,3}, {0xBCBF,14485,3}, {0xBCC0,14488,3}, {0xBCC1,14491,3}, {0xBCC2,14494,3}, {0xBCC3,14497,3},
    {0xBCC4,14500,3}, {0xBCC5,14503,3}, {0xBCC6,14506,3}, {0xBCC7,14509,3}, {0xBCC8,14512,3}, {0xBCC9,14515,3},
    {0xBCCA,14518,3}, {0xBCCB,14521,3}, {0xBCCC,14524,3}, {0xBCCD,14527,3}, {0xBCCE,14530,3}, {0xBCCF,14533,3},
    {0xBCD0,14536,3}, {0xBCD1,14539,3}, {0xBCD2,14542,3}, {0xBCD3,14545,3}, {0xBCD4,14548,3}, {0xBCD5,14551,3},
    {0xBCD6,14554,3}, {0xBCD7,14557,3}, {0xBCD8,14560,2}, {0xBCD9,14562,3}, {0xBCDA,14565,3}, {0xBCDB,14568,3},
    {0xBCDC,14571,3}, {0xBCDD,14574,3}, {0xBCDE,14577,3}, {0xBCDF,14580,3}, {0xBCE0,14583,3}, {0xBCE1,14586,3},
    {0xBCE2,14589,3}, {0xBCE3,14592,3}, {0xBCE4,14595,3}, {0xBCE5,14598,3}, {0xBCE6,14601,3}, {0xBCE7,14604,3},
    {0xBCE8,14607,3}, {0xBCE9,14610,3}, {0xBCEA,14613,3}, {0xBCEB,14616,3}, {0xBCEC,14619,3}, {0xBCED,14622,3},
    {0xBCEE,14625,3}, {0xBCEF,14628,3}, {0xBCF0,14631,3}, {0xBCF1,14634,3}, {0xBCF2,14637,3}, {0xBCF3,14640,3},
    {0xBCF4,14643,2}, {0xBCF5,14645,3}, {0xBCF6,14648,3}, {0xBCF7,14651,3}, {0xBCF8,14654,3}, {0xBCF9,14657,3},
    {0xBCFA,14660,3}, {0xBCFB,14663,3}, {0xBCFC,14666,3}, {0xBCFD,14669,3}, {0xBCFE,14672,3}, {0xBCFF,14675,3},
    {0xBD00,14678,3}, {0xBD01,14681,3}, {0xBD02,14684,3}, {0xBD03,14687,3}, {0xBD04,14690,3}, {0xBD05,14693,3},
    {0xBD06,14696,3}, {0xBD07,14699,3}, {0xBD08,14702,3}, {0xBD09,14705,3}, {0xBD0A,14708,3}, {0xBD0B,14711,3},
    {0xBD0C,14714,3}, {0xBD0D,14717,3}, {0xBD0E,14720,3}, {0xBD0F,14723,3}, {0xBD10,14726,2}, {0xBD11,14728,3},
    {0xBD12,14731,3}, {0xBD13,14734,3}, {0xBD14,14737,3}, {0xBD15,14740,3}, {0xBD16,14743,3}, {0xBD17,14746,3},
    {0xBD18,14749,3}, {0xBD19,14752,3}, {0xBD1A,14755,3}, {0xBD1B,14758,3}, {0xBD1C,14761,3}, {0xBD1D,14764,3},
    {0xBD1E,14767,3}, {0xBD1F,14770,3}, {0xBD20,14773,3}, {0xBD21,14776,3}, {0xBD22,14779,3}, {0xBD23,14782,3},
    {0xBD24,14785,3}, {0xBD25,14788,3}, {0xBD26,14791,3}, {0xBD27,14794,3}, {0xBD28,14797,3}, {0xBD29,14800,3},
    {0xBD2A,14803,3}, {0xBD2B,14806,3}, {0xBD2C,14809,2}, {0xBD2D,14811,3}, {0xBD2E,14814,3}, {0xBD2F,14817,3},
    {0xBD30,14820,3}, {0xBD31,14823,3}, {0xBD32,14826,3}, {0xBD33,14829,3}, {0xBD34,14832,3}, {0xBD35,14835,3},
    {0xBD36,14838,3}, {0xBD37,14841,3}, {0xBD38,14844,3}, {0xBD39,14847,3}, {0xBD3A,14850,3}, {0xBD3B,14853,3},
    {0xBD3C,14856,3}, {0xBD3D,14859,3}, {0xBD3E,14862,3}, {0xBD3F,14865,3}, {0xBD40,14868,3}, {0xBD41,14871,3},
    {0xBD42,14874,3}, {0xBD43,14877,3}, {0xBD44,14880,3}, {0xBD45,14883,3}, {0xBD46,14886,3}, {0xBD47,14889,3},
    {0xBD48,14892,2}, {0xBD49,14894,3}, {0xBD4A,14897,3}, {0xBD4B,14900,3}, {0xBD4C,14903,3}, {0xBD4D,14906,3},
    {0xBD4E,14909,3}, {0xBD4F,14912,3}, {0xBD50,14915,3}, {0xBD51,14918,3}, {0xBD52,14921,3}, {0xBD53,14924,3},
    {0xBD54,14927,3}, {0xBD55,14930,3}, {0xBD56,14933,3}, {0xBD57,14936,3}, {0xBD58,14939,3}, {0xBD59,14942,3},
    {0xBD5A,14945,3}, {0xBD5B,14948,3}, {0xBD5C,14951,3}, {0xBD5D,14954,3}, {0xBD5E,14957,3}, {0xBD5F,14960,3},
    {0xBD60,14963,3}, {0xBD61,14966,3}, {0xBD62,14969,3}, {0xBD63,14972,3}, {0xBD64,14975,2}, {0xBD65,14977,3},
    {0xBD66,14980,3}, {0xBD67,14983,3}, {0xBD68,14986,3}, {0xBD69,14989,3}, {0xBD6A,14992,3}, {0xBD6B,14995,3},
    {0xBD6C,14998,3}, {0xBD6D,15001,3}, {0xBD6E,15004,3}, {0xBD6F,15007,3}, {0xBD70,15010,3}, {0xBD71,15013,3},
    {0xBD72,15016,3}, {0xBD73,15019,3}, {0xBD74,15022,3}, {0xBD75,15025,3}, {0xBD76,15028,3}, {0xBD77,15031,3},
    {0xBD78,15034,3}, {0xBD79,15037,3}, {0xBD7A,15040,3}, {0xBD7B,15043,3}, {0xBD7C,15046,3}, {0xBD7D,15049,3},
    {0xBD7E,15052,3}, {0xBD7F,15055,3}, {0xBD80,15058,2}, {0xBD81,15060,3}, {0xBD82,15063,3}, {0xBD83,15066,3},
    {0xBD84,15069,3}, {0xBD85,15072,3}, {0xBD86,15075,3}, {0xBD87,15078,3}, {0xBD88,15081,3}, {0xBD89,15084,3},
    {0xBD8A,15087,3}, {0xBD8B,15090,3}, {0xBD8C,15093,3}, {0xBD8D,15096,3}, {0xBD8E,15099,3}, {0xBD8F,15102,3},
    {0xBD90,15105,3}, {0xBD91,15108,3}, {0xBD92,15111,3}, {0xBD93,15114,3}, {0xBD94,15117,3}, {0xBD95,15120,3},
    {0xBD96,15123,3}, {0xBD97,15126,3}, {0xBD98,15129,3}, {0xBD99,15132,3}, {0xBD9A,15135,3}, {0xBD9B,15138,3},
    {0xBD9C,15141,2}, {0xBD9D,15143,3}, {0xBD9E,15146,3}, {0xBD9F,15149,3}, {0xBDA0,15152,3}, {0xBDA1,15155,3},
    {0xBDA2,15158,3}, {0xBDA3,15161,3}, {0xBDA4,15164,3}, {0xBDA5,15167,3}, {0xBDA6,15170,3}, {0xBDA7,15173,3},
    {0xBDA8,15176,3}, {0xBDA9,15179,3}, {0xBDAA,15182,3}, {0xBDAB,15185,3}, {0xBDAC,15188,3}, {0xBDAD,15191,3},
    {0xBDAE,15194,3}, {0xBDAF,15197,3}, {0xBDB0,15200,3}, {0xBDB1,15203,3}, {0xBDB2,15206,3}, {0xBDB3,15209,3},
    {0xBDB4,15212,3}, {0xBDB5,15215,3}, {0xBDB6,15218,3}, {0xBDB7,15221,3}, {0xBDB8,15224,2}, {0xBDB9,15226,3},
    {0xBDBA,15229,3}, {0xBDBB,15232,3}, {0xBDBC,15235,3}, {0xBDBD,15238,3}, {0xBDBE,15241,3}, {0xBDBF,15244,3},
    {0xBDC0,15247,3}, {0xBDC1,15250,3}, {0xBDC2,15253,3}, {0xBDC3,15256,3}, {0xBDC4,15259,3}, {0xBDC5,15262,3},
    {0xBDC6,15265,3}, {0xBDC7,15268,3}, {0xBDC8,15271,3}, {0xBDC9,15274,3}, {0xBDCA,15277,3}, {0xBDCB,15280,3},
    {0xBDCC,15283,3}, {0xBDCD,15286,3}, {0xBDCE,15289,3}, {0xBDCF,15292,3}, {0xBDD0,15295,3}, {0xBDD1,15298,3},
    {0xBDD2,15301,3}, {0xBDD3,15304,3}, {0xBDD4,15307,2}, {0xBDD5,15309,3}, {0xBDD6,15312,3}, {0xBDD7,15315,3},
    {0xBDD8,15318,3}, {0xBDD9,15321,3}, {0xBDDA,15324,3}, {0xBDDB,15327,3}, {0xBDDC,15330,3}, {0xBDDD,15333,3},
    {0xBDDE,15336,3}, {0xBDDF,15339,3}, {0xBDE0,15342,3}, {0xBDE1,15345,3}, {0xBDE2,15348,3}, {0xBDE3,15351,3},
    {0xBDE4,15354,3}, {0xBDE5,15357,3}, {0xBDE6,15360,3}, {0xBDE7,15363,3}, {0xBDE8,15366,3}, {0xBDE9,15369,3},
    {0xBDEA,15372,3}, {0xBDEB,15375,3}, {0xBDEC,15378,3}, {0xBDED,15381,3}, {0xBDEE,15384,3}, {0xBDEF,15387,3},
    {0xBDF0,15390,2}, {0xBDF1,15392,3}, {0xBDF2,15395,3}, {0xBDF3,15398,3}, {0xBDF4,15401,3}, {0xBDF5,15404,3},
    {0xBDF6,15407,3}, {0xBDF7,15410,3}, {0xBDF8,15413,3}, {0xBDF9,15416,3}, {0xBDFA,15419,3}, {0xBDFB,15422,3},
    {0xBDFC,15425,3}, {0xBDFD,15428,3}, {0xBDFE,15431,3}, {0xBDFF,15434,3}, {0xBE00,15437,3}, {0xBE01,15440,3},
    {0xBE02,15443,3}, {0xBE03,15446,3}, {0xBE04,15449,3}, {0xBE05,15452,3}, {0xBE06,15455,3}, {0xBE07,15458,3},
    {0xBE08,15461,3}, {0xBE09,15464,3}, {0xBE0A,15467,3}, {0xBE0B,15470,3}, {0xBE0C,15473,2}, {0xBE0D,15475,3},
    {0xBE0E,15478,3}, {0xBE0F,15481,3}, {0xBE10,15484,3}, {0xBE11,15487,3}, {0xBE12,15490,3}, {0xBE13,15493,3},
    {0xBE14,15496,3}, {0xBE15,15499,3}, {0xBE16,15502,3}, {0xBE17,15505,3}, {0xBE18,15508,3}, {0xBE19,15511,3},
    {0xBE1A,15514,3}, {0xBE1B,15517,3}, {0xBE1C,15520,3}, {0xBE1D,15523,3}, {0xBE1E,15526,3}, {0xBE1F,15529,3},
    {0xBE20,15532,3}, {0xBE21,15535,3}, {0xBE22,15538,3}, {0xBE23,15541,3}, {0xBE24,15544,3}, {0xBE25,15547,3},
    {0xBE26,15550,3}, {0xBE27,15553,3}, {0xBE28,15556,2}, {0xBE29,15558,3}, {0xBE2A,15561,3}, {0xBE2B,15564,3},
    {0xBE2C,15567,3}, {0xBE2D,15570,3}, {0xBE2E,15573,3}, {0xBE2F,15576,3}, {0xBE30,15579,3}, {0xBE31,15582,3},
    {0xBE32,15585,3}, {0xBE33,15588,3}, {0xBE34,15591,3}, {0xBE35,15594,3}, {0xBE36,15597,3}, {0xBE37,15600,3},
    {0xBE38,15603,3}, {0xBE39,15606,3}, {0xBE3A,15609,3}, {0xBE3B,15612,3}, {0xBE3C,15615,3}, {0xBE3D,15618,3},
    {0xBE3E,15621,3}, {0xBE3F,15624,3}, {0xBE40,15627,3}, {0xBE41,15630,3}, {0xBE42,15633,3}, {0xBE43,15636,3},
    {0xBE44,15639,2}, {0xBE45,15641,3}, {0xBE46,15644,3}, {0xBE47,15647,3}, {0xBE48,15650,3}, {0xBE49,15653,3},
    {0xBE4A,15656,3}, {0xBE4B,15659,3}, {0xBE4C,15662,3}, {0xBE4D,15665,3}, {0xBE4E,15668,3}, {0xBE4F,15671,3},
    {0xBE50,15674,3}, {0xBE51,15677,3}, {0xBE52,15680,3}, {0xBE53,15683,3}, {0xBE54,15686,3}, {0xBE55,15689,3},
    {0xBE56,15692,3}, {0xBE57,15695,3}, {0xBE58,15698,3}, {0xBE59,15701,3}, {0xBE5A,15704,3}, {0xBE5B,15707,3},
    {0xBE5C,15710,3}, {0xBE5D,15713,3}, {0xBE5E,15716,3}, {0xBE5F,15719,3}, {0xBE60,15722,2}, {0xBE61,15724,3},
    {0xBE62,15727,3}, {0xBE63,15730,3}, {0xBE64,15733,3}, {0xBE65,15736,3}, {0xBE66,15739,3}, {0xBE67,15742,3},
    {0xBE68,15745,3}, {0xBE69,15748,3}, {0xBE6A,15751,3}, {0xBE6B,15754,3}, {0xBE6C,15757,3}, {0xBE6D,15760,3},
    {0xBE6E,15763,3}, {0xBE6F,15766,3}, {0xBE70,15769,3}, {0xBE71,15772,3}, {0xBE72,15775,3}, {0xBE73,15778,3},
    {0xBE74,15781,3}, {0xBE75,15784,3}, {0xBE76,15787,3}, {0xBE77,15790,3}, {0xBE78,15793,3}, {0xBE79,15796,3},
    {0xBE7A,15799,3}, {0xBE7B,15802,3}, {0xBE7C,15805,2}, {0xBE7D,15807,3}, {0xBE7E,15810,3}, {0xBE7F,15813,3},
    {0xBE80,15816,3}, {0xBE81,15819,3}, {0xBE82,15822,3}, {0xBE83,15825,3}, {0xBE84,15828,3}, {0xBE85,15831,3},
    {0xBE86,15834,3}, {0xBE87,15837,3}, {0xBE88,15840,3}, {0xBE89,15843,3}, {0xBE8A,15846,3}, {0xBE8B,15849,3},
    {0xBE8C,15852,3}, {0xBE8D,15855,3}, {0xBE8E,15858,3}, {0xBE8F,15861,3}, {0xBE90,15864,3}, {0xBE91,15867,3},
    {0xBE92,15870,3}, {0xBE93,15873,3}, {0xBE94,15876,3}, {0xBE95,15879,3}, {0xBE96,15882,3}, {0xBE97,15885,3},
    {0xBE98,15888,2}, {0xBE99,15890,3}, {0xBE9A,15893,3}, {0xBE9B,15896,3}, {0xBE9C,15899,3}, {0xBE9D,15902,3},
    {0xBE9E,15905,3}, {0xBE9F,15908,3}, {0xBEA0,15911,3}, {0xBEA1,15914,3}, {0xBEA2,15917,3}, {0xBEA3,15920,3},
    {0xBEA4,15923,3}, {0xBEA5,15926,3}, {0xBEA6,15929,3}, {0xBEA7,15932,3}, {0xBEA8,15935,3}, {0xBEA9,15938,3},
    {0xBEAA,15941,3}, {0xBEAB,15944,3}, {0xBEAC,15947,3}, {0xBEAD,15950,3}, {0xBEAE,15953,3}, {0xBEAF,15956,3},
    {0xBEB0,15959,3}, {0xBEB1,15962,3}, {0xBEB2,15965,3}, {0xBEB3,15968,3}, {0xBEB4,15971,2}, {0xBEB5,15973,3},
    {0xBEB6,15976,3}, {0xBEB7,15979,3}, {0xBEB8,15982,3}, {0xBEB9,15985,3}, {0xBEBA,15988,3}, {0xBEBB,15991,3},
    {0xBEBC,15994,3}, {0xBEBD,15997,3}, {0xBEBE,16000,3}, {0xBEBF,16003,3}, {0xBEC0,16006,3}, {0xBEC1,16009,3},
    {0xBEC2,16012,3}, {0xBEC3,16015,3}, {0xBEC4,16018,3}, {0xBEC5,16021,3}, {0xBEC6,16024,3}, {0xBEC7,16027,3},
    {0xBEC8,16030,3}, {0xBEC9,16033,3}, {0xBECA,16036,3}, {0xBECB,16039,3}, {0xBECC,16042,3}, {0xBECD,16045,3},
    {0xBECE,16048,3}, {0xBECF,16051,3}, {0xBED0,16054,2}, {0xBED1,16056,3}, {0xBED2,16059,3}, {0xBED3,16062,3},
    {0xBED4,16065,3}, {0xBED5,16068,3}, {0xBED6,16071,3}, {0xBED7,16074,3}, {0xBED8,16077,3}, {0xBED9,16080,3},
    {0xBEDA,16083,3}, {0xBEDB,16086,3}, {0xBEDC,16089,3}, {0xBEDD,16092,3}, {0xBEDE,16095,3}, {0xBEDF,16098,3},
    {0xBEE0,16101,3}, {0xBEE1,16104,3}, {0xBEE2,16107,3}, {0xBEE3,16110,3}, {0xBEE4,16113,3}, {0xBEE5,16116,3},
    {0xBEE6,16119,3}, {0xBEE7,16122,3}, {0xBEE8,16125,3}, {0xBEE9,16128,3}, {0xBEEA,16131,3}, {0xBEEB,16134,3},
    {0xBEEC,16137,2}, {0xBEED,16139,3}, {0xBEEE,16142,3}, {0xBEEF,16145,3}, {0xBEF0,16148,3}, {0xBEF1,16151,3},
    {0xBEF2,16154,3}, {0xBEF3,16157,3}, {0xBEF4,16160,3}, {0xBEF5,16163,3}, {0xBEF6,16166,3}, {0xBEF7,16169,3},
    {0xBEF8,16172,3}, {0xBEF9,16175,3}, {0xBEFA,16178,3}, {0xBEFB,16181,3}, {0xBEFC,16184,3}, {0xBEFD,16187,3},
    {0xBEFE,16190,3}, {0xBEFF,16193,3}, {0xBF00,16196,3}, {0xBF01,16199,3}, {0xBF02,16202,3}, {0xBF03,16205,3},
    {0xBF04,16208,3}, {0xBF05,16211,3}, {0xBF06,16214,3}, {0xBF07,16217,3}, {0xBF08,16220,2}, {0xBF09,16222,3},
    {0xBF0A,16225,3}, {0xBF0B,16228,3}, {0xBF0C,16231,3}, {0xBF0D,16234,3}, {0xBF0E,16237,3}, {0xBF0F,16240,3},
    {0xBF10,16243,3}, {0xBF11,16246,3}, {0xBF12,16249,3}, {0xBF13,16252,3}, {0xBF14,16255,3}, {0xBF15,16258,3},
    {0xBF16,16261,3}, {0xBF17,16264,3}, {0xBF18,16267,3}, {0xBF19,16270,3}, {0xBF1A,16273,3}, {0xBF1B,16276,3},
    {0xBF1C,16279,3}, {0xBF1D,16282,3}, {0xBF1E,16285,3}, {0xBF1F,16288,3}, {0xBF20,16291,3}, {0xBF21,16294,3},
    {0xBF22,16297,3}, {0xBF23,16300,3}, {0xBF24,16303,2}, {0xBF25,16305,3}, {0xBF26,16308,3}, {0xBF27,16311,3},
    {0xBF28,16314,3}, {0xBF29,16317,3}, {0xBF2A,16320,3}, {0xBF2B,16323,3}, {0xBF2C,16326,3}, {0xBF2D,16329,3},
    {0xBF2E,16332,3}, {0xBF2F,16335,3}, {0xBF30,16338,3}, {0xBF31,16341,3}, {0xBF32,16344,3}, {0xBF33,16347,3},
    {0xBF34,16350,3}, {0xBF35,16353,3}, {0xBF36,16356,3}, {0xBF37,16359,3}, {0xBF38,16362,3}, {0xBF39,16365,3},
    {0xBF3A,16368,3}, {0xBF3B,16371,3}, {0xBF3C,16374,3}, {0xBF3D,16377,3}, {0xBF3E,16380,3}, {0xBF3F,16383,3},
    {0xBF40,16386,2}, {0xBF41,16388,3}, {0xBF42,16391,3}, {0xBF43,16394,3}, {0xBF44,16397,3}, {0xBF45,16400,3},
    {0xBF46,16403,3}, {0xBF47,16406,3}, {0xBF48,16409,3}, {0xBF49,16412,3}, {0xBF4A,16415,3}, {0xBF4B,16418,3},
    {0xBF4C,16421,3}, {0xBF4D,16424,3}, {0xBF4E,16427,3}, {0xBF4F,16430,3}, {0xBF50,16433,3}, {0xBF51,16436,3},
    {0xBF52,16439,3}, {0xBF53,16442,3}, {0xBF54,16445,3}, {0xBF55,16448,3}, {0xBF56,16451,3}, {0xBF57,16454,3},
    {0xBF58,16457,3}, {0xBF59,16460,3}, {0xBF5A,16463,3}, {0xBF5B,16466,3}, {0xBF5C,16469,2}, {0xBF5D,16471,3},
    {0xBF5E,16474,3}, {0xBF5F,16477,3}, {0xBF60,16480,3}, {0xBF61,16483,3}, {0xBF62,16486,3}, {0xBF63,16489,3},
    {0xBF64,16492,3}, {0xBF65,16495,3}, {0xBF66,16498,3}, {0xBF67,16501,3}, {0xBF68,16504,3}, {0xBF69,16507,3},
    {0xBF6A,16510,3}, {0xBF6B,16513,3}, {0xBF6C,16516,3}, {0xBF6D,16519,3}, {0xBF6E,16522,3}, {0xBF6F,16525,3},
    {0xBF70,16528,3}, {0xBF71,16531,3}, {0xBF72,16534,3}, {0xBF73,16537,3}, {0xBF74,16540,3}, {0xBF75,16543,3},
    {0xBF76,16546,3}, {0xBF77,16549,3}, {0xBF78,16552,2}, {0xBF79,16554,3}, {0xBF7A,16557,3}, {0xBF7B,16560,3},
    {0xBF7C,16563,3}, {0xBF7D,16566,3}, {0xBF7E,16569,3}, {0xBF7F,16572,3}, {0xBF80,16575,3}, {0xBF81,16578,3},
    {0xBF82,16581,3}, {0xBF83,16584,3}, {0xBF84,16587,3}, {0xBF85,16590,3}, {0xBF86,16593,3}, {0xBF87,16596,3},
    {0xBF88,16599,3}, {0xBF89,16602,3}, {0xBF8A,16605,3}, {0xBF8B,16608,3}, {0xBF8C,16611,3}, {0xBF8D,16614,3},
    {0xBF8E,16617,3}, {0xBF8F,16620,3}, {0xBF90,16623,3}, {0xBF91,16626,3}, {0xBF92,16629,3}, {0xBF93,16632,3},
    {0xBF94,16635,2}, {0xBF95,16637,3}, {0xBF96,16640,3}, {0xBF97,16643,3}, {0xBF98,16646,3}, {0xBF99,16649,3},
    {0xBF9A,16652,3}, {0xBF9B,16655,3}, {0xBF9C,16658,3}, {0xBF9D,16661,3}, {0xBF9E,16664,3}, {0xBF9F,16667,3},
    {0xBFA0,16670,3}, {0xBFA1,16673,3}, {0xBFA2,16676,3}, {0xBFA3,16679,3}, {0xBFA4,16682,3}, {0xBFA5,16685,3},
    {0xBFA6,16688,3}, {0xBFA7,16691,3}, {0xBFA8,16694,3}, {0xBFA9,16697,3}, {0xBFAA,16700,3}, {0xBFAB,16703,3},
    {0xBFAC,16706,3}, {0xBFAD,16709,3}, {0xBFAE,16712,3}, {0xBFAF,16715,3}, {0xBFB0,16718,2}, {0xBFB1,16720,3},
    {0xBFB2,16723,3}, {0xBFB3,16726,3}, {0xBFB4,16729,3}, {0xBFB5,16732,3}, {0xBFB6,16735,3}, {0xBFB7,16738,3},
    {0xBFB8,16741,3}, {0xBFB9,16744,3}, {0xBFBA,16747,3}, {0xBFBB,16750,3}, {0xBFBC,16753,3}, {0xBFBD,16756,3},
    {0xBFBE,16759,3}, {0xBFBF,16762,3}, {0xBFC0,16765,3}, {0xBFC1,16768,3}, {0xBFC2,16771,3}, {0xBFC3,16774,3},
    {0xBFC4,16777,3}, {0xBFC5,16780,3}, {0xBFC6,16783,3}, {0xBFC7,16786,3}, {0xBFC8,16789,3}, {0xBFC9,16792,3},
    {0xBFCA,16795,3}, {0xBFCB,16798,3}, {0xBFCC,16801,2}, {0xBFCD,16803,3}, {0xBFCE,16806,3}, {0xBFCF,16809,3},
    {0xBFD0,16812,3}, {0xBFD1,16815,3}, {0xBFD2,16818,3}, {0xBFD3,16821,3}, {0xBFD4,16824,3}, {0xBFD5,16827,3},
    {0xBFD6,16830,3}, {0xBFD7,16833,3}, {0xBFD8,16836,3}, {0xBFD9,16839,3}, {0xBFDA,16842,3}, {0xBFDB,16845,3},
    {0xBFDC,16848,3}, {0xBFDD,16851,3}, {0xBFDE,16854,3}, {0xBFDF,16857,3}, {0xBFE0,16860,3}, {0xBFE1,16863,3},
    {0xBFE2,16866,3}, {0xBFE3,16869,3}, {0xBFE4,16872,3}, {0xBFE5,16875,3}, {0xBFE6,16878,3}, {0xBFE7,16881,3},
    {0xBFE8,16884,2}, {0xBFE9,16886,3}, {0xBFEA,16889,3}, {0xBFEB,16892,3}, {0xBFEC,16895,3}, {0xBFED,16898,3},
    {0xBFEE,16901,3}, {0xBFEF,16904,3}, {0xBFF0,16907,3}, {0xBFF1,16910,3}, {0xBFF2,16913,3}, {0xBFF3,16916,3},
    {0xBFF4,16919,3}, {0xBFF5,16922,3}, {0xBFF6,16925,3}, {0xBFF7,16928,3}, {0xBFF8,16931,3}, {0xBFF9,16934,3},
    {0xBFFA,16937,3}, {0xBFFB,16940,3}, {0xBFFC,16943,3}, {0xBFFD,16946,3}, {0xBFFE,16949,3}, {0xBFFF,16952,3},
    {0xC000,16955,3}, {0xC001,16958,3}, {0xC002,16961,3}, {0xC003,16964,3}, {0xC004,16967,2}, {0xC005,16969,3},
    {0xC006,16972,3}, {0xC007,16975,3}, {0xC008,16978,3}, {0xC009,16981,3}, {0xC00A,16984,3}, {0xC00B,16987,3},
    {0xC00C,16990,3}, {0xC00D,16993,3}, {0xC00E,16996,3}, {0xC00F,16999,3}, {0xC010,17002,3}, {0xC011,17005,3},
    {0xC012,17008,3}, {0xC013,17011,3}, {0xC014,17014,3}, {0xC015,17017,3}, {0xC016,17020,3}, {0xC017,17023,3},
    {0xC018,17026,3}, {0xC019,17029,3}, {0xC01A,17032,3}, {0xC01B,17035,3}, {0xC01C,17038,3}, {0xC01D,17041,3},
    {0xC01E,17044,3}, {0xC01F,17047,3}, {0xC020,17050,2}, {0xC021,17052,3}, {0xC022,17055,3}, {0xC023,17058,3},
    {0xC024,17061,3}, {0xC025,17064,3}, {0xC026,17067,3}, {0xC027,17070,3}, {0xC028,17073,3}, {0xC029,17076,3},
    {0xC02A,17079,3}, {0xC02B,17082,3}, {0xC02C,17085,3}, {0xC02D,17088,3}, {0xC02E,17091,3}, {0xC02F,17094,3},
    {0xC030,17097,3}, {0xC031,17100,3}, {0xC032,17103,3}, {0xC033,17106,3}, {0xC034,17109,3}, {0xC035,17112,3},
    {0xC036,17115,3}, {0xC037,17118,3}, {0xC038,17121,3}, {0xC039,17124,3}, {0xC03A,17127,3}, {0xC03B,17130,3},
    {0xC03C,17133,2}, {0xC03D,17135,3}, {0xC03E,17138,3}, {0xC03F,17141,3}, {0xC040,17144,3}, {0xC041,17147,3},
    {0xC042,17150,3}, {0xC043,17153,3}, {0xC044,17156,3}, {0xC045,17159,3}, {0xC046,17162,3}, {0xC047,17165,3},
    {0xC048,17168,3}, {0xC049,17171,3}, {0xC04A,17174,3}, {0xC04B,17177,3}, {0xC04C,17180,3}, {0xC04D,17183,3},
    {0xC04E,17186,3}, {0xC04F,17189,3}, {0xC050,17192,3}, {0xC051,17195,3}, {0xC052,17198,3}, {0xC053,17201,3},
    {0xC054,17204,3}, {0xC055,17207,3}, {0xC056,17210,3}, {0xC057,17213,3}, {0xC058,17216,2}, {0xC059,17218,3},
    {0xC05A,17221,3}, {0xC05B,17224,3}, {0xC05C,17227,3}, {0xC05D,17230,3}, {0xC05E,17233,3}, {0xC05F,17236,3},
    {0xC060,17239,3}, {0xC061,17242,3}, {0xC062,17245,3}, {0xC063,17248,3}, {0xC064,17251,3}, {0xC065,17254,3},
    {0xC066,17257,3}, {0xC067,17260,3}, {0xC068,17263,3}, {0xC069,17266,3}, {0xC06A,17269,3}, {0xC06B,17272,3},
    {0xC06C,17275,3}, {0xC06D,17278,3}, {0xC06E,17281,3}, {0xC06F,17284,3}, {0xC070,17287,3}, {0xC071,17290,3},
    {0xC072,17293,3}, {0xC073,17296,3}, {0xC074,17299,2}, {0xC075,17301,3}, {0xC076,17304,3}, {0xC077,17307,3},
    {0xC078,17310,3}, {0xC079,17313,3}, {0xC07A,17316,3}, {0xC07B,17319,3}, {0xC07C,17322,3}, {0xC07D,17325,3},
    {0xC07E,17328,3}, {0xC07F,17331,3}, {0xC080,17334,3}, {0xC081,17337,3}, {0xC082,17340,3}, {0xC083,17343,3},
    {0xC084,17346,3}, {0xC085,17349,3}, {0xC086,17352,3}, {0xC087,17355,3}, {0xC088,17358,3}, {0xC089,17361,3},
    {0xC08A,17364,3}, {0xC08B,17367,3}, {0xC08C,17370,3}, {0xC08D,17373,3}, {0xC08E,17376,3}, {0xC08F,17379,3},
    {0xC090,17382,2}, {0xC091,17384,3}, {0xC092,17387,3}, {0xC093,17390,3}, {0xC094,17393,3}, {0xC095,17396,3},
    {0xC096,17399,3}, {0xC097,17402,3}, {0xC098,17405,3}, {0xC099,17408,3}, {0xC09A,17411,3}, {0xC09B,17414,3},
    {0xC09C,17417,3}, {0xC09D,17420,3}, {0xC09E,17423,3}, {0xC09F,17426,3}, {0xC0A0,17429,3}, {0xC0A1,17432,3},
    {0xC0A2,17435,3}, {0xC0A3,17438,3}, {0xC0A4,17441,3}, {0xC0A5,17444,3}, {0xC0A6,17447,3}, {0xC0A7,17450,3},
    {0xC0A8,17453,3}, {0xC0A9,17456,3}, {0xC0AA,17459,3}, {0xC0AB,17462,3}, {0xC0AC,17465,2}, {0xC0AD,17467,3},
    {0xC0AE,17470,3}, {0xC0AF,17473,3}, {0xC0B0,17476,3}, {0xC0B1,17479,3}, {0xC0B2,17482,3}, {0xC0B3,17485,3},
    {0xC0B4,17488,3}, {0xC0B5,17491,3}, {0xC0B6,17494,3}, {0xC0B7,17497,3}, {0xC0B8,17500,3}, {0xC0B9,17503,3},
    {0xC0BA,17506,3}, {0xC0BB,17509,3}, {0xC0BC,17512,3}, {0xC0BD,17515,3}, {0xC0BE,17518,3}, {0xC0BF,17521,3},
    {0xC0C0,17524,3}, {0xC0C1,17527,3}, {0xC0C2,17530,3}, {0xC0C3,17533,3}, {0xC0C4,17536,3}, {0xC0C5,17539,3},
    {0xC0C6,17542,3}, {0xC0C7,17545,3}, {0xC0C8,17548,2}, {0xC0C9,17550,3}, {0xC0CA,17553,3}, {0xC0CB,17556,3},
    {0xC0CC,17559,3}, {0xC0CD,17562,3}, {0xC0CE,17565,3}, {0xC0CF,17568,3}, {0xC0D0,17571,3}, {0xC0D1,17574,3},
    {0xC0D2,17577,3}, {0xC0D3,17580,3}, {0xC0D4,17583,3}, {0xC0D5,17586,3}, {0xC0D6,17589,3}, {0xC0D7,17592,3},
    {0xC0D8,17595,3}, {0xC0D9,17598,3}, {0xC0DA,17601,3}, {0xC0DB,17604,3}, {0xC0DC,17607,3}, {0xC0DD,17610,3},
    {0xC0DE,17613,3}, {0xC0DF,17616,3}, {0xC0E0,17619,3}, {0xC0E1,17622,3}, {0xC0E2,17625,3}, {0xC0E3,17628,3},
    {0xC0E4,17631,2}, {0xC0E5,17633,3}, {0xC0E6,17636,3}, {0xC0E7,17639,3}, {0xC0E8,17642,3}, {0xC0E9,17645,3},
    {0xC0EA,17648,3}, {0xC0EB,17651,3}, {0xC0EC,17654,3}, {0xC0ED,17657,3}, {0xC0EE,17660,3}, {0xC0EF,17663,3},
    {0xC0F0,17666,3}, {0xC0F1,17669,3}, {0xC0F2,17672,3}, {0xC0F3,17675,3}, {0xC0F4,17678,3}, {0xC0F5,17681,3},
    {0xC0F6,17684,3}, {0xC0F7,17687,3}, {0xC0F8,17690,3}, {0xC0F9,17693,3}, {0xC0FA,17696,3}, {0xC0FB,17699,3},
    {0xC0FC,17702,3}, {0xC0FD,17705,3}, {0xC0FE,17708,3}, {0xC0FF,17711,3}, {0xC100,17714,2}, {0xC101,17716,3},
    {0xC102,17719,3}, {0xC103,17722,3}, {0xC104,17725,3}, {0xC105,17728,3}, {0xC106,17731,3}, {0xC107,17734,3},
    {0xC108,17737,3}, {0xC109,17740,3}, {0xC10A,17743,3}, {0xC10B,17746,3}, {0xC10C,17749,3}, {0xC10D,17752,3},
    {0xC10E,17755,3}, {0xC10F,17758,3}, {0xC110,17761,3}, {0xC111,17764,3}, {0xC112,17767,3}, {0xC113,17770,3},
    {0xC114,17773,3}, {0xC115,17776,3}, {0xC116,17779,3}, {0xC117,17782,3}, {0xC118,17785,3}, {0xC119,17788,3},
    {0xC11A,17791,3}, {0xC11B,17794,3}, {0xC11C,17797,2}, {0xC11D,17799,3}, {0xC11E,17802,3}, {0xC11F,17805,3},
    {0xC120,17808,3}, {0xC121,17811,3}, {0xC122,17814,3}, {0xC123,17817,3}, {0xC124,17820,3}, {0xC125,17823,3},
    {0xC126,17826,3}, {0xC127,17829,3}, {0xC128,17832,3}, {0xC129,17835,3}, {0xC12A,17838,3}, {0xC12B,17841,3},
    {0xC12C,17844,3}, {0xC12D,17847,3}, {0xC12E,17850,3}, {0xC12F,17853,3}, {0xC130,17856,3}, {0xC131,17859,3},
    {0xC132,17862,3}, {0xC133,17865,3}, {0xC134,17868,3}, {0xC135,17871,3}, {0xC136,17874,3}, {0xC137,17877,3},
    {0xC138,17880,2}, {0xC139,17882,3}, {0xC13A,17885,3}, {0xC13B,17888,3}, {0xC13C,17891,3}, {0xC13D,17894,3},
    {0xC13E,17897,3}, {0xC13F,17900,3}, {0xC140,17903,3}, {0xC141,17906,3}, {0xC142,17909,3}, {0xC143,17912,3},
    {0xC144,17915,3}, {0xC145,17918,3}, {0xC146,17921,3}, {0xC147,17924,3}, {0xC148,17927,3}, {0xC149,17930,3},
    {0xC14A,17933,3}, {0xC14B,17936,3}, {0xC14C,17939,3}, {0xC14D,17942,3}, {0xC14E,17945,3}, {0xC14F,17948,3},
    {0xC150,17951,3}, {0xC151,17954,3}, {0xC152,17957,3}, {0xC153,17960,3}, {0xC154,17963,2}, {0xC155,17965,3},
    {0xC156,17968,3}, {0xC157,17971,3}, {0xC158,17974,3}, {0xC159,17977,3}, {0xC15A,17980,3}, {0xC15B,17983,3},
    {0xC15C,17986,3}, {0xC15D,17989,3}, {0xC15E,17992,3}, {0xC15F,17995,3}, {0xC160,17998,3}, {0xC161,18001,3},
    {0xC162,18004,3}, {0xC163,18007,3}, {0xC164,18010,3}, {0xC165,18013,3}, {0xC166,18016,3}, {0xC167,18019,3},
    {0xC168,18022,3}, {0xC169,18025,3}, {0xC16A,18028,3}, {0xC16B,18031,3}, {0xC16C,18034,3}, {0xC16D,18037,3},
    {0xC16E,18040,3}, {0xC16F,18043,3}, {0xC170,18046,2}, {0xC171,18048,3}, {0xC172,18051,3}, {0xC173,18054,3},
    {0xC174,18057,3}, {0xC175,18060,3}, {0xC176,18063,3}, {0xC177,18066,3}, {0xC178,18069,3}, {0xC179,18072,3},
    {0xC17A,18075,3}, {0xC17B,18078,3}, {0xC17C,18081,3}, {0xC17D,18084,3}, {0xC17E,18087,3}, {0xC17F,18090,3},
    {0xC180,18093,3}, {0xC181,18096,3}, {0xC182,18099,3}, {0xC183,18102,3}, {0xC184,18105,3}, {0xC185,18108,3},
    {0xC186,18111,3}, {0xC187,18114,3}, {0xC188,18117,3}, {0xC189,18120,3}, {0xC18A,18123,3}, {0xC18B,18126,3},
    {0xC18C,18129,2}, {0xC18D,18131,3}, {0xC18E,18134,3}, {0xC18F,18137,3}, {0xC190,18140,3}, {0xC191,18143,3},
    {0xC192,18146,3}, {0xC193,18149,3}, {0xC194,18152,3}, {0xC195,18155,3}, {0xC196,18158,3}, {0xC197,18161,3},
    {0xC198,18164,3}, {0xC199,18167,3}, {0xC19A,18170,3}, {0xC19B,18173,3}, {0xC19C,18176,3}, {0xC19D,18179,3},
    {0xC19E,18182,3}, {0xC19F,18185,3}, {0xC1A0,18188,3}, {0xC1A1,18191,3}, {0xC1A2,18194,3}, {0xC1A3,18197,3},
    {0xC1A4,18200,3}, {0xC1A5,18203,3}, {0xC1A6,18206,3}, {0xC1A7,18209,3}, {0xC1A8,18212,2}, {0xC1A9,18214,3},
    {0xC1AA,18217,3}, {0xC1AB,18220,3}, {0xC1AC,18223,3}, {0xC1AD,18226,3}, {0xC1AE,18229,3}, {0xC1AF,18232,3},
    {0xC1B0,18235,3}, {0xC1B1,18238,3}, {0xC1B2,18241,3}, {0xC1B3,18244,3}, {0xC1B4,18247,3}, {0xC1B5,18250,3},
    {0xC1B6,18253,3}, {0xC1B7,18256,3}, {0xC1B8,18259,3}, {0xC1B9,18262,3}, {0xC1BA,18265,3}, {0xC1BB,18268,3},
    {0xC1BC,18271,3}, {0xC1BD,18274,3}, {0xC1BE,18277,3}, {0xC1BF,18280,3}, {0xC1C0,18283,3}, {0xC1C1,18286,3},
    {0xC1C2,18289,3}, {0xC1C3,18292,3}, {0xC1C4,18295,2}, {0xC1C5,18297,3}, {0xC1C6,18300,3}, {0xC1C7,18303,3},
    {0xC1C8,18306,3}, {0xC1C9,18309,3}, {0xC1CA,18312,3}, {0xC1CB,18315,3}, {0xC1CC,18318,3}, {0xC1CD,18321,3},
    {0xC1CE,18324,3}, {0xC1CF,18327,3}, {0xC1D0,18330,3}, {0xC1D1,18333,3}, {0xC1D2,18336,3}, {0xC1D3,18339,3},
    {0xC1D4,18342,3}, {0xC1D5,18345,3}, {0xC1D6,18348,3}, {0xC1D7,18351,3}, {0xC1D8,18354,3}, {0xC1D9,18357,3},
    {0xC1DA,18360,3}, {0xC1DB,18363,3}, {0xC1DC,18366,3}, {0xC1DD,18369,3}, {0xC1DE,18372,3}, {0xC1DF,18375,3},
    {0xC1E0,18378,2}, {0xC1E1,18380,3}, {0xC1E2,18383,3}, {0xC1E3,18386,3}, {0xC1E4,18389,3}, {0xC1E5,18392,3},
    {0xC1E6,18395,3}, {0xC1E7,18398,3}, {0xC1E8,18401,3}, {0xC1E9,18404,3}, {0xC1EA,18407,3}, {0xC1EB,18410,3},
    {0xC1EC,18413,3}, {0xC1ED,18416,3}, {0xC1EE,18419,3}, {0xC1EF,18422,3}, {0xC1F0,18425,3}, {0xC1F1,18428,3},
    {0xC1F2,18431,3}, {0xC1F3,18434,3}, {0xC1F4,18437,3}, {0xC1F5,18440,3}, {0xC1F6,18443,3}, {0xC1F7,18446,3},
    {0xC1F8,18449,3}, {0xC1F9,18452,3}, {0xC1FA,18455,3}, {0xC1FB,18458,3}, {0xC1FC,18461,2}, {0xC1FD,18463,3},
    {0xC1FE,18466,3}, {0xC1FF,18469,3}, {0xC200,18472,3}, {0xC201,18475,3}, {0xC202,18478,3}, {0xC203,18481,3},
    {0xC204,18484,3}, {0xC205,18487,3}, {0xC206,18490,3}, {0xC207,18493,3}, {0xC208,18496,3}, {0xC209,18499,3},
    {0xC20A,18502,3}, {0xC20B,18505,3}, {0xC20C,18508,3}, {0xC20D,18511,3}, {0xC20E,18514,3}, {0xC20F,18517,3},
    {0xC210,18520,3}, {0xC211,18523,3}, {0xC212,18526,3}, {0xC213,18529,3}, {0xC214,18532,3}, {0xC215,18535,3},
    {0xC216,18538,3}, {0xC217,18541,3}, {0xC218,18544,2}, {0xC219,18546,3}, {0xC21A,18549,3}, {0xC21B,18552,3},
    {0xC21C,18555,3}, {0xC21D,18558,3}, {0xC21E,18561,3}, {0xC21F,18564,3}, {0xC220,18567,3}, {0xC221,18570,3},
    {0xC222,18573,3}, {0xC223,18576,3}, {0xC224,18579,3}, {0xC225,18582,3}, {0xC226,18585,3}, {0xC227,18588,3},
    {0xC228,18591,3}, {0xC229,18594,3}, {0xC22A,18597,3}, {0xC22B,18600,3}, {0xC22C,18603,3}, {0xC22D,18606,3},
    {0xC22E,18609,3}, {0xC22F,18612,3}, {0xC230,18615,3}, {0xC231,18618,3}, {0xC232,18621,3}, {0xC233,18624,3},
    {0xC234,18627,2}, {0xC235,18629,3}, {0xC236,18632,3}, {0xC237,18635,3}, {0xC238,18638,3}, {0xC239,18641,3},
    {0xC23A,18644,3}, {0xC23B,18647,3}, {0xC23C,18650,3}, {0xC23D,18653,3}, {0xC23E,18656,3}, {0xC23F,18659,3},
    {0xC240,18662,3}, {0xC241,18665,3}, {0xC242,18668,3}, {0xC243,18671,3}, {0xC244,18674,3}, {0xC245,18677,3},
    {0xC246,18680,3}, {0xC247,18683,3}, {0xC248,18686,3}, {0xC249,18689,3}, {0xC24A,18692,3}, {0xC24B,18695,3},
    {0xC24C,18698,3}, {0xC24D,18701,3}, {0xC24E,18704,3}, {0xC24F,18707,3}, {0xC250,18710,2}, {0xC251,18712,3},
    {0xC252,18715,3}, {0xC253,18718,3}, {0xC254,18721,3}, {0xC255,18724,3}, {0xC256,18727,3}, {0xC257,18730,3},
    {0xC258,18733,3}, {0xC259,18736,3}, {0xC25A,18739,3}, {0xC25B,18742,3}, {0xC25C,18745,3}, {0xC25D,18748,3},
    {0xC25E,18751,3}, {0xC25F,18754,3}, {0xC260,18757,3}, {0xC261,18760,3}, {0xC262,18763,3}, {0xC263,18766,3},
    {0xC264,18769,3}, {0xC265,18772,3}, {0xC266,18775,3}, {0xC267,18778,3}, {0xC268,18781,3}, {0xC269,18784,3},
    {0xC26A,18787,3}, {0xC26B,18790,3}, {0xC26C,18793,2}, {0xC26D,18795,3}, {0xC26E,18798,3}, {0xC26F,18801,3},
    {0xC270,18804,3}, {0xC271,18807,3}, {0xC272,18810,3}, {0xC273,18813,3}, {0xC274,18816,3}, {0xC275,18819,3},
    {0xC276,18822,3}, {0xC277,18825,3}, {0xC278,18828,3}, {0xC279,18831,3}, {0xC27A,18834,3}, {0xC27B,18837,3},
    {0xC27C,18840,3}, {0xC27D,18843,3}, {0xC27E,18846,3}, {0xC27F,18849,3}, {0xC280,18852,3}, {0xC281,18855,3},
    {0xC282,18858,3}, {0xC283,18861,3}, {0xC284,18864,3}, {0xC285,18867,3}, {0xC286,18870,3}, {0xC287,18873,3},
    {0xC288,18876,2}, {0xC289,18878,3}, {0xC28A,18881,3}, {0xC28B,18884,3}, {0xC28C,18887,3}, {0xC28D,18890,3},
    {0xC28E,18893,3}, {0xC28F,18896,3}, {0xC290,18899,3}, {0xC291,18902,3}, {0xC292,18905,3}, {0xC293,18908,3},
    {0xC294,18911,3}, {0xC295,18914,3}, {0xC296,18917,3}, {0xC297,18920,3}, {0xC298,18923,3}, {0xC299,18926,3},
    {0xC29A,18929,3}, {0xC29B,18932,3}, {0xC29C,18935,3}, {0xC29D,18938,3}, {0xC29E,18941,3}, {0xC29F,18944,3},
    {0xC2A0,18947,3}, {0xC2A1,18950,3}, {0xC2A2,18953,3}, {0xC2A3,18956,3}, {0xC2A4,18959,2}, {0xC2A5,18961,3},
    {0xC2A6,18964,3}, {0xC2A7,18967,3}, {0xC2A8,18970,3}, {0xC2A9,18973,3}, {0xC2AA,18976,3}, {0xC2AB,18979,3},
    {0xC2AC,18982,3}, {0xC2AD,18985,3}, {0xC2AE,18988,3}, {0xC2AF,18991,3}, {0xC2B0,18994,3}, {0xC2B1,18997,3},
    {0xC2B2,19000,3}, {0xC2B3,19003,3}, {0xC2B4,19006,3}, {0xC2B5,19009,3}, {0xC2B6,19012,3}, {0xC2B7,19015,3},
    {0xC2B8,19018,3}, {0xC2B9,19021,3}, {0xC2BA,19024,3}, {0xC2BB,19027,3}, {0xC2BC,19030,3}, {0xC2BD,19033,3},
    {0xC2BE,19036,3}, {0xC2BF,19039,3}, {0xC2C0,19042,2}, {0xC2C1,19044,3}, {0xC2C2,19047,3}, {0xC2C3,19050,3},
    {0xC2C4,19053,3}, {0xC2C5,19056,3}, {0xC2C6,19059,3}, {0xC2C7,19062,3}, {0xC2C8,19065,3}, {0xC2C9,19068,3},
    {0xC2CA,19071,3}, {0xC2CB,19074,3}, {0xC2CC,19077,3}, {0xC2CD,19080,3}, {0xC2CE,19083,3}, {0xC2CF,19086,3},
    {0xC2D0,19089,3}, {0xC2D1,19092,3}, {0xC2D2,19095,3}, {0xC2D3,19098,3}, {0xC2D4,19101,3}, {0xC2D5,19104,3},
    {0xC2D6,19107,3}, {0xC2D7,19110,3}, {0xC2D8,19113,3}, {0xC2D9,19116,3}, {0xC2DA,19119,3}, {0xC2DB,19122,3},
    {0xC2DC,19125,2}, {0xC2DD,19127,3}, {0xC2DE,19130,3}, {0xC2DF,19133,3}, {0xC2E0,19136,3}, {0xC2E1,19139,3},
    {0xC2E2,19142,3}, {0xC2E3,19145,3}, {0xC2E4,19148,3}, {0xC2E5,19151,3}, {0xC2E6,19154,3}, {0xC2E7,19157,3},
    {0xC2E8,19160,3}, {0xC2E9,19163,3}, {0xC2EA,19166,3}, {0xC2EB,19169,3}, {0xC2EC,19172,3}, {0xC2ED,19175,3},
    {0xC2EE,19178,3}, {0xC2EF,19181,3}, {0xC2F0,19184,3}, {0xC2F1,19187,3}, {0xC2F2,19190,3}, {0xC2F3,19193,3},
    {0xC2F4,19196,3}, {0xC2F5,19199,3}, {0xC2F6,19202,3}, {0xC2F7,19205,3}, {0xC2F8,19208,2}, {0xC2F9,19210,3},
    {0xC2FA,19213,3}, {0xC2FB,19216,3}, {0xC2FC,19219,3}, {0xC2FD,19222,3}, {0xC2FE,19225,3}, {0xC2FF,19228,3},
    {0xC300,19231,3}, {0xC301,19234,3}, {0xC302,19237,3}, {0xC303,19240,3}, {0xC304,19243,3}, {0xC305,19246,3},
    {0xC306,19249,3}, {0xC307,19252,3}, {0xC308,19255,3}, {0xC309,19258,3}, {0xC30A,19261,3}, {0xC30B,19264,3},
    {0xC30C,19267,3}, {0xC30D,19270,3}, {0xC30E,19273,3}, {0xC30F,19276,3}, {0xC310,19279,3}, {0xC311,19282,3},
    {0xC312,19285,3}, {0xC313,19288,3}, {0xC314,19291,2}, {0xC315,19293,3}, {0xC316,19296,3}, {0xC317,19299,3},
    {0xC318,19302,3}, {0xC319,19305,3}, {0xC31A,19308,3}, {0xC31B,19311,3}, {0xC31C,19314,3}, {0xC31D,19317,3},
    {0xC31E,19320,3}, {0xC31F,19323,3}, {0xC320,19326,3}, {0xC321,19329,3}, {0xC322,19332,3}, {0xC323,19335,3},
    {0xC324,19338,3}, {0xC325,19341,3}, {0xC326,19344,3}, {0xC327,19347,3}, {0xC328,19350,3}, {0xC329,19353,3},
    {0xC32A,19356,3}, {0xC32B,19359,3}, {0xC32C,19362,3}, {0xC32D,19365,3}, {0xC32E,19368,3}, {0xC32F,19371,3},
    {0xC330,19374,2}, {0xC331,19376,3}, {0xC332,19379,3}, {0xC333,19382,3}, {0xC334,19385,3}, {0xC335,19388,3},
    {0xC336,19391,3}, {0xC337,19394,3}, {0xC338,19397,3}, {0xC339,19400,3}, {0xC33A,19403,3}, {0xC33B,19406,3},
    {0xC33C,19409,3}, {0xC33D,19412,3}, {0xC33E,19415,3}, {0xC33F,19418,3}, {0xC340,19421,3}, {0xC341,19424,3},
    {0xC342,19427,3}, {0xC343,19430,3}, {0xC344,19433,3}, {0xC345,19436,3}, {0xC346,19439,3}, {0xC347,19442,3},
    {0xC348,19445,3}, {0xC349,19448,3}, {0xC34A,19451,3}, {0xC34B,19454,3}, {0xC34C,19457,2}, {0xC34D,19459,3},
    {0xC34E,19462,3}, {0xC34F,19465,3}, {0xC350,19468,3}, {0xC351,19471,3}, {0xC352,19474,3}, {0xC353,19477,3},
    {0xC354,19480,3}, {0xC355,19483,3}, {0xC356,19486,3}, {0xC357,19489,3}, {0xC358,19492,3}, {0xC359,19495,3},
    {0xC35A,19498,3}, {0xC35B,19501,3}, {0xC35C,19504,3}, {0xC35D,19507,3}, {0xC35E,19510,3}, {0xC35F,19513,3},
    {0xC360,19516,3}, {0xC361,19519,3}, {0xC362,19522,3}, {0xC363,19525,3}, {0xC364,19528,3}, {0xC365,19531,3},
    {0xC366,19534,3}, {0xC367,19537,3}, {0xC368,19540,2}, {0xC369,19542,3}, {0xC36A,19545,3}, {0xC36B,19548,3},
    {0xC36C,19551,3}, {0xC36D,19554,3}, {0xC36E,19557,3}, {0xC36F,19560,3}, {0xC370,19563,3}, {0xC371,19566,3},
    {0xC372,19569,3}, {0xC373,19572,3}, {0xC374,19575,3}, {0xC375,19578,3}, {0xC376,19581,3}, {0xC377,19584,3},
    {0xC378,19587,3}, {0xC379,19590,3}, {0xC37A,19593,3}, {0xC37B,19596,3}, {0xC37C,19599,3}, {0xC37D,19602,3},
    {0xC37E,19605,3}, {0xC37F,19608,3}, {0xC380,19611,3}, {0xC381,19614,3}, {0xC382,19617,3}, {0xC383,19620,3},
    {0xC384,19623,2}, {0xC385,19625,3}, {0xC386,19628,3}, {0xC387,19631,3}, {0xC388,19634,3}, {0xC389,19637,3},
    {0xC38A,19640,3}, {0xC38B,19643,3}, {0xC38C,19646,3}, {0xC38D,19649,3}, {0xC38E,19652,3}, {0xC38F,19655,3},
    {0xC390,19658,3}, {0xC391,19661,3}, {0xC392,19664,3}, {0xC393,19667,3}, {0xC394,19670,3}, {0xC395,19673,3},
    {0xC396,19676,3}, {0xC397,19679,3}, {0xC398,19682,3}, {0xC399,19685,3}, {0xC39A,19688,3}, {0xC39B,19691,3},
    {0xC39C,19694,3}, {0xC39D,19697,3}, {0xC39E,19700,3}, {0xC39F,19703,3}, {0xC3A0,19706,2}, {0xC3A1,19708,3},
    {0xC3A2,19711,3}, {0xC3A3,19714,3}, {0xC3A4,19717,3}, {0xC3A5,19720,3}, {0xC3A6,19723,3}, {0xC3A7,19726,3},
    {0xC3A8,19729,3}, {0xC3A9,19732,3}, {0xC3AA,19735,3}, {0xC3AB,19738,3}, {0xC3AC,19741,3}, {0xC3AD,19744,3},
    {0xC3AE,19747,3}, {0xC3AF,19750,3}, {0xC3B0,19753,3}, {0xC3B1,19756,3}, {0xC3B2,19759,3}, {0xC3B3,19762,3},
    {0xC3B4,19765,3}, {0xC3B5,19768,3}, {0xC3B6,19771,3}, {0xC3B7,19774,3}, {0xC3B8,19777,3}, {0xC3B9,19780,3},
    {0xC3BA,19783,3}, {0xC3BB,19786,3}, {0xC3BC,19789,2}, {0xC3BD,19791,3}, {0xC3BE,19794,3}, {0xC3BF,19797,3},
    {0xC3C0,19800,3}, {0xC3C1,19803,3}, {0xC3C2,19806,3}, {0xC3C3,19809,3}, {0xC3C4,19812,3}, {0xC3C5,19815,3},
    {0xC3C6,19818,3}, {0xC3C7,19821,3}, {0xC3C8,19824,3}, {0xC3C9,19827,3}, {0xC3CA,19830,3}, {0xC3CB,19833,3},
    {0xC3CC,19836,3}, {0xC3CD,19839,3}, {0xC3CE,19842,3}, {0xC3CF,19845,3}, {0xC3D0,19848,3}, {0xC3D1,19851,3},
    {0xC3D2,19854,3}, {0xC3D3,19857,3}, {0xC3D4,19860,3}, {0xC3D5,19863,3}, {0xC3D6,19866,3}, {0xC3D7,19869,3},
    {0xC3D8,19872,2}, {0xC3D9,19874,3}, {0xC3DA,19877,3}, {0xC3DB,19880,3}, {0xC3DC,19883,3}, {0xC3DD,19886,3},
    {0xC3DE,19889,3}, {0xC3DF,19892,3}, {0xC3E0,19895,3}, {0xC3E1,19898,3}, {0xC3E2,19901,3}, {0xC3E3,19904,3},
    {0xC3E4,19907,3}, {0xC3E5,19910,3}, {0xC3E6,19913,3}, {0xC3E7,19916,3}, {0xC3E8,19919,3}, {0xC3E9,19922,3},
    {0xC3EA,19925,3}, {0xC3EB,19928,3}, {0xC3EC,19931,3}, {0xC3ED,19934,3}, {0xC3EE,19937,3}, {0xC3EF,19940,3},
    {0xC3F0,19943,3}, {0xC3F1,19946,3}, {0xC3F2,19949,3}, {0xC3F3,19952,3}, {0xC3F4,19955,2}, {0xC3F5,19957,3},
    {0xC3F6,19960,3}, {0xC3F7,19963,3}, {0xC3F8,19966,3}, {0xC3F9,19969,3}, {0xC3FA,19972,3}, {0xC3FB,19975,3},
    {0xC3FC,19978,3}, {0xC3FD,19981,3}, {0xC3FE,19984,3}, {0xC3FF,19987,3}, {0xC400,19990,3}, {0xC401,19993,3},
    {0xC402,19996,3}, {0xC403,19999,3}, {0xC404,20002,3}, {0xC405,20005,3}, {0xC406,20008,3}, {0xC407,20011,3},
    {0xC408,20014,3}, {0xC409,20017,3}, {0xC40A,20020,3}, {0xC40B,20023,3}, {0xC40C,20026,3}, {0xC40D,20029,3},
    {0xC40E,20032,3}, {0xC40F,20035,3}, {0xC410,20038,2}, {0xC411,20040,3}, {0xC412,20043,3}, {0xC413,20046,3},
    {0xC414,20049,3}, {0xC415,20052,3}, {0xC416,20055,3}, {0xC417,20058,3}, {0xC418,20061,3}, {0xC419,20064,3},
    {0xC41A,20067,3}, {0xC41B,20070,3}, {0xC41C,20073,3}, {0xC41D,20076,3}, {0xC41E,20079,3}, {0xC41F,20082,3},
    {0xC420,20085,3}, {0xC421,20088,3}, {0xC422,20091,3}, {0xC423,20094,3}, {0xC424,20097,3}, {0xC425,20100,3},
    {0xC426,20103,3}, {0xC427,20106,3}, {0xC428,20109,3}, {0xC429,20112,3}, {0xC42A,20115,3}, {0xC42B,20118,3},
    {0xC42C,20121,2}, {0xC42D,20123,3}, {0xC42E,20126,3}, {0xC42F,20129,3}, {0xC430,20132,3}, {0xC431,20135,3},
    {0xC432,20138,3}, {0xC433,20141,3}, {0xC434,20144,3}, {0xC435,20147,3}, {0xC436,20150,3}, {0xC437,20153,3},
    {0xC438,20156,3}, {0xC439,20159,3}, {0xC43A,20162,3}, {0xC43B,20165,3}, {0xC43C,20168,3}, {0xC43D,20171,3},
    {0xC43E,20174,3}, {0xC43F,20177,3}, {0xC440,20180,3}, {0xC441,20183,3}, {0xC442,20186,3}, {0xC443,20189,3},
    {0xC444,20192,3}, {0xC445,20195,3}, {0xC446,20198,3}, {0xC447,20201,3}, {0xC448,20204,2}, {0xC449,20206,3},
    {0xC44A,20209,3}, {0xC44B,20212,3}, {0xC44C,20215,3}, {0xC44D,20218,3}, {0xC44E,20221,3}, {0xC44F,20224,3},
    {0xC450,20227,3}, {0xC451,20230,3}, {0xC452,20233,3}, {0xC453,20236,3}, {0xC454,20239,3}, {0xC455,20242,3},
    {0xC456,20245,3}, {0xC457,20248,3}, {0xC458,20251,3}, {0xC459,20254,3}, {0xC45A,20257,3}, {0xC45B,20260,3},
    {0xC45C,20263,3}, {0xC45D,20266,3}, {0xC45E,20269,3}, {0xC45F,20272,3}, {0xC460,20275,3}, {0xC461,20278,3},
    {0xC462,20281,3}, {0xC463,20284,3}, {0xC464,20287,2}, {0xC465,20289,3}, {0xC466,20292,3}, {0xC467,20295,3},
    {0xC468,20298,3}, {0xC469,20301,3}, {0xC46A,20304,3}, {0xC46B,20307,3}, {0xC46C,20310,3}, {0xC46D,20313,3},
    {0xC46E,20316,3}, {0xC46F,20319,3}, {0xC470,20322,3}, {0xC471,20325,3}, {0xC472,20328,3}, {0xC473,20331,3},
    {0xC474,20334,3}, {0xC475,20337,3}, {0xC476,20340,3}, {0xC477,20343,3}, {0xC478,20346,3}, {0xC479,20349,3},
    {0xC47A,20352,3}, {0xC47B,20355,3}, {0xC47C,20358,3}, {0xC47D,20361,3}, {0xC47E,20364,3}, {0xC47F,20367,3},
    {0xC480,20370,2}, {0xC481,20372,3}, {0xC482,20375,3}, {0xC483,20378,3}, {0xC484,20381,3}, {0xC485,20384,3},
    {0xC486,20387,3}, {0xC487,20390,3}, {0xC488,20393,3}, {0xC489,20396,3}, {0xC48A,20399,3}, {0xC48B,20402,3},
    {0xC48C,20405,3}, {0xC48D,20408,3}, {0xC48E,20411,3}, {0xC48F,20414,3}, {0xC490,20417,3}, {0xC491,20420,3},
    {0xC492,20423,3}, {0xC493,20426,3}, {0xC494,20429,3}, {0xC495,20432,3}, {0xC496,20435,3}, {0xC497,20438,3},
    {0xC498,20441,3}, {0xC499,20444,3}, {0xC49A,20447,3}, {0xC49B,20450,3}, {0xC49C,20453,2}, {0xC49D,20455,3},
    {0xC49E,20458,3}, {0xC49F,20461,3}, {0xC4A0,20464,3}, {0xC4A1,20467,3}, {0xC4A2,20470,3}, {0xC4A3,20473,3},
    {0xC4A4,20476,3}, {0xC4A5,20479,3}, {0xC4A6,20482,3}, {0xC4A7,20485,3}, {0xC4A8,20488,3}, {0xC4A9,20491,3},
    {0xC4AA,20494,3}, {0xC4AB,20497,3}, {0xC4AC,20500,3}, {0xC4AD,20503,3}, {0xC4AE,20506,3}, {0xC4AF,20509,3},
    {0xC4B0,20512,3}, {0xC4B1,20515,3}, {0xC4B2,20518,3}, {0xC4B3,20521,3}, {0xC4B4,20524,3}, {0xC4B5,20527,3},
    {0xC4B6,20530,3}, {0xC4B7,20533,3}, {0xC4B8,20536,2}, {0xC4B9,20538,3}, {0xC4BA,20541,3}, {0xC4BB,20544,3},
    {0xC4BC,20547,3}, {0xC4BD,20550,3}, {0xC4BE,20553,3}, {0xC4BF,20556,3}, {0xC4C0,20559,3}, {0xC4C1,20562,3},
    {0xC4C2,20565,3}, {0xC4C3,20568,3}, {0xC4C4,20571,3}, {0xC4C5,20574,3}, {0xC4C6,20577,3}, {0xC4C7,20580,3},
    {0xC4C8,20583,3}, {0xC4C9,20586,3}, {0xC4CA,20589,3}, {0xC4CB,20592,3}, {0xC4CC,20595,3}, {0xC4CD,20598,3},
    {0xC4CE,20601,3}, {0xC4CF,20604,3}, {0xC4D0,20607,3}, {0xC4D1,20610,3}, {0xC4D2,20613,3}, {0xC4D3,20616,3},
    {0xC4D4,20619,2}, {0xC4D5,20621,3}, {0xC4D6,20624,3}, {0xC4D7,20627,3}, {0xC4D8,20630,3}, {0xC4D9,20633,3},
    {0xC4DA,20636,3}, {0xC4DB,20639,3}, {0xC4DC,20642,3}, {0xC4DD,20645,3}, {0xC4DE,20648,3}, {0xC4DF,20651,3},
    {0xC4E0,20654,3}, {0xC4E1,20657,3}, {0xC4E2,20660,3}, {0xC4E3,20663,3}, {0xC4E4,20666,3}, {0xC4E5,20669,3},
    {0xC4E6,20672,3}, {0xC4E7,20675,3}, {0xC4E8,20678,3}, {0xC4E9,20681,3}, {0xC4EA,20684,3}, {0xC4EB,20687,3},
    {0xC4EC,20690,3}, {0xC4ED,20693,3}, {0xC4EE,20696,3}, {0xC4EF,20699,3}, {0xC4F0,20702,2}, {0xC4F1,20704,3},
    {0xC4F2,20707,3}, {0xC4F3,20710,3}, {0xC4F4,20713,3}, {0xC4F5,20716,3}, {0xC4F6,20719,3}, {0xC4F7,20722,3},
    {0xC4F8,20725,3}, {0xC4F9,20728,3}, {0xC4FA,20731,3}, {0xC4FB,20734,3}, {0xC4FC,20737,3}, {0xC4FD,20740,3},
    {0xC4FE,20743,3}, {0xC4FF,20746,3}, {0xC500,20749,3}, {0xC501,20752,3}, {0xC502,20755,3}, {0xC503,20758,3},
    {0xC504,20761,3}, {0xC505,20764,3}, {0xC506,20767,3}, {0xC507,20770,3}, {0xC508,20773,3}, {0xC509,20776,3},
    {0xC50A,20779,3}, {0xC50B,20782,3}, {0xC50C,20785,2}, {0xC50D,20787,3}, {0xC50E,20790,3}, {0xC50F,20793,3},
    {0xC510,20796,3}, {0xC511,20799,3}, {0xC512,20802,3}, {0xC513,20805,3}, {0xC514,20808,3}, {0xC515,20811,3},
    {0xC516,20814,3}, {0xC517,20817,3}, {0xC518,20820,3}, {0xC519,20823,3}, {0xC51A,20826,3}, {0xC51B,20829,3},
    {0xC51C,20832,3}, {0xC51D,20835,3}, {0xC51E,20838,3}, {0xC51F,20841,3}, {0xC520,20844,3}, {0xC521,20847,3},
    {0xC522,20850,3}, {0xC523,20853,3}, {0xC524,20856,3}, {0xC525,20859,3}, {0xC526,20862,3}, {0xC527,20865,3},
    {0xC528,20868,2}, {0xC529,20870,3}, {0xC52A,20873,3}, {0xC52B,20876,3}, {0xC52C,20879,3}, {0xC52D,20882,3},
    {0xC52E,20885,3}, {0xC52F,20888,3}, {0xC530,20891,3}, {0xC531,20894,3}, {0xC532,20897,3}, {0xC533,20900,3},
    {0xC534,20903,3}, {0xC535,20906,3}, {0xC536,20909,3}, {0xC537,20912,3}, {0xC538,20915,3}, {0xC539,20918,3},
    {0xC53A,20921,3}, {0xC53B,20924,3}, {0xC53C,20927,3}, {0xC53D,20930,3}, {0xC53E,20933,3}, {0xC53F,20936,3},
    {0xC540,20939,3}, {0xC541,20942,3}, {0xC542,20945,3}, {0xC543,20948,3}, {0xC544,20951,2}, {0xC545,20953,3},
    {0xC546,20956,3}, {0xC547,20959,3}, {0xC548,20962,3}, {0xC549,20965,3}, {0xC54A,20968,3}, {0xC54B,20971,3},
    {0xC54C,20974,3}, {0xC54D,20977,3}, {0xC54E,20980,3}, {0xC54F,20983,3}, {0xC550,20986,3}, {0xC551,20989,3},
    {0xC552,20992,3}, {0xC553,20995,3}, {0xC554,20998,3}, {0xC555,21001,3}, {0xC556,21004,3}, {0xC557,21007,3},
    {0xC558,21010,3}, {0xC559,21013,3}, {0xC55A,21016,3}, {0xC55B,21019,3}, {0xC55C,21022,3}, {0xC55D,21025,3},
    {0xC55E,21028,3}, {0xC55F,21031,3}, {0xC560,21034,2}, {0xC561,21036,3}, {0xC562,21039,3}, {0xC563,21042,3},
    {0xC564,21045,3}, {0xC565,21048,3}, {0xC566,21051,3}, {0xC567,21054,3}, {0xC568,21057,3}, {0xC569,21060,3},
    {0xC56A,21063,3}, {0xC56B,21066,3}, {0xC56C,21069,3}, {0xC56D,21072,3}, {0xC56E,21075,3}, {0xC56F,21078,3},
    {0xC570,21081,3}, {0xC571,21084,3}, {0xC572,21087,3}, {0xC573,21090,3}, {0xC574,21093,3}, {0xC575,21096,3},
    {0xC576,21099,3}, {0xC577,21102,3}, {0xC578,21105,3}, {0xC579,21108,3}, {0xC57A,21111,3}, {0xC57B,21114,3},
    {0xC57C,21117,2}, {0xC57D,21119,3}, {0xC57E,21122,3}, {0xC57F,21125,3}, {0xC580,21128,3}, {0xC581,21131,3},
    {0xC582,21134,3}, {0xC583,21137,3}, {0xC584,21140,3}, {0xC585,21143,3}, {0xC586,21146,3}, {0xC587,21149,3},
    {0xC588,21152,3}, {0xC589,21155,3}, {0xC58A,21158,3}, {0xC58B,21161,3}, {0xC58C,21164,3}, {0xC58D,21167,3},
    {0xC58E,21170,3}, {0xC58F,21173,3}, {0xC590,21176,3}, {0xC591,21179,3}, {0xC592,21182,3}, {0xC593,21185,3},
    {0xC594,21188,3}, {0xC595,21191,3}, {0xC596,21194,3}, {0xC597,21197,3}, {0xC598,21200,2}, {0xC599,21202,3},
    {0xC59A,21205,3}, {0xC59B,21208,3}, {0xC59C,21211,3}, {0xC59D,21214,3}, {0xC59E,21217,3}, {0xC59F,21220,3},
    {0xC5A0,21223,3}, {0xC5A1,21226,3}, {0xC5A2,21229,3}, {0xC5A3,21232,3}, {0xC5A4,21235,3}, {0xC5A5,21238,3},
    {0xC5A6,21241,3}, {0xC5A7,21244,3}, {0xC5A8,21247,3}, {0xC5A9,21250,3}, {0xC5AA,21253,3}, {0xC5AB,21256,3},
    {0xC5AC,21259,3}, {0xC5AD,21262,3}, {0xC5AE,21265,3}, {0xC5AF,21268,3}, {0xC5B0,21271,3}, {0xC5B1,21274,3},
    {0xC5B2,21277,3}, {0xC5B3,21280,3}, {0xC5B4,21283,2}, {0xC5B5,21285,3}, {0xC5B6,21288,3}, {0xC5B7,21291,3},
    {0xC5B8,21294,3}, {0xC5B9,21297,3}, {0xC5BA,21300,3}, {0xC5BB,21303,3}, {0xC5BC,21306,3}, {0xC5BD,21309,3},
    {0xC5BE,21312,3}, {0xC5BF,21315,3}, {0xC5C0,21318,3}, {0xC5C1,21321,3}, {0xC5C2,21324,3}, {0xC5C3,21327,3},
    {0xC5C4,21330,3}, {0xC5C5,21333,3}, {0xC5C6,21336,3}, {0xC5C7,21339,3}, {0xC5C8,21342,3}, {0xC5C9,21345,3},
    {0xC5CA,21348,3}, {0xC5CB,21351,3}, {0xC5CC,21354,3}, {0xC5CD,21357,3}, {0xC5CE,21360,3}, {0xC5CF,21363,3},
    {0xC5D0,21366,2}, {0xC5D1,21368,3}, {0xC5D2,21371,3}, {0xC5D3,21374,3}, {0xC5D4,21377,3}, {0xC5D5,21380,3},
    {0xC5D6,21383,3}, {0xC5D7,21386,3}, {0xC5D8,21389,3}, {0xC5D9,21392,3}, {0xC5DA,21395,3}, {0xC5DB,21398,3},
    {0xC5DC,21401,3}, {0xC5DD,21404,3}, {0xC5DE,21407,3}, {0xC5DF,21410,3}, {0xC5E0,21413,3}, {0xC5E1,21416,3},
    {0xC5E2,21419,3}, {0xC5E3,21422,3}, {0xC5E4,21425,3}, {0xC5E5,21428,3}, {0xC5E6,21431,3}, {0xC5E7,21434,3},
    {0xC5E8,21437,3}, {0xC5E9,21440,3}, {0xC5EA,21443,3}, {0xC5EB,21446,3}, {0xC5EC,21449,2}, {0xC5ED,21451,3},
    {0xC5EE,21454,3}, {0xC5EF,21457,3}, {0xC5F0,21460,3}, {0xC5F1,21463,3}, {0xC5F2,21466,3}, {0xC5F3,21469,3},
    {0xC5F4,21472,3}, {0xC5F5,21475,3}, {0xC5F6,21478,3}, {0xC5F7,21481,3}, {0xC5F8,21484,3}, {0xC5F9,21487,3},
    {0xC5FA,21490,3}, {0xC5FB,21493,3}, {0xC5FC,21496,3}, {0xC5FD,21499,3}, {0xC5FE,21502,3}, {0xC5FF,21505,3},
    {0xC600,21508,3}, {0xC601,21511,3}, {0xC602,21514,3}, {0xC603,21517,3}, {0xC604,21520,3}, {0xC605,21523,3},
    {0xC606,21526,3}, {0xC607,21529,3}, {0xC608,21532,2}, {0xC609,21534,3}, {0xC60A,21537,3}, {0xC60B,21540,3},
    {0xC60C,21543,3}, {0xC60D,21546,3}, {0xC60E,21549,3}, {0xC60F,21552,3}, {0xC610,21555,3}, {0xC611,21558,3},
    {0xC612,21561,3}, {0xC613,21564,3}, {0xC614,21567,3}, {0xC615,21570,3}, {0xC616,21573,3}, {0xC617,21576,3},
    {0xC618,21579,3}, {0xC619,21582,3}, {0xC61A,21585,3}, {0xC61B,21588,3}, {0xC61C,21591,3}, {0xC61D,21594,3},
    {0xC61E,21597,3}, {0xC61F,21600,3}, {0xC620,21603,3}, {0xC621,21606,3}, {0xC622,21609,3}, {0xC623,21612,3},
    {0xC624,21615,2}, {0xC625,21617,3}, {0xC626,21620,3}, {0xC627,21623,3}, {0xC628,21626,3}, {0xC629,21629,3},
    {0xC62A,21632,3}, {0xC62B,21635,3}, {0xC62C,21638,3}, {0xC62D,21641,3}, {0xC62E,21644,3}, {0xC62F,21647,3},
    {0xC630,21650,3}, {0xC631,21653,3}, {0xC632,21656,3}, {0xC633,21659,3}, {0xC634,21662,3}, {0xC635,21665,3},
    {0xC636,21668,3}, {0xC637,21671,3}, {0xC638,21674,3}, {0xC639,21677,3}, {0xC63A,21680,3}, {0xC63B,21683,3},
    {0xC63C,21686,3}, {0xC63D,21689,3}, {0xC63E,21692,3}, {0xC63F,21695,3}, {0xC640,21698,2}, {0xC641,21700,3},
    {0xC642,21703,3}, {0xC643,21706,3}, {0xC644,21709,3}, {0xC645,21712,3}, {0xC646,21715,3}, {0xC647,21718,3},
    {0xC648,21721,3}, {0xC649,21724,3}, {0xC64A,21727,3}, {0xC64B,21730,3}, {0xC64C,21733,3}, {0xC64D,21736,3},
    {0xC64E,21739,3}, {0xC64F,21742,3}, {0xC650,21745,3}, {0xC651,21748,3}, {0xC652,21751,3}, {0xC653,21754,3},
    {0xC654,21757,3}, {0xC655,21760,3}, {0xC656,21763,3}, {0xC657,21766,3}, {0xC658,21769,3}, {0xC659,21772,3},
    {0xC65A,21775,3}, {0xC65B,21778,3}, {0xC65C,21781,2}, {0xC65D,21783,3}, {0xC65E,21786,3}, {0xC65F,21789,3},
    {0xC660,21792,3}, {0xC661,21795,3}, {0xC662,21798,3}, {0xC663,21801,3}, {0xC664,21804,3}, {0xC665,21807,3},
    {0xC666,21810,3}, {0xC667,21813,3}, {0xC668,21816,3}, {0xC669,21819,3}, {0xC66A,21822,3}, {0xC66B,21825,3},
    {0xC66C,21828,3}, {0xC66D,21831,3}, {0xC66E,21834,3}, {0xC66F,21837,3}, {0xC670,21840,3}, {0xC671,21843,3},
    {0xC672,21846,3}, {0xC673,21849,3}, {0xC674,21852,3}, {0xC675,21855,3}, {0xC676,21858,3}, {0xC677,21861,3},
    {0xC678,21864,2}, {0xC679,21866,3}, {0xC67A,21869,3}, {0xC67B,21872,3}, {0xC67C,21875,3}, {0xC67D,21878,3},
    {0xC67E,21881,3}, {0xC67F,21884,3}, {0xC680,21887,3}, {0xC681,21890,3}, {0xC682,21893,3}, {0xC683,21896,3},
    {0xC684,21899,3}, {0xC685,21902,3}, {0xC686,21905,3}, {0xC687,21908,3}, {0xC688,21911,3}, {0xC689,21914,3},
    {0xC68A,21917,3}, {0xC68B,21920,3}, {0xC68C,21923,3}, {0xC68D,21926,3}, {0xC68E,21929,3}, {0xC68F,21932,3},
    {0xC690,21935,3}, {0xC691,21938,3}, {0xC692,21941,3}, {0xC693,21944,3}, {0xC694,21947,2}, {0xC695,21949,3},
    {0xC696,21952,3}, {0xC697,21955,3}, {0xC698,21958,3}, {0xC699,21961,3}, {0xC69A,21964,3}, {0xC69B,21967,3},
    {0xC69C,21970,3}, {0xC69D,21973,3}, {0xC69E,21976,3}, {0xC69F,21979,3}, {0xC6A0,21982,3}, {0xC6A1,21985,3},
    {0xC6A2,21988,3}, {0xC6A3,21991,3}, {0xC6A4,21994,3}, {0xC6A5,21997,3}, {0xC6A6,22000,3}, {0xC6A7,22003,3},
    {0xC6A8,22006,3}, {0xC6A9,22009,3}, {0xC6AA,22012,3}, {0xC6AB,22015,3}, {0xC6AC,22018,3}, {0xC6AD,22021,3},
    {0xC6AE,22024,3}, {0xC6AF,22027,3}, {0xC6B0,22030,2}, {0xC6B1,22032,3}, {0xC6B2,22035,3}, {0xC6B3,22038,3},
    {0xC6B4,22041,3}, {0xC6B5,22044,3}, {0xC6B6,22047,3}, {0xC6B7,22050,3}, {0xC6B8,22053,3}, {0xC6B9,22056,3},
    {0xC6BA,22059,3}, {0xC6BB,22062,3}, {0xC6BC,22065,3}, {0xC6BD,22068,3}, {0xC6BE,22071,3}, {0xC6BF,22074,3},
    {0xC6C0,22077,3}, {0xC6C1,22080,3}, {0xC6C2,22083,3}, {0xC6C3,22086,3}, {0xC6C4,22089,3}, {0xC6C5,22092,3},
    {0xC6C6,22095,3}, {0xC6C7,22098,3}, {0xC6C8,22101,3}, {0xC6C9,22104,3}, {0xC6CA,22107,3}, {0xC6CB,22110,3},
    {0xC6CC,22113,2}, {0xC6CD,22115,3}, {0xC6CE,22118,3}, {0xC6CF,22121,3}, {0xC6D0,22124,3}, {0xC6D1,22127,3},
    {0xC6D2,22130,3}, {0xC6D3,22133,3}, {0xC6D4,22136,3}, {0xC6D5,22139,3}, {0xC6D6,22142,3}, {0xC6D7,22145,3},
    {0xC6D8,22148,3}, {0xC6D9,22151,3}, {0xC6DA,22154,3}, {0xC6DB,22157,3}, {0xC6DC,22160,3}, {0xC6DD,22163,3},
    {0xC6DE,22166,3}, {0xC6DF,22169,3}, {0xC6E0,22172,3}, {0xC6E1,22175,3}, {0xC6E2,22178,3}, {0xC6E3,22181,3},
    {0xC6E4,22184,3}, {0xC6E5,22187,3}, {0xC6E6,22190,3}, {0xC6E7,22193,3}, {0xC6E8,22196,2}, {0xC6E9,22198,3},
    {0xC6EA,22201,3}, {0xC6EB,22204,3}, {0xC6EC,22207,3}, {0xC6ED,22210,3}, {0xC6EE,22213,3}, {0xC6EF,22216,3},
    {0xC6F0,22219,3}, {0xC6F1,22222,3}, {0xC6F2,22225,3}, {0xC6F3,22228,3}, {0xC6F4,22231,3}, {0xC6F5,22234,3},
    {0xC6F6,22237,3}, {0xC6F7,22240,3}, {0xC6F8,22243,3}, {0xC6F9,22246,3}, {0xC6FA,22249,3}, {0xC6FB,22252,3},
    {0xC6FC,22255,3}, {0xC6FD,22258,3}, {0xC6FE,22261,3}, {0xC6FF,22264,3}, {0xC700,22267,3}, {0xC701,22270,3},
    {0xC702,22273,3}, {0xC703,22276,3}, {0xC704,22279,2}, {0xC705,22281,3}, {0xC706,22284,3}, {0xC707,22287,3},
    {0xC708,22290,3}, {0xC709,22293,3}, {0xC70A,22296,3}, {0xC70B,22299,3}, {0xC70C,22302,3}, {0xC70D,22305,3},
    {0xC70E,22308,3}, {0xC70F,22311,3}, {0xC710,22314,3}, {0xC711,22317,3}, {0xC712,22320,3}, {0xC713,22323,3},
    {0xC714,22326,3}, {0xC715,22329,3}, {0xC716,22332,3}, {0xC717,22335,3}, {0xC718,22338,3}, {0xC719,22341,3},
    {0xC71A,22344,3}, {0xC71B,22347,3}, {0xC71C,22350,3}, {0xC71D,22353,3}, {0xC71E,22356,3}, {0xC71F,22359,3},
    {0xC720,22362,2}, {0xC721,22364,3}, {0xC722,22367,3}, {0xC723,22370,3}, {0xC724,22373,3}, {0xC725,22376,3},
    {0xC726,22379,3}, {0xC727,22382,3}, {0xC728,22385,3}, {0xC729,22388,3}, {0xC72A,22391,3}, {0xC72B,22394,3},
    {0xC72C,22397,3}, {0xC72D,22400,3}, {0xC72E,22403,3}, {0xC72F,22406,3}, {0xC730,22409,3}, {0xC731,22412,3},
    {0xC732,22415,3}, {0xC733,22418,3}, {0xC734,22421,3}, {0xC735,22424,3}, {0xC736,22427,3}, {0xC737,22430,3},
    {0xC738,22433,3}, {0xC739,22436,3}, {0xC73A,22439,3}, {0xC73B,22442,3}, {0xC73C,22445,2}, {0xC73D,22447,3},
    {0xC73E,22450,3}, {0xC73F,22453,3}, {0xC740,22456,3}, {0xC741,22459,3}, {0xC742,22462,3}, {0xC743,22465,3},
    {0xC744,22468,3}, {0xC745,22471,3}, {0xC746,22474,3}, {0xC747,22477,3}, {0xC748,22480,3}, {0xC749,22483,3},
    {0xC74A,22486,3}, {0xC74B,22489,3}, {0xC74C,22492,3}, {0xC74D,22495,3}, {0xC74E,22498,3}, {0xC74F,22501,3},
    {0xC750,22504,3}, {0xC751,22507,3}, {0xC752,22510,3}, {0xC753,22513,3}, {0xC754,22516,3}, {0xC755,22519,3},
    {0xC756,22522,3}, {0xC757,22525,3}, {0xC758,22528,2}, {0xC759,22530,3}, {0xC75A,22533,3}, {0xC75B,22536,3},
    {0xC75C,22539,3}, {0xC75D,22542,3}, {0xC75E,22545,3}, {0xC75F,22548,3}, {0xC760,22551,3}, {0xC761,22554,3},
    {0xC762,22557,3}, {0xC763,22560,3}, {0xC764,22563,3}, {0xC765,22566,3}, {0xC766,22569,3}, {0xC767,22572,3},
    {0xC768,22575,3}, {0xC769,22578,3}, {0xC76A,22581,3}, {0xC76B,22584,3}, {0xC76C,22587,3}, {0xC76D,22590,3},
    {0xC76E,22593,3}, {0xC76F,22596,3}, {0xC770,22599,3}, {0xC771,22602,3}, {0xC772,22605,3}, {0xC773,22608,3},
    {0xC774,22611,2}, {0xC775,22613,3}, {0xC776,22616,3}, {0xC777,22619,3}, {0xC778,22622,3}, {0xC779,22625,3},
    {0xC77A,22628,3}, {0xC77B,22631,3}, {0xC77C,22634,3}, {0xC77D,22637,3}, {0xC77E,22640,3}, {0xC77F,22643,3},
    {0xC780,22646,3}, {0xC781,22649,3}, {0xC782,22652,3}, {0xC783,22655,3}, {0xC784,22658,3}, {0xC785,22661,3},
    {0xC786,22664,3}, {0xC787,22667,3}, {0xC788,22670,3}, {0xC789,22673,3}, {0xC78A,22676,3}, {0xC78B,22679,3},
    {0xC78C,22682,3}, {0xC78D,22685,3}, {0xC78E,22688,3}, {0xC78F,22691,3}, {0xC790,22694,2}, {0xC791,22696,3},
    {0xC792,22699,3}, {0xC793,22702,3}, {0xC794,22705,3}, {0xC795,22708,3}, {0xC796,22711,3}, {0xC797,22714,3},
    {0xC798,22717,3}, {0xC799,22720,3}, {0xC79A,22723,3}, {0xC79B,22726,3}, {0xC79C,22729,3}, {0xC79D,22732,3},
    {0xC79E,22735,3}, {0xC79F,22738,3}, {0xC7A0,22741,3}, {0xC7A1,22744,3}, {0xC7A2,22747,3}, {0xC7A3,22750,3},
    {0xC7A4,22753,3}, {0xC7A5,22756,3}, {0xC7A6,22759,3}, {0xC7A7,22762,3}, {0xC7A8,22765,3}, {0xC7A9,22768,3},
    {0xC7AA,22771,3}, {0xC7AB,22774,3}, {0xC7AC,22777,2}, {0xC7AD,22779,3}, {0xC7AE,22782,3}, {0xC7AF,22785,3},
    {0xC7B0,22788,3}, {0xC7B1,22791,3}, {0xC7B2,22794,3}, {0xC7B3,22797,3}, {0xC7B4,22800,3}, {0xC7B5,22803,3},
    {0xC7B6,22806,3}, {0xC7B7,22809,3}, {0xC7B8,22812,3}, {0xC7B9,22815,3}, {0xC7BA,22818,3}, {0xC7BB,22821,3},
    {0xC7BC,22824,3}, {0xC7BD,22827,3}, {0xC7BE,22830,3}, {0xC7BF,22833,3}, {0xC7C0,22836,3}, {0xC7C1,22839,3},
    {0xC7C2,22842,3}, {0xC7C3,22845,3}, {0xC7C4,22848,3}, {0xC7C5,22851,3}, {0xC7C6,22854,3}, {0xC7C7,22857,3},
    {0xC7C8,22860,2}, {0xC7C9,22862,3}, {0xC7CA,22865,3}, {0xC7CB,22868,3}, {0xC7CC,22871,3}, {0xC7CD,22874,3},
    {0xC7CE,22877,3}, {0xC7CF,22880,3}, {0xC7D0,22883,3}, {0xC7D1,22886,3}, {0xC7D2,22889,3}, {0xC7D3,22892,3},
    {0xC7D4,22895,3}, {0xC7D5,22898,3}, {0xC7D6,22901,3}, {0xC7D7,22904,3}, {0xC7D8,22907,3}, {0xC7D9,22910,3},
    {0xC7DA,22913,3}, {0xC7DB,22916,3}, {0xC7DC,22919,3}, {0xC7DD,22922,3}, {0xC7DE,22925,3}, {0xC7DF,22928,3},
    {0xC7E0,22931,3}, {0xC7E1,22934,3}, {0xC7E2,22937,3}, {0xC7E3,22940,3}, {0xC7E4,22943,2}, {0xC7E5,22945,3},
    {0xC7E6,22948,3}, {0xC7E7,22951,3}, {0xC7E8,22954,3}, {0xC7E9,22957,3}, {0xC7EA,22960,3}, {0xC7EB,22963,3},
    {0xC7EC,22966,3}, {0xC7ED,22969,3}, {0xC7EE,22972,3}, {0xC7EF,22975,3}, {0xC7F0,22978,3}, {0xC7F1,22981,3},
    {0xC7F2,22984,3}, {0xC7F3,22987,3}, {0xC7F4,22990,3}, {0xC7F5,22993,3}, {0xC7F6,22996,3}, {0xC7F7,22999,3},
    {0xC7F8,23002,3}, {0xC7F9,23005,3}, {0xC7FA,23008,3}, {0xC7FB,23011,3}, {0xC7FC,23014,3}, {0xC7FD,23017,3},
    {0xC7FE,23020,3}, {0xC7FF,23023,3}, {0xC800,23026,2}, {0xC801,23028,3}, {0xC802,23031,3}, {0xC803,23034,3},
    {0xC804,23037,3}, {0xC805,23040,3}, {0xC806,23043,3}, {0xC807,23046,3}, {0xC808,23049,3}, {0xC809,23052,3},
    {0xC80A,23055,3}, {0xC80B,23058,3}, {0xC80C,23061,3}, {0xC80D,23064,3}, {0xC80E,23067,3}, {0xC80F,23070,3},
    {0xC810,23073,3}, {0xC811,23076,3}, {0xC812,23079,3}, {0xC813,23082,3}, {0xC814,23085,3}, {0xC815,23088,3},
    {0xC816,23091,3}, {0xC817,23094,3}, {0xC818,23097,3}, {0xC819,23100,3}, {0xC81A,23103,3}, {0xC81B,23106,3},
    {0xC81C,23109,2}, {0xC81D,23111,3}, {0xC81E,23114,3}, {0xC81F,23117,3}, {0xC820,23120,3}, {0xC821,23123,3},
    {0xC822,23126,3}, {0xC823,23129,3}, {0xC824,23132,3}, {0xC825,23135,3}, {0xC826,23138,3}, {0xC827,23141,3},
    {0xC828,23144,3}, {0xC829,23147,3}, {0xC82A,23150,3}, {0xC82B,23153,3}, {0xC82C,23156,3}, {0xC82D,23159,3},
    {0xC82E,23162,3}, {0xC82F,23165,3}, {0xC830,23168,3}, {0xC831,23171,3}, {0xC832,23174,3}, {0xC833,23177,3},
    {0xC834,23180,3}, {0xC835,23183,3}, {0xC836,23186,3}, {0xC837,23189,3}, {0xC838,23192,2}, {0xC839,23194,3},
    {0xC83A,23197,3}, {0xC83B,23200,3}, {0xC83C,23203,3}, {0xC83D,23206,3}, {0xC83E,23209,3}, {0xC83F,23212,3},
    {0xC840,23215,3}, {0xC841,23218,3}, {0xC842,23221,3}, {0xC843,23224,3}, {0xC844,23227,3}, {0xC845,23230,3},
    {0xC846,23233,3}, {0xC847,23236,3}, {0xC848,23239,3}, {0xC849,23242,3}, {0xC84A,23245,3}, {0xC84B,23248,3},
    {0xC84C,23251,3}, {0xC84D,23254,3}, {0xC84E,23257,3}, {0xC84F,23260,3}, {0xC850,23263,3}, {0xC851,23266,3},
    {0xC852,23269,3}, {0xC853,23272,3}, {0xC854,23275,2}, {0xC855,23277,3}, {0xC856,23280,3}, {0xC857,23283,3},
    {0xC858,23286,3}, {0xC859,23289,3}, {0xC85A,23292,3}, {0xC85B,23295,3}, {0xC85C,23298,3}, {0xC85D,23301,3},
    {0xC85E,23304,3}, {0xC85F,23307,3}, {0xC860,23310,3}, {0xC861,23313,3}, {0xC862,23316,3}, {0xC863,23319,3},
    {0xC864,23322,3}, {0xC865,23325,3}, {0xC866,23328,3}, {0xC867,23331,3}, {0xC868,23334,3}, {0xC869,23337,3},
    {0xC86A,23340,3}, {0xC86B,23343,3}, {0xC86C,23346,3}, {0xC86D,23349,3}, {0xC86E,23352,3}, {0xC86F,23355,3},
    {0xC870,23358,2}, {0xC871,23360,3}, {0xC872,23363,3}, {0xC873,23366,3}, {0xC874,23369,3}, {0xC875,23372,3},
    {0xC876,23375,3}, {0xC877,23378,3}, {0xC878,23381,3}, {0xC879,23384,3}, {0xC87A,23387,3}, {0xC87B,23390,3},
    {0xC87C,23393,3}, {0xC87D,23396,3}, {0xC87E,23399,3}, {0xC87F,23402,3}, {0xC880,23405,3}, {0xC881,23408,3},
    {0xC882,23411,3}, {0xC883,23414,3}, {0xC884,23417,3}, {0xC885,23420,3}, {0xC886,23423,3}, {0xC887,23426,3},
    {0xC888,23429,3}, {0xC889,23432,3}, {0xC88A,23435,3}, {0xC88B,23438,3}, {0xC88C,23441,2}, {0xC88D,23443,3},
    {0xC88E,23446,3}, {0xC88F,23449,3}, {0xC890,23452,3}, {0xC891,23455,3}, {0xC892,23458,3}, {0xC893,23461,3},
    {0xC894,23464,3}, {0xC895,23467,3}, {0xC896,23470,3}, {0xC897,23473,3}, {0xC898,23476,3}, {0xC899,23479,3},
    {0xC89A,23482,3}, {0xC89B,23485,3}, {0xC89C,23488,3}, {0xC89D,23491,3}, {0xC89E,23494,3}, {0xC89F,23497,3},
    {0xC8A0,23500,3}, {0xC8A1,23503,3}, {0xC8A2,23506,3}, {0xC8A3,23509,3}, {0xC8A4,23512,3}, {0xC8A5,23515,3},
    {0xC8A6,23518,3}, {0xC8A7,23521,3}, {0xC8A8,23524,2}, {0xC8A9,23526,3}, {0xC8AA,23529,3}, {0xC8AB,23532,3},
    {0xC8AC,23535,3}, {0xC8AD,23538,3}, {0xC8AE,23541,3}, {0xC8AF,23544,3}, {0xC8B0,23547,3}, {0xC8B1,23550,3},
    {0xC8B2,23553,3}, {0xC8B3,23556,3}, {0xC8B4,23559,3}, {0xC8B5,23562,3}, {0xC8B6,23565,3}, {0xC8B7,23568,3},
    {0xC8B8,23571,3}, {0xC8B9,23574,3}, {0xC8BA,23577,3}, {0xC8BB,23580,3}, {0xC8BC,23583,3}, {0xC8BD,23586,3},
    {0xC8BE,23589,3}, {0xC8BF,23592,3}, {0xC8C0,23595,3}, {0xC8C1,23598,3}, {0xC8C2,23601,3}, {0xC8C3,23604,3},
    {0xC8C4,23607,2}, {0xC8C5,23609,3}, {0xC8C6,23612,3}, {0xC8C7,23615,3}, {0xC8C8,23618,3}, {0xC8C9,23621,3},
    {0xC8CA,23624,3}, {0xC8CB,23627,3}, {0xC8CC,23630,3}, {0xC8CD,23633,3}, {0xC8CE,23636,3}, {0xC8CF,23639,3},
    {0xC8D0,23642,3}, {0xC8D1,23645,3}, {0xC8D2,23648,3}, {0xC8D3,23651,3}, {0xC8D4,23654,3}, {0xC8D5,23657,3},
    {0xC8D6,23660,3}, {0xC8D7,23663,3}, {0xC8D8,23666,3}, {0xC8D9,23669,3}, {0xC8DA,23672,3}, {0xC8DB,23675,3},
    {0xC8DC,23678,3}, {0xC8DD,23681,3}, {0xC8DE,23684,3}, {0xC8DF,23687,3}, {0xC8E0,23690,2}, {0xC8E1,23692,3},
    {0xC8E2,23695,3}, {0xC8E3,23698,3}, {0xC8E4,23701,3}, {0xC8E5,23704,3}, {0xC8E6,23707,3}, {0xC8E7,23710,3},
    {0xC8E8,23713,3}, {0xC8E9,23716,3}, {0xC8EA,23719,3}, {0xC8EB,23722,3}, {0xC8EC,23725,3}, {0xC8ED,23728,3},
    {0xC8EE,23731,3}, {0xC8EF,23734,3}, {0xC8F0,23737,3}, {0xC8F1,23740,3}, {0xC8F2,23743,3}, {0xC8F3,23746,3},
    {0xC8F4,23749,3}, {0xC8F5,23752,3}, {0xC8F6,23755,3}, {0xC8F7,23758,3}, {0xC8F8,23761,3}, {0xC8F9,23764,3},
    {0xC8FA,23767,3}, {0xC8FB,23770,3}, {0xC8FC,23773,2}, {0xC8FD,23775,3}, {0xC8FE,23778,3}, {0xC8FF,23781,3},
    {0xC900,23784,3}, {0xC901,23787,3}, {0xC902,23790,3}, {0xC903,23793,3}, {0xC904,23796,3}, {0xC905,23799,3},
    {0xC906,23802,3}, {0xC907,23805,3}, {0xC908,23808,3}, {0xC909,23811,3}, {0xC90A,23814,3}, {0xC90B,23817,3},
    {0xC90C,23820,3}, {0xC90D,23823,3}, {0xC90E,23826,3}, {0xC90F,23829,3}, {0xC910,23832,3}, {0xC911,23835,3},
    {0xC912,23838,3}, {0xC913,23841,3}, {0xC914,23844,3}, {0xC915,23847,3}, {0xC916,23850,3}, {0xC917,23853,3},
    {0xC918,23856,2}, {0xC919,23858,3}, {0xC91A,23861,3}, {0xC91B,23864,3}, {0xC91C,23867,3}, {0xC91D,23870,3},
    {0xC91E,23873,3}, {0xC91F,23876,3}, {0xC920,23879,3}, {0xC921,23882,3}, {0xC922,23885,3}, {0xC923,23888,3},
    {0xC924,23891,3}, {0xC925,23894,3}, {0xC926,23897,3}, {0xC927,23900,3}, {0xC928,23903,3}, {0xC929,23906,3},
    {0xC92A,23909,3}, {0xC92B,23912,3}, {0xC92C,23915,3}, {0xC92D,23918,3}, {0xC92E,23921,3}, {0xC92F,23924,3},
    {0xC930,23927,3}, {0xC931,23930,3}, {0xC932,23933,3}, {0xC933,23936,3}, {0xC934,23939,2}, {0xC935,23941,3},
    {0xC936,23944,3}, {0xC937,23947,3}, {0xC938,23950,3}, {0xC939,23953,3}, {0xC93A,23956,3}, {0xC93B,23959,3},
    {0xC93C,23962,3}, {0xC93D,23965,3}, {0xC93E,23968,3}, {0xC93F,23971,3}, {0xC940,23974,3}, {0xC941,23977,3},
    {0xC942,23980,3}, {0xC943,23983,3}, {0xC944,23986,3}, {0xC945,23989,3}, {0xC946,23992,3}, {0xC947,23995,3},
    {0xC948,23998,3}, {0xC949,24001,3}, {0xC94A,24004,3}, {0xC94B,24007,3}, {0xC94C,24010,3}, {0xC94D,24013,3},
    {0xC94E,24016,3}, {0xC94F,24019,3}, {0xC950,24022,2}, {0xC951,24024,3}, {0xC952,24027,3}, {0xC953,24030,3},
    {0xC954,24033,3}, {0xC955,24036,3}, {0xC956,24039,3}, {0xC957,24042,3}, {0xC958,24045,3}, {0xC959,24048,3},
    {0xC95A,24051,3}, {0xC95B,24054,3}, {0xC95C,24057,3}, {0xC95D,24060,3}, {0xC95E,24063,3}, {0xC95F,24066,3},
    {0xC960,24069,3}, {0xC961,24072,3}, {0xC962,24075,3}, {0xC963,24078,3}, {0xC964,24081,3}, {0xC965,24084,3},
    {0xC966,24087,3}, {0xC967,24090,3}, {0xC968,24093,3}, {0xC969,24096,3}, {0xC96A,24099,3}, {0xC96B,24102,3},
    {0xC96C,24105,2}, {0xC96D,24107,3}, {0xC96E,24110,3}, {0xC96F,24113,3}, {0xC970,24116,3}, {0xC971,24119,3},
    {0xC972,24122,3}, {0xC973,24125,3}, {0xC974,24128,3}, {0xC975,24131,3}, {0xC976,24134,3}, {0xC977,24137,3},
    {0xC978,24140,3}, {0xC979,24143,3}, {0xC97A,24146,3}, {0xC97B,24149,3}, {0xC97C,24152,3}, {0xC97D,24155,3},
    {0xC97E,24158,3}, {0xC97F,24161,3}, {0xC980,24164,3}, {0xC981,24167,3}, {0xC982,24170,3}, {0xC983,24173,3},
    {0xC984,24176,3}, {0xC985,24179,3}, {0xC986,24182,3}, {0xC987,24185,3}, {0xC988,24188,2}, {0xC989,24190,3},
    {0xC98A,24193,3}, {0xC98B,24196,3}, {0xC98C,24199,3}, {0xC98D,24202,3}, {0xC98E,24205,3}, {0xC98F,24208,3},
    {0xC990,24211,3}, {0xC991,24214,3}, {0xC992,24217,3}, {0xC993,24220,3}, {0xC994,24223,3}, {0xC995,24226,3},
    {0xC996,24229,3}, {0xC997,24232,3}, {0xC998,24235,3}, {0xC999,24238,3}, {0xC99A,24241,3}, {0xC99B,24244,3},
    {0xC99C,24247,3}, {0xC99D,24250,3}, {0xC99E,24253,3}, {0xC99F,24256,3}, {0xC9A0,24259,3}, {0xC9A1,24262,3},
    {0xC9A2,24265,3}, {0xC9A3,24268,3}, {0xC9A4,24271,2}, {0xC9A5,24273,3}, {0xC9A6,24276,3}, {0xC9A7,24279,3},
    {0xC9A8,24282,3}, {0xC9A9,24285,3}, {0xC9AA,24288,3}, {0xC9AB,24291,3}, {0xC9AC,24294,3}, {0xC9AD,24297,3},
    {0xC9AE,24300,3}, {0xC9AF,24303,3}, {0xC9B0,24306,3}, {0xC9B1,24309,3}, {0xC9B2,24312,3}, {0xC9B3,24315,3},
    {0xC9B4,24318,3}, {0xC9B5,24321,3}, {0xC9B6,24324,3}, {0xC9B7,24327,3}, {0xC9B8,24330,3}, {0xC9B9,24333,3},
    {0xC9BA,24336,3}, {0xC9BB,24339,3}, {0xC9BC,24342,3}, {0xC9BD,24345,3}, {0xC9BE,24348,3}, {0xC9BF,24351,3},
    {0xC9C0,24354,2}, {0xC9C1,24356,3}, {0xC9C2,24359,3}, {0xC9C3,24362,3}, {0xC9C4,24365,3}, {0xC9C5,24368,3},
    {0xC9C6,24371,3}, {0xC9C7,24374,3}, {0xC9C8,24377,3}, {0xC9C9,24380,3}, {0xC9CA,24383,3}, {0xC9CB,24386,3},
    {0xC9CC,24389,3}, {0xC9CD,24392,3}, {0xC9CE,24395,3}, {0xC9CF,24398,3}, {0xC9D0,24401,3}, {0xC9D1,24404,3},
    {0xC9D2,24407,3}, {0xC9D3,24410,3}, {0xC9D4,24413,3}, {0xC9D5,24416,3}, {0xC9D6,24419,3}, {0xC9D7,24422,3},
    {0xC9D8,24425,3}, {0xC9D9,24428,3}, {0xC9DA,24431,3}, {0xC9DB,24434,3}, {0xC9DC,24437,2}, {0xC9DD,24439,3},
    {0xC9DE,24442,3}, {0xC9DF,24445,3}, {0xC9E0,24448,3}, {0xC9E1,24451,3}, {0xC9E2,24454,3}, {0xC9E3,24457,3},
    {0xC9E4,24460,3}, {0xC9E5,24463,3}, {0xC9E6,24466,3}, {0xC9E7,24469,3}, {0xC9E8,24472,3}, {0xC9E9,24475,3},
    {0xC9EA,24478,3}, {0xC9EB,24481,3}, {0xC9EC,24484,3}, {0xC9ED,24487,3}, {0xC9EE,24490,3}, {0xC9EF,24493,3},
    {0xC9F0,24496,3}, {0xC9F1,24499,3}, {0xC9F2,24502,3}, {0xC9F3,24505,3}, {0xC9F4,24508,3}, {0xC9F5,24511,3},
    {0xC9F6,24514,3}, {0xC9F7,24517,3}, {0xC9F8,24520,2}, {0xC9F9,24522,3}, {0xC9FA,24525,3}, {0xC9FB,24528,3},
    {0xC9FC,24531,3}, {0xC9FD,24534,3}, {0xC9FE,24537,3}, {0xC9FF,24540,3}, {0xCA00,24543,3}, {0xCA01,24546,3},
    {0xCA02,24549,3}, {0xCA03,24552,3}, {0xCA04,24555,3}, {0xCA05,24558,3}, {0xCA06,24561,3}, {0xCA07,24564,3},
    {0xCA08,24567,3}, {0xCA09,24570,3}, {0xCA0A,24573,3}, {0xCA0B,24576,3}, {0xCA0C,24579,3}, {0xCA0D,24582,3},
    {0xCA0E,24585,3}, {0xCA0F,24588,3}, {0xCA10,24591,3}, {0xCA11,24594,3}, {0xCA12,24597,3}, {0xCA13,24600,3},
    {0xCA14,24603,2}, {0xCA15,24605,3}, {0xCA16,24608,3}, {0xCA17,24611,3}, {0xCA18,24614,3}, {0xCA19,24617,3},
    {0xCA1A,24620,3}, {0xCA1B,24623,3}, {0xCA1C,24626,3}, {0xCA1D,24629,3}, {0xCA1E,24632,3}, {0xCA1F,24635,3},
    {0xCA20,24638,3}, {0xCA21,24641,3}, {0xCA22,24644,3}, {0xCA23,24647,3}, {0xCA24,24650,3}, {0xCA25,24653,3},
    {0xCA26,24656,3}, {0xCA27,24659,3}, {0xCA28,24662,3}, {0xCA29,24665,3}, {0xCA2A,24668,3}, {0xCA2B,24671,3},
    {0xCA2C,24674,3}, {0xCA2D,24677,3}, {0xCA2E,24680,3}, {0xCA2F,24683,3}, {0xCA30,24686,2}, {0xCA31,24688,3},
    {0xCA32,24691,3}, {0xCA33,24694,3}, {0xCA34,24697,3}, {0xCA35,24700,3}, {0xCA36,24703,3}, {0xCA37,24706,3},
    {0xCA38,24709,3}, {0xCA39,24712,3}, {0xCA3A,24715,3}, {0xCA3B,24718,3}, {0xCA3C,24721,3}, {0xCA3D,24724,3},
    {0xCA3E,24727,3}, {0xCA3F,24730,3}, {0xCA40,24733,3}, {0xCA41,24736,3}, {0xCA42,24739,3}, {0xCA43,24742,3},
    {0xCA44,24745,3}, {0xCA45,24748,3}, {0xCA46,24751,3}, {0xCA47,24754,3}, {0xCA48,24757,3}, {0xCA49,24760,3},
    {0xCA4A,24763,3}, {0xCA4B,24766,3}, {0xCA4C,24769,2}, {0xCA4D,24771,3}, {0xCA4E,24774,3}, {0xCA4F,24777,3},
    {0xCA50,24780,3}, {0xCA51,24783,3}, {0xCA52,24786,3}, {0xCA53,24789,3}, {0xCA54,24792,3}, {0xCA55,24795,3},
    {0xCA56,24798,3}, {0xCA57,24801,3}, {0xCA58,24804,3}, {0xCA59,24807,3}, {0xCA5A,24810,3}, {0xCA5B,24813,3},
    {0xCA5C,24816,3}, {0xCA5D,24819,3}, {0xCA5E,24822,3}, {0xCA5F,24825,3}, {0xCA60,24828,3}, {0xCA61,24831,3},
    {0xCA62,24834,3}, {0xCA63,24837,3}, {0xCA64,24840,3}, {0xCA65,24843,3}, {0xCA66,24846,3}, {0xCA67,24849,3},
    {0xCA68,24852,2}, {0xCA69,24854,3}, {0xCA6A,24857,3}, {0xCA6B,24860,3}, {0xCA6C,24863,3}, {0xCA6D,24866,3},
    {0xCA6E,24869,3}, {0xCA6F,24872,3}, {0xCA70,24875,3}, {0xCA71,24878,3}, {0xCA72,24881,3}, {0xCA73,24884,3},
    {0xCA74,24887,3}, {0xCA75,24890,3}, {0xCA76,24893,3}, {0xCA77,24896,3}, {0xCA78,24899,3}, {0xCA79,24902,3},
    {0xCA7A,24905,3}, {0xCA7B,24908,3}, {0xCA7C,24911,3}, {0xCA7D,24914,3}, {0xCA7E,24917,3}, {0xCA7F,24920,3},
    {0xCA80,24923,3}, {0xCA81,24926,3}, {0xCA82,24929,3}, {0xCA83,24932,3}, {0xCA84,24935,2}, {0xCA85,24937,3},
    {0xCA86,24940,3}, {0xCA87,24943,3}, {0xCA88,24946,3}, {0xCA89,24949,3}, {0xCA8A,24952,3}, {0xCA8B,24955,3},
    {0xCA8C,24958,3}, {0xCA8D,24961,3}, {0xCA8E,24964,3}, {0xCA8F,24967,3}, {0xCA90,24970,3}, {0xCA91,24973,3},
    {0xCA92,24976,3}, {0xCA93,24979,3}, {0xCA94,24982,3}, {0xCA95,24985,3}, {0xCA96,24988,3}, {0xCA97,24991,3},
    {0xCA98,24994,3}, {0xCA99,24997,3}, {0xCA9A,25000,3}, {0xCA9B,25003,3}, {0xCA9C,25006,3}, {0xCA9D,25009,3},
    {0xCA9E,25012,3}, {0xCA9F,25015,3}, {0xCAA0,25018,2}, {0xCAA1,25020,3}, {0xCAA2,25023,3}, {0xCAA3,25026,3},
    {0xCAA4,25029,3}, {0xCAA5,25032,3}, {0xCAA6,25035,3}, {0xCAA7,25038,3}, {0xCAA8,25041,3}, {0xCAA9,25044,3},
    {0xCAAA,25047,3}, {0xCAAB,25050,3}, {0xCAAC,25053,3}, {0xCAAD,25056,3}, {0xCAAE,25059,3}, {0xCAAF,25062,3},
    {0xCAB0,25065,3}, {0xCAB1,25068,3}, {0xCAB2,25071,3}, {0xCAB3,25074,3}, {0xCAB4,25077,3}, {0xCAB5,25080,3},
    {0xCAB6,25083,3}, {0xCAB7,25086,3}, {0xCAB8,25089,3}, {0xCAB9,25092,3}, {0xCABA,25095,3}, {0xCABB,25098,3},
    {0xCABC,25101,2}, {0xCABD,25103,3}, {0xCABE,25106,3}, {0xCABF,25109,3}, {0xCAC0,25112,3}, {0xCAC1,25115,3},
    {0xCAC2,25118,3}, {0xCAC3,25121,3}, {0xCAC4,25124,3}, {0xCAC5,25127,3}, {0xCAC6,25130,3}, {0xCAC7,25133,3},
    {0xCAC8,25136,3}, {0xCAC9,25139,3}, {0xCACA,25142,3}, {0xCACB,25145,3}, {0xCACC,25148,3}, {0xCACD,25151,3},
    {0xCACE,25154,3}, {0xCACF,25157,3}, {0xCAD0,25160,3}, {0xCAD1,25163,3}, {0xCAD2,25166,3}, {0xCAD3,25169,3},
    {0xCAD4,25172,3}, {0xCAD5,25175,3}, {0xCAD6,25178,3}, {0xCAD7,25181,3}, {0xCAD8,25184,2}, {0xCAD9,25186,3},
    {0xCADA,25189,3}, {0xCADB,25192,3}, {0xCADC,25195,3}, {0xCADD,25198,3}, {0xCADE,25201,3}, {0xCADF,25204,3},
    {0xCAE0,25207,3}, {0xCAE1,25210,3}, {0xCAE2,25213,3}, {0xCAE3,25216,3}, {0xCAE4,25219,3}, {0xCAE5,25222,3},
    {0xCAE6,25225,3}, {0xCAE7,25228,3}, {0xCAE8,25231,3}, {0xCAE9,25234,3}, {0xCAEA,25237,3}, {0xCAEB,25240,3},
    {0xCAEC,25243,3}, {0xCAED,25246,3}, {0xCAEE,25249,3}, {0xCAEF,25252,3}, {0xCAF0,25255,3}, {0xCAF1,25258,3},
    {0xCAF2,25261,3}, {0xCAF3,25264,3}, {0xCAF4,25267,2}, {0xCAF5,25269,3}, {0xCAF6,25272,3}, {0xCAF7,25275,3},
    {0xCAF8,25278,3}, {0xCAF9,25281,3}, {0xCAFA,25284,3}, {0xCAFB,25287,3}, {0xCAFC,25290,3}, {0xCAFD,25293,3},
    {0xCAFE,25296,3}, {0xCAFF,25299,3}, {0xCB00,25302,3}, {0xCB01,25305,3}, {0xCB02,25308,3}, {0xCB03,25311,3},
    {0xCB04,25314,3}, {0xCB05,25317,3}, {0xCB06,25320,3}, {0xCB07,25323,3}, {0xCB08,25326,3}, {0xCB09,25329,3},
    {0xCB0A,25332,3}, {0xCB0B,25335,3}, {0xCB0C,25338,3}, {0xCB0D,25341,3}, {0xCB0E,25344,3}, {0xCB0F,25347,3},
    {0xCB10,25350,2}, {0xCB11,25352,3}, {0xCB12,25355,3}, {0xCB13,25358,3}, {0xCB14,25361,3}, {0xCB15,25364,3},
    {0xCB16,25367,3}, {0xCB17,25370,3}, {0xCB18,25373,3}, {0xCB19,25376,3}, {0xCB1A,25379,3}, {0xCB1B,25382,3},
    {0xCB1C,25385,3}, {0xCB1D,25388,3}, {0xCB1E,25391,3}, {0xCB1F,25394,3}, {0xCB20,25397,3}, {0xCB21,25400,3},
    {0xCB22,25403,3}, {0xCB23,25406,3}, {0xCB24,25409,3}, {0xCB25,25412,3}, {0xCB26,25415,3}, {0xCB27,25418,3},
    {0xCB28,25421,3}, {0xCB29,25424,3}, {0xCB2A,25427,3}, {0xCB2B,25430,3}, {0xCB2C,25433,2}, {0xCB2D,25435,3},
    {0xCB2E,25438,3}, {0xCB2F,25441,3}, {0xCB30,25444,3}, {0xCB31,25447,3}, {0xCB32,25450,3}, {0xCB33,25453,3},
    {0xCB34,25456,3}, {0xCB35,25459,3}, {0xCB36,25462,3}, {0xCB37,25465,3}, {0xCB38,25468,3}, {0xCB39,25471,3},
    {0xCB3A,25474,3}, {0xCB3B,25477,3}, {0xCB3C,25480,3}, {0xCB3D,25483,3}, {0xCB3E,25486,3}, {0xCB3F,25489,3},
    {0xCB40,25492,3}, {0xCB41,25495,3}, {0xCB42,25498,3}, {0xCB43,25501,3}, {0xCB44,25504,3}, {0xCB45,25507,3},
    {0xCB46,25510,3}, {0xCB47,25513,3}, {0xCB48,25516,2}, {0xCB49,25518,3}, {0xCB4A,25521,3}, {0xCB4B,25524,3},
    {0xCB4C,25527,3}, {0xCB4D,25530,3}, {0xCB4E,25533,3}, {0xCB4F,25536,3}, {0xCB50,25539,3}, {0xCB51,25542,3},
    {0xCB52,25545,3}, {0xCB53,25548,3}, {0xCB54,25551,3}, {0xCB55,25554,3}, {0xCB56,25557,3}, {0xCB57,25560,3},
    {0xCB58,25563,3}, {0xCB59,25566,3}, {0xCB5A,25569,3}, {0xCB5B,25572,3}, {0xCB5C,25575,3}, {0xCB5D,25578,3},
    {0xCB5E,25581,3}, {0xCB5F,25584,3}, {0xCB60,25587,3}, {0xCB61,25590,3}, {0xCB62,25593,3}, {0xCB63,25596,3},
    {0xCB64,25599,2}, {0xCB65,25601,3}, {0xCB66,25604,3}, {0xCB67,25607,3}, {0xCB68,25610,3}, {0xCB69,25613,3},
    {0xCB6A,25616,3}, {0xCB6B,25619,3}, {0xCB6C,25622,3}, {0xCB6D,25625,3}, {0xCB6E,25628,3}, {0xCB6F,25631,3},
    {0xCB70,25634,3}, {0xCB71,25637,3}, {0xCB72,25640,3}, {0xCB73,25643,3}, {0xCB74,25646,3}, {0xCB75,25649,3},
    {0xCB76,25652,3}, {0xCB77,25655,3}, {0xCB78,25658,3}, {0xCB79,25661,3}, {0xCB7A,25664,3}, {0xCB7B,25667,3},
    {0xCB7C,25670,3}, {0xCB7D,25673,3}, {0xCB7E,25676,3}, {0xCB7F,25679,3}, {0xCB80,25682,2}, {0xCB81,25684,3},
    {0xCB82,25687,3}, {0xCB83,25690,3}, {0xCB84,25693,3}, {0xCB85,25696,3}, {0xCB86,25699,3}, {0xCB87,25702,3},
    {0xCB88,25705,3}, {0xCB89,25708,3}, {0xCB8A,25711,3}, {0xCB8B,25714,3}, {0xCB8C,25717,3}, {0xCB8D,25720,3},
    {0xCB8E,25723,3}, {0xCB8F,25726,3}, {0xCB90,25729,3}, {0xCB91,25732,3}, {0xCB92,25735,3}, {0xCB93,25738,3},
    {0xCB94,25741,3}, {0xCB95,25744,3}, {0xCB96,25747,3}, {0xCB97,25750,3}, {0xCB98,25753,3}, {0xCB99,25756,3},
    {0xCB9A,25759,3}, {0xCB9B,25762,3}, {0xCB9C,25765,2}, {0xCB9D,25767,3}, {0xCB9E,25770,3}, {0xCB9F,25773,3},
    {0xCBA0,25776,3}, {0xCBA1,25779,3}, {0xCBA2,25782,3}, {0xCBA3,25785,3}, {0xCBA4,25788,3}, {0xCBA5,25791,3},
    {0xCBA6,25794,3}, {0xCBA7,25797,3}, {0xCBA8,25800,3}, {0xCBA9,25803,3}, {0xCBAA,25806,3}, {0xCBAB,25809,3},
    {0xCBAC,25812,3}, {0xCBAD,25815,3}, {0xCBAE,25818,3}, {0xCBAF,25821,3}, {0xCBB0,25824,3}, {0xCBB1,25827,3},
    {0xCBB2,25830,3}, {0xCBB3,25833,3}, {0xCBB4,25836,3}, {0xCBB5,25839,3}, {0xCBB6,25842,3}, {0xCBB7,25845,3},
    {0xCBB8,25848,2}, {0xCBB9,25850,3}, {0xCBBA,25853,3}, {0xCBBB,25856,3}, {0xCBBC,25859,3}, {0xCBBD,25862,3},
    {0xCBBE,25865,3}, {0xCBBF,25868,3}, {0xCBC0,25871,3}, {0xCBC1,25874,3}, {0xCBC2,25877,3}, {0xCBC3,25880,3},
    {0xCBC4,25883,3}, {0xCBC5,25886,3}, {0xCBC6,25889,3}, {0xCBC7,25892,3}, {0xCBC8,25895,3}, {0xCBC9,25898,3},
    {0xCBCA,25901,3}, {0xCBCB,25904,3}, {0xCBCC,25907,3}, {0xCBCD,25910,3}, {0xCBCE,25913,3}, {0xCBCF,25916,3},
    {0xCBD0,25919,3}, {0xCBD1,25922,3}, {0xCBD2,25925,3}, {0xCBD3,25928,3}, {0xCBD4,25931,2}, {0xCBD5,25933,3},
    {0xCBD6,25936,3}, {0xCBD7,25939,3}, {0xCBD8,25942,3}, {0xCBD9,25945,3}, {0xCBDA,25948,3}, {0xCBDB,25951,3},
    {0xCBDC,25954,3}, {0xCBDD,25957,3}, {0xCBDE,25960,3}, {0xCBDF,25963,3}, {0xCBE0,25966,3}, {0xCBE1,25969,3},
    {0xCBE2,25972,3}, {0xCBE3,25975,3}, {0xCBE4,25978,3}, {0xCBE5,25981,3}, {0xCBE6,25984,3}, {0xCBE7,25987,3},
    {0xCBE8,25990,3}, {0xCBE9,25993,3}, {0xCBEA,25996,3}, {0xCBEB,25999,3}, {0xCBEC,26002,3}, {0xCBED,26005,3},
    {0xCBEE,26008,3}, {0xCBEF,26011,3}, {0xCBF0,26014,2}, {0xCBF1,26016,3}, {0xCBF2,26019,3}, {0xCBF3,26022,3},
    {0xCBF4,26025,3}, {0xCBF5,26028,3}, {0xCBF6,26031,3}, {0xCBF7,26034,3}, {0xCBF8,26037,3}, {0xCBF9,26040,3},
    {0xCBFA,26043,3}, {0xCBFB,26046,3}, {0xCBFC,26049,3}, {0xCBFD,26052,3}, {0xCBFE,26055,3}, {0xCBFF,26058,3},
    {0xCC00,26061,3}, {0xCC01,26064,3}, {0xCC02,26067,3}, {0xCC03,26070,3}, {0xCC04,26073,3}, {0xCC05,26076,3},
    {0xCC06,26079,3}, {0xCC07,26082,3}, {0xCC08,26085,3}, {0xCC09,26088,3}, {0xCC0A,26091,3}, {0xCC0B,26094,3},
    {0xCC0C,26097,2}, {0xCC0D,26099,3}, {0xCC0E,26102,3}, {0xCC0F,26105,3}, {0xCC10,26108,3}, {0xCC11,26111,3},
    {0xCC12,26114,3}, {0xCC13,26117,3}, {0xCC14,26120,3}, {0xCC15,26123,3}, {0xCC16,26126,3}, {0xCC17,26129,3},
    {0xCC18,26132,3}, {0xCC19,26135,3}, {0xCC1A,26138,3}, {0xCC1B,26141,3}, {0xCC1C,26144,3}, {0xCC1D,26147,3},
    {0xCC1E,26150,3}, {0xCC1F,26153,3}, {0xCC20,26156,3}, {0xCC21,26159,3}, {0xCC22,26162,3}, {0xCC23,26165,3},
    {0xCC24,26168,3}, {0xCC25,26171,3}, {0xCC26,26174,3}, {0xCC27,26177,3}, {0xCC28,26180,2}, {0xCC29,26182,3},
    {0xCC2A,26185,3}, {0xCC2B,26188,3}, {0xCC2C,26191,3}, {0xCC2D,26194,3}, {0xCC2E,26197,3}, {0xCC2F,26200,3},
    {0xCC30,26203,3}, {0xCC31,26206,3}, {0xCC32,26209,3}, {0xCC33,26212,3}, {0xCC34,26215,3}, {0xCC35,26218,3},
    {0xCC36,26221,3}, {0xCC37,26224,3}, {0xCC38,26227,3}, {0xCC39,26230,3}, {0xCC3A,26233,3}, {0xCC3B,26236,3},
    {0xCC3C,26239,3}, {0xCC3D,26242,3}, {0xCC3E,26245,3}, {0xCC3F,26248,3}, {0xCC40,26251,3}, {0xCC41,26254,3},
    {0xCC42,26257,3}, {0xCC43,26260,3}, {0xCC44,26263,2}, {0xCC45,26265,3}, {0xCC46,26268,3}, {0xCC47,26271,3},
    {0xCC48,26274,3}, {0xCC49,26277,3}, {0xCC4A,26280,3}, {0xCC4B,26283,3}, {0xCC4C,26286,3}, {0xCC4D,26289,3},
    {0xCC4E,26292,3}, {0xCC4F,26295,3}, {0xCC50,26298,3}, {0xCC51,26301,3}, {0xCC52,26304,3}, {0xCC53,26307,3},
    {0xCC54,26310,3}, {0xCC55,26313,3}, {0xCC56,26316,3}, {0xCC57,26319,3}, {0xCC58,26322,3}, {0xCC59,26325,3},
    {0xCC5A,26328,3}, {0xCC5B,26331,3}, {0xCC5C,26334,3}, {0xCC5D,26337,3}, {0xCC5E,26340,3}, {0xCC5F,26343,3},
    {0xCC60,26346,2}, {0xCC61,26348,3}, {0xCC62,26351,3}, {0xCC63,26354,3}, {0xCC64,26357,3}, {0xCC65,26360,3},
    {0xCC66,26363,3}, {0xCC67,26366,3}, {0xCC68,26369,3}, {0xCC69,26372,3}, {0xCC6A,26375,3}, {0xCC6B,26378,3},
    {0xCC6C,26381,3}, {0xCC6D,26384,3}, {0xCC6E,26387,3}, {0xCC6F,26390,3}, {0xCC70,26393,3}, {0xCC71,26396,3},
    {0xCC72,26399,3}, {0xCC73,26402,3}, {0xCC74,26405,3}, {0xCC75,26408,3}, {0xCC76,26411,3}, {0xCC77,26414,3},
    {0xCC78,26417,3}, {0xCC79,26420,3}, {0xCC7A,26423,3}, {0xCC7B,26426,3}, {0xCC7C,26429,2}, {0xCC7D,26431,3},
    {0xCC7E,26434,3}, {0xCC7F,26437,3}, {0xCC80,26440,3}, {0xCC81,26443,3}, {0xCC82,26446,3}, {0xCC83,26449,3},
    {0xCC84,26452,3}, {0xCC85,26455,3}, {0xCC86,26458,3}, {0xCC87,26461,3}, {0xCC88,26464,3}, {0xCC89,26467,3},
    {0xCC8A,26470,3}, {0xCC8B,26473,3}, {0xCC8C,26476,3}, {0xCC8D,26479,3}, {0xCC8E,26482,3}, {0xCC8F,26485,3},
    {0xCC90,26488,3}, {0xCC91,26491,3}, {0xCC92,26494,3}, {0xCC93,26497,3}, {0xCC94,26500,3}, {0xCC95,26503,3},
    {0xCC96,26506,3}, {0xCC97,26509,3}, {0xCC98,26512,2}, {0xCC99,26514,3}, {0xCC9A,26517,3}, {0xCC9B,26520,3},
    {0xCC9C,26523,3}, {0xCC9D,26526,3}, {0xCC9E,26529,3}, {0xCC9F,26532,3}, {0xCCA0,26535,3}, {0xCCA1,26538,3},
    {0xCCA2,26541,3}, {0xCCA3,26544,3}, {0xCCA4,26547,3}, {0xCCA5,26550,3}, {0xCCA6,26553,3}, {0xCCA7,26556,3},
    {0xCCA8,26559,3}, {0xCCA9,26562,3}, {0xCCAA,26565,3}, {0xCCAB,26568,3}, {0xCCAC,26571,3}, {0xCCAD,26574,3},
    {0xCCAE,26577,3}, {0xCCAF,26580,3}, {0xCCB0,26583,3}, {0xCCB1,26586,3}, {0xCCB2,26589,3}, {0xCCB3,26592,3},
    {0xCCB4,26595,2}, {0xCCB5,26597,3}, {0xCCB6,26600,3}, {0xCCB7,26603,3}, {0xCCB8,26606,3}, {0xCCB9,26609,3},
    {0xCCBA,26612,3}, {0xCCBB,26615,3}, {0xCCBC,26618,3}, {0xCCBD,26621,3}, {0xCCBE,26624,3}, {0xCCBF,26627,3},
    {0xCCC0,26630,3}, {0xCCC1,26633,3}, {0xCCC2,26636,3}, {0xCCC3,26639,3}, {0xCCC4,26642,3}, {0xCCC5,26645,3},
    {0xCCC6,26648,3}, {0xCCC7,26651,3}, {0xCCC8,26654,3}, {0xCCC9,26657,3}, {0xCCCA,26660,3}, {0xCCCB,26663,3},
    {0xCCCC,26666,3}, {0xCCCD,26669,3}, {0xCCCE,26672,3}, {0xCCCF,26675,3}, {0xCCD0,26678,2}, {0xCCD1,26680,3},
    {0xCCD2,26683,3}, {0xCCD3,26686,3}, {0xCCD4,26689,3}, {0xCCD5,26692,3}, {0xCCD6,26695,3}, {0xCCD7,26698,3},
    {0xCCD8,26701,3}, {0xCCD9,26704,3}, {0xCCDA,26707,3}, {0xCCDB,26710,3}, {0xCCDC,26713,3}, {0xCCDD,26716,3},
    {0xCCDE,26719,3}, {0xCCDF,26722,3}, {0xCCE0,26725,3}, {0xCCE1,26728,3}, {0xCCE2,26731,3}, {0xCCE3,26734,3},
    {0xCCE4,26737,3}, {0xCCE5,26740,3}, {0xCCE6,26743,3}, {0xCCE7,26746,3}, {0xCCE8,26749,3}, {0xCCE9,26752,3},
    {0xCCEA,26755,3}, {0xCCEB,26758,3}, {0xCCEC,26761,2}, {0xCCED,26763,3}, {0xCCEE,26766,3}, {0xCCEF,26769,3},
    {0xCCF0,26772,3}, {0xCCF1,26775,3}, {0xCCF2,26778,3}, {0xCCF3,26781,3}, {0xCCF4,26784,3}, {0xCCF5,26787,3},
    {0xCCF6,26790,3}, {0xCCF7,26793,3}, {0xCCF8,26796,3}, {0xCCF9,26799,3}, {0xCCFA,26802,3}, {0xCCFB,26805,3},
    {0xCCFC,26808,3}, {0xCCFD,26811,3}, {0xCCFE,26814,3}, {0xCCFF,26817,3}, {0xCD00,26820,3}, {0xCD01,26823,3},
    {0xCD02,26826,3}, {0xCD03,26829,3}, {0xCD04,26832,3}, {0xCD05,26835,3}, {0xCD06,26838,3}, {0xCD07,26841,3},
    {0xCD08,26844,2}, {0xCD09,26846,3}, {0xCD0A,26849,3}, {0xCD0B,26852,3}, {0xCD0C,26855,3}, {0xCD0D,26858,3},
    {0xCD0E,26861,3}, {0xCD0F,26864,3}, {0xCD10,26867,3}, {0xCD11,26870,3}, {0xCD12,26873,3}, {0xCD13,26876,3},
    {0xCD14,26879,3}, {0xCD15,26882,3}, {0xCD16,26885,3}, {0xCD17,26888,3}, {0xCD18,26891,3}, {0xCD19,26894,3},
    {0xCD1A,26897,3}, {0xCD1B,26900,3}, {0xCD1C,26903,3}, {0xCD1D,26906,3}, {0xCD1E,26909,3}, {0xCD1F,26912,3},
    {0xCD20,26915,3}, {0xCD21,26918,3}, {0xCD22,26921,3}, {0xCD23,26924,3}, {0xCD24,26927,2}, {0xCD25,26929,3},
    {0xCD26,26932,3}, {0xCD27,26935,3}, {0xCD28,26938,3}, {0xCD29,26941,3}, {0xCD2A,26944,3}, {0xCD2B,26947,3},
    {0xCD2C,26950,3}, {0xCD2D,26953,3}, {0xCD2E,26956,3}, {0xCD2F,26959,3}, {0xCD30,26962,3}, {0xCD31,26965,3},
    {0xCD32,26968,3}, {0xCD33,26971,3}, {0xCD34,26974,3}, {0xCD35,26977,3}, {0xCD36,26980,3}, {0xCD37,26983,3},
    {0xCD38,26986,3}, {0xCD39,26989,3}, {0xCD3A,26992,3}, {0xCD3B,26995,3}, {0xCD3C,26998,3}, {0xCD3D,27001,3},
    {0xCD3E,27004,3}, {0xCD3F,27007,3}, {0xCD40,27010,2}, {0xCD41,27012,3}, {0xCD42,27015,3}, {0xCD43,27018,3},
    {0xCD44,27021,3}, {0xCD45,27024,3}, {0xCD46,27027,3}, {0xCD47,27030,3}, {0xCD48,27033,3}, {0xCD49,27036,3},
    {0xCD4A,27039,3}, {0xCD4B,27042,3}, {0xCD4C,27045,3}, {0xCD4D,27048,3}, {0xCD4E,27051,3}, {0xCD4F,27054,3},
    {0xCD50,27057,3}, {0xCD51,27060,3}, {0xCD52,27063,3}, {0xCD53,27066,3}, {0xCD54,27069,3}, {0xCD55,27072,3},
    {0xCD56,27075,3}, {0xCD57,27078,3}, {0xCD58,27081,3}, {0xCD59,27084,3}, {0xCD5A,27087,3}, {0xCD5B,27090,3},
    {0xCD5C,27093,2}, {0xCD5D,27095,3}, {0xCD5E,27098,3}, {0xCD5F,27101,3}, {0xCD60,27104,3}, {0xCD61,27107,3},
    {0xCD62,27110,3}, {0xCD63,27113,3}, {0xCD64,27116,3}, {0xCD65,27119,3}, {0xCD66,27122,3}, {0xCD67,27125,3},
    {0xCD68,27128,3}, {0xCD69,27131,3}, {0xCD6A,27134,3}, {0xCD6B,27137,3}, {0xCD6C,27140,3}, {0xCD6D,27143,3},
    {0xCD6E,27146,3}, {0xCD6F,27149,3}, {0xCD70,27152,3}, {0xCD71,27155,3}, {0xCD72,27158,3}, {0xCD73,27161,3},
    {0xCD74,27164,3}, {0xCD75,27167,3}, {0xCD76,27170,3}, {0xCD77,27173,3}, {0xCD78,27176,2}, {0xCD79,27178,3},
    {0xCD7A,27181,3}, {0xCD7B,27184,3}, {0xCD7C,27187,3}, {0xCD7D,27190,3}, {0xCD7E,27193,3}, {0xCD7F,27196,3},
    {0xCD80,27199,3}, {0xCD81,27202,3}, {0xCD82,27205,3}, {0xCD83,27208,3}, {0xCD84,27211,3}, {0xCD85,27214,3},
    {0xCD86,27217,3}, {0xCD87,27220,3}, {0xCD88,27223,3}, {0xCD89,27226,3}, {0xCD8A,27229,3}, {0xCD8B,27232,3},
    {0xCD8C,27235,3}, {0xCD8D,27238,3}, {0xCD8E,27241,3}, {0xCD8F,27244,3}, {0xCD90,27247,3}, {0xCD91,27250,3},
    {0xCD92,27253,3}, {0xCD93,27256,3}, {0xCD94,27259,2}, {0xCD95,27261,3}, {0xCD96,27264,3}, {0xCD97,27267,3},
    {0xCD98,27270,3}, {0xCD99,27273,3}, {0xCD9A,27276,3}, {0xCD9B,27279,3}, {0xCD9C,27282,3}, {0xCD9D,27285,3},
    {0xCD9E,27288,3}, {0xCD9F,27291,3}, {0xCDA0,27294,3}, {0xCDA1,27297,3}, {0xCDA2,27300,3}, {0xCDA3,27303,3},
    {0xCDA4,27306,3}, {0xCDA5,27309,3}, {0xCDA6,27312,3}, {0xCDA7,27315,3}, {0xCDA8,27318,3}, {0xCDA9,27321,3},
    {0xCDAA,27324,3}, {0xCDAB,27327,3}, {0xCDAC,27330,3}, {0xCDAD,27333,3}, {0xCDAE,27336,3}, {0xCDAF,27339,3},
    {0xCDB0,27342,2}, {0xCDB1,27344,3}, {0xCDB2,27347,3}, {0xCDB3,27350,3}, {0xCDB4,27353,3}, {0xCDB5,27356,3},
    {0xCDB6,27359,3}, {0xCDB7,27362,3}, {0xCDB8,27365,3}, {0xCDB9,27368,3}, {0xCDBA,27371,3}, {0xCDBB,27374,3},
    {0xCDBC,27377,3}, {0xCDBD,27380,3}, {0xCDBE,27383,3}, {0xCDBF,27386,3}, {0xCDC0,27389,3}, {0xCDC1,27392,3},
    {0xCDC2,27395,3}, {0xCDC3,27398,3}, {0xCDC4,27401,3}, {0xCDC5,27404,3}, {0xCDC6,27407,3}, {0xCDC7,27410,3},
    {0xCDC8,27413,3}, {0xCDC9,27416,3}, {0xCDCA,27419,3}, {0xCDCB,27422,3}, {0xCDCC,27425,2}, {0xCDCD,27427,3},
    {0xCDCE,27430,3}, {0xCDCF,27433,3}, {0xCDD0,27436,3}, {0xCDD1,27439,3}, {0xCDD2,27442,3}, {0xCDD3,27445,3},
    {0xCDD4,27448,3}, {0xCDD5,27451,3}, {0xCDD6,27454,3}, {0xCDD7,27457,3}, {0xCDD8,27460,3}, {0xCDD9,27463,3},
    {0xCDDA,27466,3}, {0xCDDB,27469,3}, {0xCDDC,27472,3}, {0xCDDD,27475,3}, {0xCDDE,27478,3}, {0xCDDF,27481,3},
    {0xCDE0,27484,3}, {0xCDE1,27487,3}, {0xCDE2,27490,3}, {0xCDE3,27493,3}, {0xCDE4,27496,3}, {0xCDE5,27499,3},
    {0xCDE6,27502,3}, {0xCDE7,27505,3}, {0xCDE8,27508,2}, {0xCDE9,27510,3}, {0xCDEA,27513,3}, {0xCDEB,27516,3},
    {0xCDEC,27519,3}, {0xCDED,27522,3}, {0xCDEE,27525,3}, {0xCDEF,27528,3}, {0xCDF0,27531,3}, {0xCDF1,27534,3},
    {0xCDF2,27537,3}, {0xCDF3,27540,3}, {0xCDF4,27543,3}, {0xCDF5,27546,3}, {0xCDF6,27549,3}, {0xCDF7,27552,3},
    {0xCDF8,27555,3}, {0xCDF9,27558,3}, {0xCDFA,27561,3}, {0xCDFB,27564,3}, {0xCDFC,27567,3}, {0xCDFD,27570,3},
    {0xCDFE,27573,3}, {0xCDFF,27576,3}, {0xCE00,27579,3}, {0xCE01,27582,3}, {0xCE02,27585,3}, {0xCE03,27588,3},
    {0xCE04,27591,2}, {0xCE05,27593,3}, {0xCE06,27596,3}, {0xCE07,27599,3}, {0xCE08,27602,3}, {0xCE09,27605,3},
    {0xCE0A,27608,3}, {0xCE0B,27611,3}, {0xCE0C,27614,3}, {0xCE0D,27617,3}, {0xCE0E,27620,3}, {0xCE0F,27623,3},
    {0xCE10,27626,3}, {0xCE11,27629,3}, {0xCE12,27632,3}, {0xCE13,27635,3}, {0xCE14,27638,3}, {0xCE15,27641,3},
    {0xCE16,27644,3}, {0xCE17,27647,3}, {0xCE18,27650,3}, {0xCE19,27653,3}, {0xCE1A,27656,3}, {0xCE1B,27659,3},
    {0xCE1C,27662,3}, {0xCE1D,27665,3}, {0xCE1E,27668,3}, {0xCE1F,27671,3}, {0xCE20,27674,2}, {0xCE21,27676,3},
    {0xCE22,27679,3}, {0xCE23,27682,3}, {0xCE24,27685,3}, {0xCE25,27688,3}, {0xCE26,27691,3}, {0xCE27,27694,3},
    {0xCE28,27697,3}, {0xCE29,27700,3}, {0xCE2A,27703,3}, {0xCE2B,27706,3}, {0xCE2C,27709,3}, {0xCE2D,27712,3},
    {0xCE2E,27715,3}, {0xCE2F,27718,3}, {0xCE30,27721,3}, {0xCE31,27724,3}, {0xCE32,27727,3}, {0xCE33,27730,3},
    {0xCE34,27733,3}, {0xCE35,27736,3}, {0xCE36,27739,3}, {0xCE37,27742,3}, {0xCE38,27745,3}, {0xCE39,27748,3},
    {0xCE3A,27751,3}, {0xCE3B,27754,3}, {0xCE3C,27757,2}, {0xCE3D,27759,3}, {0xCE3E,27762,3}, {0xCE3F,27765,3},
    {0xCE40,27768,3}, {0xCE41,27771,3}, {0xCE42,27774,3}, {0xCE43,27777,3}, {0xCE44,27780,3}, {0xCE45,27783,3},
    {0xCE46,27786,3}, {0xCE47,27789,3}, {0xCE48,27792,3}, {0xCE49,27795,3}, {0xCE4A,27798,3}, {0xCE4B,27801,3},
    {0xCE4C,27804,3}, {0xCE4D,27807,3}, {0xCE4E,27810,3}, {0xCE4F,27813,3}, {0xCE50,27816,3}, {0xCE51,27819,3},
    {0xCE52,27822,3}, {0xCE53,27825,3}, {0xCE54,27828,3}, {0xCE55,27831,3}, {0xCE56,27834,3}, {0xCE57,27837,3},
    {0xCE58,27840,2}, {0xCE59,27842,3}, {0xCE5A,27845,3}, {0xCE5B,27848,3}, {0xCE5C,27851,3}, {0xCE5D,27854,3},
    {0xCE5E,27857,3}, {0xCE5F,27860,3}, {0xCE60,27863,3}, {0xCE61,27866,3}, {0xCE62,27869,3}, {0xCE63,27872,3},
    {0xCE64,27875,3}, {0xCE65,27878,3}, {0xCE66,27881,3}, {0xCE67,27884,3}, {0xCE68,27887,3}, {0xCE69,27890,3},
    {0xCE6A,27893,3}, {0xCE6B,27896,3}, {0xCE6C,27899,3}, {0xCE6D,27902,3}, {0xCE6E,27905,3}, {0xCE6F,27908,3},
    {0xCE70,27911,3}, {0xCE71,27914,3}, {0xCE72,27917,3}, {0xCE73,27920,3}, {0xCE74,27923,2}, {0xCE75,27925,3},
    {0xCE76,27928,3}, {0xCE77,27931,3}, {0xCE78,27934,3}, {0xCE79,27937,3}, {0xCE7A,27940,3}, {0xCE7B,27943,3},
    {0xCE7C,27946,3}, {0xCE7D,27949,3}, {0xCE7E,27952,3}, {0xCE7F,27955,3}, {0xCE80,27958,3}, {0xCE81,27961,3},
    {0xCE82,27964,3}, {0xCE83,27967,3}, {0xCE84,27970,3}, {0xCE85,27973,3}, {0xCE86,27976,3}, {0xCE87,27979,3},
    {0xCE88,27982,3}, {0xCE89,27985,3}, {0xCE8A,27988,3}, {0xCE8B,27991,3}, {0xCE8C,27994,3}, {0xCE8D,27997,3},
    {0xCE8E,28000,3}, {0xCE8F,28003,3}, {0xCE90,28006,2}, {0xCE91,28008,3}, {0xCE92,28011,3}, {0xCE93,28014,3},
    {0xCE94,28017,3}, {0xCE95,28020,3}, {0xCE96,28023,3}, {0xCE97,28026,3}, {0xCE98,28029,3}, {0xCE99,28032,3},
    {0xCE9A,28035,3}, {0xCE9B,28038,3}, {0xCE9C,28041,3}, {0xCE9D,28044,3}, {0xCE9E,28047,3}, {0xCE9F,28050,3},
    {0xCEA0,28053,3}, {0xCEA1,28056,3}, {0xCEA2,28059,3}, {0xCEA3,28062,3}, {0xCEA4,28065,3}, {0xCEA5,28068,3},
    {0xCEA6,28071,3}, {0xCEA7,28074,3}, {0xCEA8,28077,3}, {0xCEA9,28080,3}, {0xCEAA,28083,3}, {0xCEAB,28086,3},
    {0xCEAC,28089,2}, {0xCEAD,28091,3}, {0xCEAE,28094,3}, {0xCEAF,28097,3}, {0xCEB0,28100,3}, {0xCEB1,28103,3},
    {0xCEB2,28106,3}, {0xCEB3,28109,3}, {0xCEB4,28112,3}, {0xCEB5,28115,3}, {0xCEB6,28118,3}, {0xCEB7,28121,3},
    {0xCEB8,28124,3}, {0xCEB9,28127,3}, {0xCEBA,28130,3}, {0xCEBB,28133,3}, {0xCEBC,28136,3}, {0xCEBD,28139,3},
    {0xCEBE,28142,3}, {0xCEBF,28145,3}, {0xCEC0,28148,3}, {0xCEC1,28151,3}, {0xCEC2,28154,3}, {0xCEC3,28157,3},
    {0xCEC4,28160,3}, {0xCEC5,28163,3}, {0xCEC6,28166,3}, {0xCEC7,28169,3}, {0xCEC8,28172,2}, {0xCEC9,28174,3},
    {0xCECA,28177,3}, {0xCECB,28180,3}, {0xCECC,28183,3}, {0xCECD,28186,3}, {0xCECE,28189,3}, {0xCECF,28192,3},
    {0xCED0,28195,3}, {0xCED1,28198,3}, {0xCED2,28201,3}, {0xCED3,28204,3}, {0xCED4,28207,3}, {0xCED5,28210,3},
    {0xCED6,28213,3}, {0xCED7,28216,3}, {0xCED8,28219,3}, {0xCED9,28222,3}, {0xCEDA,28225,3}, {0xCEDB,28228,3},
    {0xCEDC,28231,3}, {0xCEDD,28234,3}, {0xCEDE,28237,3}, {0xCEDF,28240,3}, {0xCEE0,28243,3}, {0xCEE1,28246,3},
    {0xCEE2,28249,3}, {0xCEE3,28252,3}, {0xCEE4,28255,2}, {0xCEE5,28257,3}, {0xCEE6,28260,3}, {0xCEE7,28263,3},
    {0xCEE8,28266,3}, {0xCEE9,28269,3}, {0xCEEA,28272,3}, {0xCEEB,28275,3}, {0xCEEC,28278,3}, {0xCEED,28281,3},
    {0xCEEE,28284,3}, {0xCEEF,28287,3}, {0xCEF0,28290,3}, {0xCEF1,28293,3}, {0xCEF2,28296,3}, {0xCEF3,28299,3},
    {0xCEF4,28302,3}, {0xCEF5,28305,3}, {0xCEF6,28308,3}, {0xCEF7,28311,3}, {0xCEF8,28314,3}, {0xCEF9,28317,3},
    {0xCEFA,28320,3}, {0xCEFB,28323,3}, {0xCEFC,28326,3}, {0xCEFD,28329,3}, {0xCEFE,28332,3}, {0xCEFF,28335,3},
    {0xCF00,28338,2}, {0xCF01,28340,3}, {0xCF02,28343,3}, {0xCF03,28346,3}, {0xCF04,28349,3}, {0xCF05,28352,3},
    {0xCF06,28355,3}, {0xCF07,28358,3}, {0xCF08,28361,3}, {0xCF09,28364,3}, {0xCF0A,28367,3}, {0xCF0B,28370,3},
    {0xCF0C,28373,3}, {0xCF0D,28376,3}, {0xCF0E,28379,3}, {0xCF0F,28382,3}, {0xCF10,28385,3}, {0xCF11,28388,3},
    {0xCF12,28391,3}, {0xCF13,28394,3}, {0xCF14,28397,3}, {0xCF15,28400,3}, {0xCF16,28403,3}, {0xCF17,28406,3},
    {0xCF18,28409,3}, {0xCF19,28412,3}, {0xCF1A,28415,3}, {0xCF1B,28418,3}, {0xCF1C,28421,2}, {0xCF1D,28423,3},
    {0xCF1E,28426,3}, {0xCF1F,28429,3}, {0xCF20,28432,3}, {0xCF21,28435,3}, {0xCF22,28438,3}, {0xCF23,28441,3},
    {0xCF24,28444,3}, {0xCF25,28447,3}, {0xCF26,28450,3}, {0xCF27,28453,3}, {0xCF28,28456,3}, {0xCF29,28459,3},
    {0xCF2A,28462,3}, {0xCF2B,28465,3}, {0xCF2C,28468,3}, {0xCF2D,28471,3}, {0xCF2E,28474,3}, {0xCF2F,28477,3},
    {0xCF30,28480,3}, {0xCF31,28483,3}, {0xCF32,28486,3}, {0xCF33,28489,3}, {0xCF34,28492,3}, {0xCF35,28495,3},
    {0xCF36,28498,3}, {0xCF37,28501,3}, {0xCF38,28504,2}, {0xCF39,28506,3}, {0xCF3A,28509,3}, {0xCF3B,28512,3},
    {0xCF3C,28515,3}, {0xCF3D,28518,3}, {0xCF3E,28521,3}, {0xCF3F,28524,3}, {0xCF40,28527,3}, {0xCF41,28530,3},
    {0xCF42,28533,3}, {0xCF43,28536,3}, {0xCF44,28539,3}, {0xCF45,28542,3}, {0xCF46,28545,3}, {0xCF47,28548,3},
    {0xCF48,28551,3}, {0xCF49,28554,3}, {0xCF4A,28557,3}, {0xCF4B,28560,3}, {0xCF4C,28563,3}, {0xCF4D,28566,3},
    {0xCF4E,28569,3}, {0xCF4F,28572,3}, {0xCF50,28575,3}, {0xCF51,28578,3}, {0xCF52,28581,3}, {0xCF53,28584,3},
    {0xCF54,28587,2}, {0xCF55,28589,3}, {0xCF56,28592,3}, {0xCF57,28595,3}, {0xCF58,28598,3}, {0xCF59,28601,3},
    {0xCF5A,28604,3}, {0xCF5B,28607,3}, {0xCF5C,28610,3}, {0xCF5D,28613,3}, {0xCF5E,28616,3}, {0xCF5F,28619,3},
    {0xCF60,28622,3}, {0xCF61,28625,3}, {0xCF62,28628,3}, {0xCF63,28631,3}, {0xCF64,28634,3}, {0xCF65,28637,3},
    {0xCF66,28640,3}, {0xCF67,28643,3}, {0xCF68,28646,3}, {0xCF69,28649,3}, {0xCF6A,28652,3}, {0xCF6B,28655,3},
    {0xCF6C,28658,3}, {0xCF6D,28661,3}, {0xCF6E,28664,3}, {0xCF6F,28667,3}, {0xCF70,28670,2}, {0xCF71,28672,3},
    {0xCF72,28675,3}, {0xCF73,28678,3}, {0xCF74,28681,3}, {0xCF75,28684,3}, {0xCF76,28687,3}, {0xCF77,28690,3},
    {0xCF78,28693,3}, {0xCF79,28696,3}, {0xCF7A,28699,3}, {0xCF7B,28702,3}, {0xCF7C,28705,3}, {0xCF7D,28708,3},
    {0xCF7E,28711,3}, {0xCF7F,28714,3}, {0xCF80,28717,3}, {0xCF81,28720,3}, {0xCF82,28723,3}, {0xCF83,28726,3},
    {0xCF84,28729,3}, {0xCF85,28732,3}, {0xCF86,28735,3}, {0xCF87,28738,3}, {0xCF88,28741,3}, {0xCF89,28744,3},
    {0xCF8A,28747,3}, {0xCF8B,28750,3}, {0xCF8C,28753,2}, {0xCF8D,28755,3}, {0xCF8E,28758,3}, {0xCF8F,28761,3},
    {0xCF90,28764,3}, {0xCF91,28767,3}, {0xCF92,28770,3}, {0xCF93,28773,3}, {0xCF94,28776,3}, {0xCF95,28779,3},
    {0xCF96,28782,3}, {0xCF97,28785,3}, {0xCF98,28788,3}, {0xCF99,28791,3}, {0xCF9A,28794,3}, {0xCF9B,28797,3},
    {0xCF9C,28800,3}, {0xCF9D,28803,3}, {0xCF9E,28806,3}, {0xCF9F,28809,3}, {0xCFA0,28812,3}, {0xCFA1,28815,3},
    {0xCFA2,28818,3}, {0xCFA3,28821,3}, {0xCFA4,28824,3}, {0xCFA5,28827,3}, {0xCFA6,28830,3}, {0xCFA7,28833,3},
    {0xCFA8,28836,2}, {0xCFA9,28838,3}, {0xCFAA,28841,3}, {0xCFAB,28844,3}, {0xCFAC,28847,3}, {0xCFAD,28850,3},
    {0xCFAE,28853,3}, {0xCFAF,28856,3}, {0xCFB0,28859,3}, {0xCFB1,28862,3}, {0xCFB2,28865,3}, {0xCFB3,28868,3},
    {0xCFB4,28871,3}, {0xCFB5,28874,3}, {0xCFB6,28877,3}, {0xCFB7,28880,3}, {0xCFB8,28883,3}, {0xCFB9,28886,3},
    {0xCFBA,28889,3}, {0xCFBB,28892,3}, {0xCFBC,28895,3}, {0xCFBD,28898,3}, {0xCFBE,28901,3}, {0xCFBF,28904,3},
    {0xCFC0,28907,3}, {0xCFC1,28910,3}, {0xCFC2,28913,3}, {0xCFC3,28916,3}, {0xCFC4,28919,2}, {0xCFC5,28921,3},
    {0xCFC6,28924,3}, {0xCFC7,28927,3}, {0xCFC8,28930,3}, {0xCFC9,28933,3}, {0xCFCA,28936,3}, {0xCFCB,28939,3},
    {0xCFCC,28942,3}, {0xCFCD,28945,3}, {0xCFCE,28948,3}, {0xCFCF,28951,3}, {0xCFD0,28954,3}, {0xCFD1,28957,3},
    {0xCFD2,28960,3}, {0xCFD3,28963,3}, {0xCFD4,28966,3}, {0xCFD5,28969,3}, {0xCFD6,28972,3}, {0xCFD7,28975,3},
    {0xCFD8,28978,3}, {0xCFD9,28981,3}, {0xCFDA,28984,3}, {0xCFDB,28987,3}, {0xCFDC,28990,3}, {0xCFDD,28993,3},
    {0xCFDE,28996,3}, {0xCFDF,28999,3}, {0xCFE0,29002,2}, {0xCFE1,29004,3}, {0xCFE2,29007,3}, {0xCFE3,29010,3},
    {0xCFE4,29013,3}, {0xCFE5,29016,3}, {0xCFE6,29019,3}, {0xCFE7,29022,3}, {0xCFE8,29025,3}, {0xCFE9,29028,3},
    {0xCFEA,29031,3}, {0xCFEB,29034,3}, {0xCFEC,29037,3}, {0xCFED,29040,3}, {0xCFEE,29043,3}, {0xCFEF,29046,3},
    {0xCFF0,29049,3}, {0xCFF1,29052,3}, {0xCFF2,29055,3}, {0xCFF3,29058,3}, {0xCFF4,29061,3}, {0xCFF5,29064,3},
    {0xCFF6,29067,3}, {0xCFF7,29070,3}, {0xCFF8,29073,3}, {0xCFF9,29076,3}, {0xCFFA,29079,3}, {0xCFFB,29082,3},
    {0xCFFC,29085,2}, {0xCFFD,29087,3}, {0xCFFE,29090,3}, {0xCFFF,29093,3}, {0xD000,29096,3}, {0xD001,29099,3},
    {0xD002,29102,3}, {0xD003,29105,3}, {0xD004,29108,3}, {0xD005,29111,3}, {0xD006,29114,3}, {0xD007,29117,3},
    {0xD008,29120,3}, {0xD009,29123,3}, {0xD00A,29126,3}, {0xD00B,29129,3}, {0xD00C,29132,3}, {0xD00D,29135,3},
    {0xD00E,29138,3}, {0xD00F,29141,3}, {0xD010,29144,3}, {0xD011,29147,3}, {0xD012,29150,3}, {0xD013,29153,3},
    {0xD014,29156,3}, {0xD015,29159,3}, {0xD016,29162,3}, {0xD017,29165,3}, {0xD018,29168,2}, {0xD019,29170,3},
    {0xD01A,29173,3}, {0xD01B,29176,3}, {0xD01C,29179,3}, {0xD01D,29182,3}, {0xD01E,29185,3}, {0xD01F,29188,3},
    {0xD020,29191,3}, {0xD021,29194,3}, {0xD022,29197,3}, {0xD023,29200,3}, {0xD024,29203,3}, {0xD025,29206,3},
    {0xD026,29209,3}, {0xD027,29212,3}, {0xD028,29215,3}, {0xD029,29218,3}, {0xD02A,29221,3}, {0xD02B,29224,3},
    {0xD02C,29227,3}, {0xD02D,29230,3}, {0xD02E,29233,3}, {0xD02F,29236,3}, {0xD030,29239,3}, {0xD031,29242,3},
    {0xD032,29245,3}, {0xD033,29248,3}, {0xD034,29251,2}, {0xD035,29253,3}, {0xD036,29256,3}, {0xD037,29259,3},
    {0xD038,29262,3}, {0xD039,29265,3}, {0xD03A,29268,3}, {0xD03B,29271,3}, {0xD03C,29274,3}, {0xD03D,29277,3},
    {0xD03E,29280,3}, {0xD03F,29283,3}, {0xD040,29286,3}, {0xD041,29289,3}, {0xD042,29292,3}, {0xD043,29295,3},
    {0xD044,29298,3}, {0xD045,29301,3}, {0xD046,29304,3}, {0xD047,29307,3}, {0xD048,29310,3}, {0xD049,29313,3},
    {0xD04A,29316,3}, {0xD04B,29319,3}, {0xD04C,29322,3}, {0xD04D,29325,3}, {0xD04E,29328,3}, {0xD04F,29331,3},
    {0xD050,29334,2}, {0xD051,29336,3}, {0xD052,29339,3}, {0xD053,29342,3}, {0xD054,29345,3}, {0xD055,29348,3},
    {0xD056,29351,3}, {0xD057,29354,3}, {0xD058,29357,3}, {0xD059,29360,3}, {0xD05A,29363,3}, {0xD05B,29366,3},
    {0xD05C,29369,3}, {0xD05D,29372,3}, {0xD05E,29375,3}, {0xD05F,29378,3}, {0xD060,29381,3}, {0xD061,29384,3},
    {0xD062,29387,3}, {0xD063,29390,3}, {0xD064,29393,3}, {0xD065,29396,3}, {0xD066,29399,3}, {0xD067,29402,3},
    {0xD068,29405,3}, {0xD069,29408,3}, {0xD06A,29411,3}, {0xD06B,29414,3}, {0xD06C,29417,2}, {0xD06D,29419,3},
    {0xD06E,29422,3}, {0xD06F,29425,3}, {0xD070,29428,3}, {0xD071,29431,3}, {0xD072,29434,3}, {0xD073,29437,3},
    {0xD074,29440,3}, {0xD075,29443,3}, {0xD076,29446,3}, {0xD077,29449,3}, {0xD078,29452,3}, {0xD079,29455,3},
    {0xD07A,29458,3}, {0xD07B,29461,3}, {0xD07C,29464,3}, {0xD07D,29467,3}, {0xD07E,29470,3}, {0xD07F,29473,3},
    {0xD080,29476,3}, {0xD081,29479,3}, {0xD082,29482,3}, {0xD083,29485,3}, {0xD084,29488,3}, {0xD085,29491,3},
    {0xD086,29494,3}, {0xD087,29497,3}, {0xD088,29500,2}, {0xD089,29502,3}, {0xD08A,29505,3}, {0xD08B,29508,3},
    {0xD08C,29511,3}, {0xD08D,29514,3}, {0xD08E,29517,3}, {0xD08F,29520,3}, {0xD090,29523,3}, {0xD091,29526,3},
    {0xD092,29529,3}, {0xD093,29532,3}, {0xD094,29535,3}, {0xD095,29538,3}, {0xD096,29541,3}, {0xD097,29544,3},
    {0xD098,29547,3}, {0xD099,29550,3}, {0xD09A,29553,3}, {0xD09B,29556,3}, {0xD09C,29559,3}, {0xD09D,29562,3},
    {0xD09E,29565,3}, {0xD09F,29568,3}, {0xD0A0,29571,3}, {0xD0A1,29574,3}, {0xD0A2,29577,3}, {0xD0A3,29580,3},
    {0xD0A4,29583,2}, {0xD0A5,29585,3}, {0xD0A6,29588,3}, {0xD0A7,29591,3}, {0xD0A8,29594,3}, {0xD0A9,29597,3},
    {0xD0AA,29600,3}, {0xD0AB,29603,3}, {0xD0AC,29606,3}, {0xD0AD,29609,3}, {0xD0AE,29612,3}, {0xD0AF,29615,3},
    {0xD0B0,29618,3}, {0xD0B1,29621,3}, {0xD0B2,29624,3}, {0xD0B3,29627,3}, {0xD0B4,29630,3}, {0xD0B5,29633,3},
    {0xD0B6,29636,3}, {0xD0B7,29639,3}, {0xD0B8,29642,3}, {0xD0B9,29645,3}, {0xD0BA,29648,3}, {0xD0BB,29651,3},
    {0xD0BC,29654,3}, {0xD0BD,29657,3}, {0xD0BE,29660,3}, {0xD0BF,29663,3}, {0xD0C0,29666,2}, {0xD0C1,29668,3},
    {0xD0C2,29671,3}, {0xD0C3,29674,3}, {0xD0C4,29677,3}, {0xD0C5,29680,3}, {0xD0C6,29683,3}, {0xD0C7,29686,3},
    {0xD0C8,29689,3}, {0xD0C9,29692,3}, {0xD0CA,29695,3}, {0xD0CB,29698,3}, {0xD0CC,29701,3}, {0xD0CD,29704,3},
    {0xD0CE,29707,3}, {0xD0CF,29710,3}, {0xD0D0,29713,3}, {0xD0D1,29716,3}, {0xD0D2,29719,3}, {0xD0D3,29722,3},
    {0xD0D4,29725,3}, {0xD0D5,29728,3}, {0xD0D6,29731,3}, {0xD0D7,29734,3}, {0xD0D8,29737,3}, {0xD0D9,29740,3},
    {0xD0DA,29743,3}, {0xD0DB,29746,3}, {0xD0DC,29749,2}, {0xD0DD,29751,3}, {0xD0DE,29754,3}, {0xD0DF,29757,3},
    {0xD0E0,29760,3}, {0xD0E1,29763,3}, {0xD0E2,29766,3}, {0xD0E3,29769,3}, {0xD0E4,29772,3}, {0xD0E5,29775,3},
    {0xD0E6,29778,3}, {0xD0E7,29781,3}, {0xD0E8,29784,3}, {0xD0E9,29787,3}, {0xD0EA,29790,3}, {0xD0EB,29793,3},
    {0xD0EC,29796,3}, {0xD0ED,29799,3}, {0xD0EE,29802,3}, {0xD0EF,29805,3}, {0xD0F0,29808,3}, {0xD0F1,29811,3},
    {0xD0F2,29814,3}, {0xD0F3,29817,3}, {0xD0F4,29820,3}, {0xD0F5,29823,3}, {0xD0F6,29826,3}, {0xD0F7,29829,3},
    {0xD0F8,29832,2}, {0xD0F9,29834,3}, {0xD0FA,29837,3}, {0xD0FB,29840,3}, {0xD0FC,29843,3}, {0xD0FD,29846,3},
    {0xD0FE,29849,3}, {0xD0FF,29852,3}, {0xD100,29855,3}, {0xD101,29858,3}, {0xD102,29861,3}, {0xD103,29864,3},
    {0xD104,29867,3}, {0xD105,29870,3}, {0xD106,29873,3}, {0xD107,29876,3}, {0xD108,29879,3}, {0xD109,29882,3},
    {0xD10A,29885,3}, {0xD10B,29888,3}, {0xD10C,29891,3}, {0xD10D,29894,3}, {0xD10E,29897,3}, {0xD10F,29900,3},
    {0xD110,29903,3}, {0xD111,29906,3}, {0xD112,29909,3}, {0xD113,29912,3}, {0xD114,29915,2}, {0xD115,29917,3},
    {0xD116,29920,3}, {0xD117,29923,3}, {0xD118,29926,3}, {0xD119,29929,3}, {0xD11A,29932,3}, {0xD11B,29935,3},
    {0xD11C,29938,3}, {0xD11D,29941,3}, {0xD11E,29944,3}, {0xD11F,29947,3}, {0xD120,29950,3}, {0xD121,29953,3},
    {0xD122,29956,3}, {0xD123,29959,3}, {0xD124,29962,3}, {0xD125,29965,3}, {0xD126,29968,3}, {0xD127,29971,3},
    {0xD128,29974,3}, {0xD129,29977,3}, {0xD12A,29980,3}, {0xD12B,29983,3}, {0xD12C,29986,3}, {0xD12D,29989,3},
    {0xD12E,29992,3}, {0xD12F,29995,3}, {0xD130,29998,2}, {0xD131,30000,3}, {0xD132,30003,3}, {0xD133,30006,3},
    {0xD134,30009,3}, {0xD135,30012,3}, {0xD136,30015,3}, {0xD137,30018,3}, {0xD138,30021,3}, {0xD139,30024,3},
    {0xD13A,30027,3}, {0xD13B,30030,3}, {0xD13C,30033,3}, {0xD13D,30036,3}, {0xD13E,30039,3}, {0xD13F,30042,3},
    {0xD140,30045,3}, {0xD141,30048,3}, {0xD142,30051,3}, {0xD143,30054,3}, {0xD144,30057,3}, {0xD145,30060,3},
    {0xD146,30063,3}, {0xD147,30066,3}, {0xD148,30069,3}, {0xD149,30072,3}, {0xD14A,30075,3}, {0xD14B,30078,3},
    {0xD14C,30081,2}, {0xD14D,30083,3}, {0xD14E,30086,3}, {0xD14F,30089,3}, {0xD150,30092,3}, {0xD151,30095,3},
    {0xD152,30098,3}, {0xD153,30101,3}, {0xD154,30104,3}, {0xD155,30107,3}, {0xD156,30110,3}, {0xD157,30113,3},
    {0xD158,30116,3}, {0xD159,30119,3}, {0xD15A,30122,3}, {0xD15B,30125,3}, {0xD15C,30128,3}, {0xD15D,30131,3},
    {0xD15E,30134,3}, {0xD15F,30137,3}, {0xD160,30140,3}, {0xD161,30143,3}, {0xD162,30146,3}, {0xD163,30149,3},
    {0xD164,30152,3}, {0xD165,30155,3}, {0xD166,30158,3}, {0xD167,30161,3}, {0xD168,30164,2}, {0xD169,30166,3},
    {0xD16A,30169,3}, {0xD16B,30172,3}, {0xD16C,30175,3}, {0xD16D,30178,3}, {0xD16E,30181,3}, {0xD16F,30184,3},
    {0xD170,30187,3}, {0xD171,30190,3}, {0xD172,30193,3}, {0xD173,30196,3}, {0xD174,30199,3}, {0xD175,30202,3},
    {0xD176,30205,3}, {0xD177,30208,3}, {0xD178,30211,3}, {0xD179,30214,3}, {0xD17A,30217,3}, {0xD17B,30220,3},
    {0xD17C,30223,3}, {0xD17D,30226,3}, {0xD17E,30229,3}, {0xD17F,30232,3}, {0xD180,30235,3}, {0xD181,30238,3},
    {0xD182,30241,3}, {0xD183,30244,3}, {0xD184,30247,2}, {0xD185,30249,3}, {0xD186,30252,3}, {0xD187,30255,3},
    {0xD188,30258,3}, {0xD189,30261,3}, {0xD18A,30264,3}, {0xD18B,30267,3}, {0xD18C,30270,3}, {0xD18D,30273,3},
    {0xD18E,30276,3}, {0xD18F,30279,3}, {0xD190,30282,3}, {0xD191,30285,3}, {0xD192,30288,3}, {0xD193,30291,3},
    {0xD194,30294,3}, {0xD195,30297,3}, {0xD196,30300,3}, {0xD197,30303,3}, {0xD198,30306,3}, {0xD199,30309,3},
    {0xD19A,30312,3}, {0xD19B,30315,3}, {0xD19C,30318,3}, {0xD19D,30321,3}, {0xD19E,30324,3}, {0xD19F,30327,3},
    {0xD1A0,30330,2}, {0xD1A1,30332,3}, {0xD1A2,30335,3}, {0xD1A3,30338,3}, {0xD1A4,30341,3}, {0xD1A5,30344,3},
    {0xD1A6,30347,3}, {0xD1A7,30350,3}, {0xD1A8,30353,3}, {0xD1A9,30356,3}, {0xD1AA,30359,3}, {0xD1AB,30362,3},
    {0xD1AC,30365,3}, {0xD1AD,30368,3}, {0xD1AE,30371,3}, {0xD1AF,30374,3}, {0xD1B0,30377,3}, {0xD1B1,30380,3},
    {0xD1B2,30383,3}, {0xD1B3,30386,3}, {0xD1B4,30389,3}, {0xD1B5,30392,3}, {0xD1B6,30395,3}, {0xD1B7,30398,3},
    {0xD1B8,30401,3}, {0xD1B9,30404,3}, {0xD1BA,30407,3}, {0xD1BB,30410,3}, {0xD1BC,30413,2}, {0xD1BD,30415,3},
    {0xD1BE,30418,3}, {0xD1BF,30421,3}, {0xD1C0,30424,3}, {0xD1C1,30427,3}, {0xD1C2,30430,3}, {0xD1C3,30433,3},
    {0xD1C4,30436,3}, {0xD1C5,30439,3}, {0xD1C6,30442,3}, {0xD1C7,30445,3}, {0xD1C8,30448,3}, {0xD1C9,30451,3},
    {0xD1CA,30454,3}, {0xD1CB,30457,3}, {0xD1CC,30460,3}, {0xD1CD,30463,3}, {0xD1CE,30466,3}, {0xD1CF,30469,3},
    {0xD1D0,30472,3}, {0xD1D1,30475,3}, {0xD1D2,30478,3}, {0xD1D3,30481,3}, {0xD1D4,30484,3}, {0xD1D5,30487,3},
    {0xD1D6,30490,3}, {0xD1D7,30493,3}, {0xD1D8,30496,2}, {0xD1D9,30498,3}, {0xD1DA,30501,3}, {0xD1DB,30504,3},
    {0xD1DC,30507,3}, {0xD1DD,30510,3}, {0xD1DE,30513,3}, {0xD1DF,30516,3}, {0xD1E0,30519,3}, {0xD1E1,30522,3},
    {0xD1E2,30525,3}, {0xD1E3,30528,3}, {0xD1E4,30531,3}, {0xD1E5,30534,3}, {0xD1E6,30537,3}, {0xD1E7,30540,3},
    {0xD1E8,30543,3}, {0xD1E9,30546,3}, {0xD1EA,30549,3}, {0xD1EB,30552,3}, {0xD1EC,30555,3}, {0xD1ED,30558,3},
    {0xD1EE,30561,3}, {0xD1EF,30564,3}, {0xD1F0,30567,3}, {0xD1F1,30570,3}, {0xD1F2,30573,3}, {0xD1F3,30576,3},
    {0xD1F4,30579,2}, {0xD1F5,30581,3}, {0xD1F6,30584,3}, {0xD1F7,30587,3}, {0xD1F8,30590,3}, {0xD1F9,30593,3},
    {0xD1FA,30596,3}, {0xD1FB,30599,3}, {0xD1FC,30602,3}, {0xD1FD,30605,3}, {0xD1FE,30608,3}, {0xD1FF,30611,3},
    {0xD200,30614,3}, {0xD201,30617,3}, {0xD202,30620,3}, {0xD203,30623,3}, {0xD204,30626,3}, {0xD205,30629,3},
    {0xD206,30632,3}, {0xD207,30635,3}, {0xD208,30638,3}, {0xD209,30641,3}, {0xD20A,30644,3}, {0xD20B,30647,3},
    {0xD20C,30650,3}, {0xD20D,30653,3}, {0xD20E,30656,3}, {0xD20F,30659,3}, {0xD210,30662,2}, {0xD211,30664,3},
    {0xD212,30667,3}, {0xD213,30670,3}, {0xD214,30673,3}, {0xD215,30676,3}, {0xD216,30679,3}, {0xD217,30682,3},
    {0xD218,30685,3}, {0xD219,30688,3}, {0xD21A,30691,3}, {0xD21B,30694,3}, {0xD21C,30697,3}, {0xD21D,30700,3},
    {0xD21E,30703,3}, {0xD21F,30706,3}, {0xD220,30709,3}, {0xD221,30712,3}, {0xD222,30715,3}, {0xD223,30718,3},
    {0xD224,30721,3}, {0xD225,30724,3}, {0xD226,30727,3}, {0xD227,30730,3}, {0xD228,30733,3}, {0xD229,30736,3},
    {0xD22A,30739,3}, {0xD22B,30742,3}, {0xD22C,30745,2}, {0xD22D,30747,3}, {0xD22E,30750,3}, {0xD22F,30753,3},
    {0xD230,30756,3}, {0xD231,30759,3}, {0xD232,30762,3}, {0xD233,30765,3}, {0xD234,30768,3}, {0xD235,30771,3},
    {0xD236,30774,3}, {0xD237,30777,3}, {0xD238,30780,3}, {0xD239,30783,3}, {0xD23A,30786,3}, {0xD23B,30789,3},
    {0xD23C,30792,3}, {0xD23D,30795,3}, {0xD23E,30798,3}, {0xD23F,30801,3}, {0xD240,30804,3}, {0xD241,30807,3},
    {0xD242,30810,3}, {0xD243,30813,3}, {0xD244,30816,3}, {0xD245,30819,3}, {0xD246,30822,3}, {0xD247,30825,3},
    {0xD248,30828,2}, {0xD249,30830,3}, {0xD24A,30833,3}, {0xD24B,30836,3}, {0xD24C,30839,3}, {0xD24D,30842,3},
    {0xD24E,30845,3}, {0xD24F,30848,3}, {0xD250,30851,3}, {0xD251,30854,3}, {0xD252,30857,3}, {0xD253,30860,3},
    {0xD254,30863,3}, {0xD255,30866,3}, {0xD256,30869,3}, {0xD257,30872,3}, {0xD258,30875,3}, {0xD259,30878,3},
    {0xD25A,30881,3}, {0xD25B,30884,3}, {0xD25C,30887,3}, {0xD25D,30890,3}, {0xD25E,30893,3}, {0xD25F,30896,3},
    {0xD260,30899,3}, {0xD261,30902,3}, {0xD262,30905,3}, {0xD263,30908,3}, {0xD264,30911,2}, {0xD265,30913,3},
    {0xD266,30916,3}, {0xD267,30919,3}, {0xD268,30922,3}, {0xD269,30925,3}, {0xD26A,30928,3}, {0xD26B,30931,3},
    {0xD26C,30934,3}, {0xD26D,30937,3}, {0xD26E,30940,3}, {0xD26F,30943,3}, {0xD270,30946,3}, {0xD271,30949,3},
    {0xD272,30952,3}, {0xD273,30955,3}, {0xD274,30958,3}, {0xD275,30961,3}, {0xD276,30964,3}, {0xD277,30967,3},
    {0xD278,30970,3}, {0xD279,30973,3}, {0xD27A,30976,3}, {0xD27B,30979,3}, {0xD27C,30982,3}, {0xD27D,30985,3},
    {0xD27E,30988,3}, {0xD27F,30991,3}, {0xD280,30994,2}, {0xD281,30996,3}, {0xD282,30999,3}, {0xD283,31002,3},
    {0xD284,31005,3}, {0xD285,31008,3}, {0xD286,31011,3}, {0xD287,31014,3}, {0xD288,31017,3}, {0xD289,31020,3},
    {0xD28A,31023,3}, {0xD28B,31026,3}, {0xD28C,31029,3}, {0xD28D,31032,3}, {0xD28E,31035,3}, {0xD28F,31038,3},
    {0xD290,31041,3}, {0xD291,31044,3}, {0xD292,31047,3}, {0xD293,31050,3}, {0xD294,31053,3}, {0xD295,31056,3},
    {0xD296,31059,3}, {0xD297,31062,3}, {0xD298,31065,3}, {0xD299,31068,3}, {0xD29A,31071,3}, {0xD29B,31074,3},
    {0xD29C,31077,2}, {0xD29D,31079,3}, {0xD29E,31082,3}, {0xD29F,31085,3}, {0xD2A0,31088,3}, {0xD2A1,31091,3},
    {0xD2A2,31094,3}, {0xD2A3,31097,3}, {0xD2A4,31100,3}, {0xD2A5,31103,3}, {0xD2A6,31106,3}, {0xD2A7,31109,3},
    {0xD2A8,31112,3}, {0xD2A9,31115,3}, {0xD2AA,31118,3}, {0xD2AB,31121,3}, {0xD2AC,31124,3}, {0xD2AD,31127,3},
    {0xD2AE,31130,3}, {0xD2AF,31133,3}, {0xD2B0,31136,3}, {0xD2B1,31139,3}, {0xD2B2,31142,3}, {0xD2B3,31145,3},
    {0xD2B4,31148,3}, {0xD2B5,31151,3}, {0xD2B6,31154,3}, {0xD2B7,31157,3}, {0xD2B8,31160,2}, {0xD2B9,31162,3},
    {0xD2BA,31165,3}, {0xD2BB,31168,3}, {0xD2BC,31171,3}, {0xD2BD,31174,3}, {0xD2BE,31177,3}, {0xD2BF,31180,3},
    {0xD2C0,31183,3}, {0xD2C1,31186,3}, {0xD2C2,31189,3}, {0xD2C3,31192,3}, {0xD2C4,31195,3}, {0xD2C5,31198,3},
    {0xD2C6,31201,3}, {0xD2C7,31204,3}, {0xD2C8,31207,3}, {0xD2C9,31210,3}, {0xD2CA,31213,3}, {0xD2CB,31216,3},
    {0xD2CC,31219,3}, {0xD2CD,31222,3}, {0xD2CE,31225,3}, {0xD2CF,31228,3}, {0xD2D0,31231,3}, {0xD2D1,31234,3},
    {0xD2D2,31237,3}, {0xD2D3,31240,3}, {0xD2D4,31243,2}, {0xD2D5,31245,3}, {0xD2D6,31248,3}, {0xD2D7,31251,3},
    {0xD2D8,31254,3}, {0xD2D9,31257,3}, {0xD2DA,31260,3}, {0xD2DB,31263,3}, {0xD2DC,31266,3}, {0xD2DD,31269,3},
    {0xD2DE,31272,3}, {0xD2DF,31275,3}, {0xD2E0,31278,3}, {0xD2E1,31281,3}, {0xD2E2,31284,3}, {0xD2E3,31287,3},
    {0xD2E4,31290,3}, {0xD2E5,31293,3}, {0xD2E6,31296,3}, {0xD2E7,31299,3}, {0xD2E8,31302,3}, {0xD2E9,31305,3},
    {0xD2EA,31308,3}, {0xD2EB,31311,3}, {0xD2EC,31314,3}, {0xD2ED,31317,3}, {0xD2EE,31320,3}, {0xD2EF,31323,3},
    {0xD2F0,31326,2}, {0xD2F1,31328,3}, {0xD2F2,31331,3}, {0xD2F3,31334,3}, {0xD2F4,31337,3}, {0xD2F5,31340,3},
    {0xD2F6,31343,3}, {0xD2F7,31346,3}, {0xD2F8,31349,3}, {0xD2F9,31352,3}, {0xD2FA,31355,3}, {0xD2FB,31358,3},
    {0xD2FC,31361,3}, {0xD2FD,31364,3}, {0xD2FE,31367,3}, {0xD2FF,31370,3}, {0xD300,31373,3}, {0xD301,31376,3},
    {0xD302,31379,3}, {0xD303,31382,3}, {0xD304,31385,3}, {0xD305,31388,3}, {0xD306,31391,3}, {0xD307,31394,3},
    {0xD308,31397,3}, {0xD309,31400,3}, {0xD30A,31403,3}, {0xD30B,31406,3}, {0xD30C,31409,2}, {0xD30D,31411,3},
    {0xD30E,31414,3}, {0xD30F,31417,3}, {0xD310,31420,3}, {0xD311,31423,3}, {0xD312,31426,3}, {0xD313,31429,3},
    {0xD314,31432,3}, {0xD315,31435,3}, {0xD316,31438,3}, {0xD317,31441,3}, {0xD318,31444,3}, {0xD319,31447,3},
    {0xD31A,31450,3}, {0xD31B,31453,3}, {0xD31C,31456,3}, {0xD31D,31459,3}, {0xD31E,31462,3}, {0xD31F,31465,3},
    {0xD320,31468,3}, {0xD321,31471,3}, {0xD322,31474,3}, {0xD323,31477,3}, {0xD324,31480,3}, {0xD325,31483,3},
    {0xD326,31486,3}, {0xD327,31489,3}, {0xD328,31492,2}, {0xD329,31494,3}, {0xD32A,31497,3}, {0xD32B,31500,3},
    {0xD32C,31503,3}, {0xD32D,31506,3}, {0xD32E,31509,3}, {0xD32F,31512,3}, {0xD330,31515,3}, {0xD331,31518,3},
    {0xD332,31521,3}, {0xD333,31524,3}, {0xD334,31527,3}, {0xD335,31530,3}, {0xD336,31533,3}, {0xD337,31536,3},
    {0xD338,31539,3}, {0xD339,31542,3}, {0xD33A,31545,3}, {0xD33B,31548,3}, {0xD33C,31551,3}, {0xD33D,31554,3},
    {0xD33E,31557,3}, {0xD33F,31560,3}, {0xD340,31563,3}, {0xD341,31566,3}, {0xD342,31569,3}, {0xD343,31572,3},
    {0xD344,31575,2}, {0xD345,31577,3}, {0xD346,31580,3}, {0xD347,31583,3}, {0xD348,31586,3}, {0xD349,31589,3},
    {0xD34A,31592,3}, {0xD34B,31595,3}, {0xD34C,31598,3}, {0xD34D,31601,3}, {0xD34E,31604,3}, {0xD34F,31607,3},
    {0xD350,31610,3}, {0xD351,31613,3}, {0xD352,31616,3}, {0xD353,31619,3}, {0xD354,31622,3}, {0xD355,31625,3},
    {0xD356,31628,3}, {0xD357,31631,3}, {0xD358,31634,3}, {0xD359,31637,3}, {0xD35A,31640,3}, {0xD35B,31643,3},
    {0xD35C,31646,3}, {0xD35D,31649,3}, {0xD35E,31652,3}, {0xD35F,31655,3}, {0xD360,31658,2}, {0xD361,31660,3},
    {0xD362,31663,3}, {0xD363,31666,3}, {0xD364,31669,3}, {0xD365,31672,3}, {0xD366,31675,3}, {0xD367,31678,3},
    {0xD368,31681,3}, {0xD369,31684,3}, {0xD36A,31687,3}, {0xD36B,31690,3}, {0xD36C,31693,3}, {0xD36D,31696,3},
    {0xD36E,31699,3}, {0xD36F,31702,3}, {0xD370,31705,3}, {0xD371,31708,3}, {0xD372,31711,3}, {0xD373,31714,3},
    {0xD374,31717,3}, {0xD375,31720,3}, {0xD376,31723,3}, {0xD377,31726,3}, {0xD378,31729,3}, {0xD379,31732,3},
    {0xD37A,31735,3}, {0xD37B,31738,3}, {0xD37C,31741,2}, {0xD37D,31743,3}, {0xD37E,31746,3}, {0xD37F,31749,3},
    {0xD380,31752,3}, {0xD381,31755,3}, {0xD382,31758,3}, {0xD383,31761,3}, {0xD384,31764,3}, {0xD385,31767,3},
    {0xD386,31770,3}, {0xD387,31773,3}, {0xD388,31776,3}, {0xD389,31779,3}, {0xD38A,31782,3}, {0xD38B,31785,3},
    {0xD38C,31788,3}, {0xD38D,31791,3}, {0xD38E,31794,3}, {0xD38F,31797,3}, {0xD390,31800,3}, {0xD391,31803,3},
    {0xD392,31806,3}, {0xD393,31809,3}, {0xD394,31812,3}, {0xD395,31815,3}, {0xD396,31818,3}, {0xD397,31821,3},
    {0xD398,31824,2}, {0xD399,31826,3}, {0xD39A,31829,3}, {0xD39B,31832,3}, {0xD39C,31835,3}, {0xD39D,31838,3},
    {0xD39E,31841,3}, {0xD39F,31844,3}, {0xD3A0,31847,3}, {0xD3A1,31850,3}, {0xD3A2,31853,3}, {0xD3A3,31856,3},
    {0xD3A4,31859,3}, {0xD3A5,31862,3}, {0xD3A6,31865,3}, {0xD3A7,31868,3}, {0xD3A8,31871,3}, {0xD3A9,31874,3},
    {0xD3AA,31877,3}, {0xD3AB,31880,3}, {0xD3AC,31883,3}, {0xD3AD,31886,3}, {0xD3AE,31889,3}, {0xD3AF,31892,3},
    {0xD3B0,31895,3}, {0xD3B1,31898,3}, {0xD3B2,31901,3}, {0xD3B3,31904,3}, {0xD3B4,31907,2}, {0xD3B5,31909,3},
    {0xD3B6,31912,3}, {0xD3B7,31915,3}, {0xD3B8,31918,3}, {0xD3B9,31921,3}, {0xD3BA,31924,3}, {0xD3BB,31927,3},
    {0xD3BC,31930,3}, {0xD3BD,31933,3}, {0xD3BE,31936,3}, {0xD3BF,31939,3}, {0xD3C0,31942,3}, {0xD3C1,31945,3},
    {0xD3C2,31948,3}, {0xD3C3,31951,3}, {0xD3C4,31954,3}, {0xD3C5,31957,3}, {0xD3C6,31960,3}, {0xD3C7,31963,3},
    {0xD3C8,31966,3}, {0xD3C9,31969,3}, {0xD3CA,31972,3}, {0xD3CB,31975,3}, {0xD3CC,31978,3}, {0xD3CD,31981,3},
    {0xD3CE,31984,3}, {0xD3CF,31987,3}, {0xD3D0,31990,2}, {0xD3D1,31992,3}, {0xD3D2,31995,3}, {0xD3D3,31998,3},
    {0xD3D4,32001,3}, {0xD3D5,32004,3}, {0xD3D6,32007,3}, {0xD3D7,32010,3}, {0xD3D8,32013,3}, {0xD3D9,32016,3},
    {0xD3DA,32019,3}, {0xD3DB,32022,3}, {0xD3DC,32025,3}, {0xD3DD,32028,3}, {0xD3DE,32031,3}, {0xD3DF,32034,3},
    {0xD3E0,32037,3}, {0xD3E1,32040,3}, {0xD3E2,32043,3}, {0xD3E3,32046,3}, {0xD3E4,32049,3}, {0xD3E5,32052,3},
    {0xD3E6,32055,3}, {0xD3E7,32058,3}, {0xD3E8,32061,3}, {0xD3E9,32064,3}, {0xD3EA,32067,3}, {0xD3EB,32070,3},
    {0xD3EC,32073,2}, {0xD3ED,32075,3}, {0xD3EE,32078,3}, {0xD3EF,32081,3}, {0xD3F0,32084,3}, {0xD3F1,32087,3},
    {0xD3F2,32090,3}, {0xD3F3,32093,3}, {0xD3F4,32096,3}, {0xD3F5,32099,3}, {0xD3F6,32102,3}, {0xD3F7,32105,3},
    {0xD3F8,32108,3}, {0xD3F9,32111,3}, {0xD3FA,32114,3}, {0xD3FB,32117,3}, {0xD3FC,32120,3}, {0xD3FD,32123,3},
    {0xD3FE,32126,3}, {0xD3FF,32129,3}, {0xD400,32132,3}, {0xD401,32135,3}, {0xD402,32138,3}, {0xD403,32141,3},
    {0xD404,32144,3}, {0xD405,32147,3}, {0xD406,32150,3}, {0xD407,32153,3}, {0xD408,32156,2}, {0xD409,32158,3},
    {0xD40A,32161,3}, {0xD40B,32164,3}, {0xD40C,32167,3}, {0xD40D,32170,3}, {0xD40E,32173,3}, {0xD40F,32176,3},
    {0xD410,32179,3}, {0xD411,32182,3}, {0xD412,32185,3}, {0xD413,32188,3}, {0xD414,32191,3}, {0xD415,32194,3},
    {0xD416,32197,3}, {0xD417,32200,3}, {0xD418,32203,3}, {0xD419,32206,3}, {0xD41A,32209,3}, {0xD41B,32212,3},
    {0xD41C,32215,3}, {0xD41D,32218,3}, {0xD41E,32221,3}, {0xD41F,32224,3}, {0xD420,32227,3}, {0xD421,32230,3},
    {0xD422,32233,3}, {0xD423,32236,3}, {0xD424,32239,2}, {0xD425,32241,3}, {0xD426,32244,3}, {0xD427,32247,3},
    {0xD428,32250,3}, {0xD429,32253,3}, {0xD42A,32256,3}, {0xD42B,32259,3}, {0xD42C,32262,3}, {0xD42D,32265,3},
    {0xD42E,32268,3}, {0xD42F,32271,3}, {0xD430,32274,3}, {0xD431,32277,3}, {0xD432,32280,3}, {0xD433,32283,3},
    {0xD434,32286,3}, {0xD435,32289,3}, {0xD436,32292,3}, {0xD437,32295,3}, {0xD438,32298,3}, {0xD439,32301,3},
    {0xD43A,32304,3}, {0xD43B,32307,3}, {0xD43C,32310,3}, {0xD43D,32313,3}, {0xD43E,32316,3}, {0xD43F,32319,3},
    {0xD440,32322,2}, {0xD441,32324,3}, {0xD442,32327,3}, {0xD443,32330,3}, {0xD444,32333,3}, {0xD445,32336,3},
    {0xD446,32339,3}, {0xD447,32342,3}, {0xD448,32345,3}, {0xD449,32348,3}, {0xD44A,32351,3}, {0xD44B,32354,3},
    {0xD44C,32357,3}, {0xD44D,32360,3}, {0xD44E,32363,3}, {0xD44F,32366,3}, {0xD450,32369,3}, {0xD451,32372,3},
    {0xD452,32375,3}, {0xD453,32378,3}, {0xD454,32381,3}, {0xD455,32384,3}, {0xD456,32387,3}, {0xD457,32390,3},
    {0xD458,32393,3}, {0xD459,32396,3}, {0xD45A,32399,3}, {0xD45B,32402,3}, {0xD45C,32405,2}, {0xD45D,32407,3},
    {0xD45E,32410,3}, {0xD45F,32413,3}, {0xD460,32416,3}, {0xD461,32419,3}, {0xD462,32422,3}, {0xD463,32425,3},
    {0xD464,32428,3}, {0xD465,32431,3}, {0xD466,32434,3}, {0xD467,32437,3}, {0xD468,32440,3}, {0xD469,32443,3},
    {0xD46A,32446,3}, {0xD46B,32449,3}, {0xD46C,32452,3}, {0xD46D,32455,3}, {0xD46E,32458,3}, {0xD46F,32461,3},
    {0xD470,32464,3}, {0xD471,32467,3}, {0xD472,32470,3}, {0xD473,32473,3}, {0xD474,32476,3}, {0xD475,32479,3},
    {0xD476,32482,3}, {0xD477,32485,3}, {0xD478,32488,2}, {0xD479,32490,3}, {0xD47A,32493,3}, {0xD47B,32496,3},
    {0xD47C,32499,3}, {0xD47D,32502,3}, {0xD47E,32505,3}, {0xD47F,32508,3}, {0xD480,32511,3}, {0xD481,32514,3},
    {0xD482,32517,3}, {0xD483,32520,3}, {0xD484,32523,3}, {0xD485,32526,3}, {0xD486,32529,3}, {0xD487,32532,3},
    {0xD488,32535,3}, {0xD489,32538,3}, {0xD48A,32541,3}, {0xD48B,32544,3}, {0xD48C,32547,3}, {0xD48D,32550,3},
    {0xD48E,32553,3}, {0xD48F,32556,3}, {0xD490,32559,3}, {0xD491,32562,3}, {0xD492,32565,3}, {0xD493,32568,3},
    {0xD494,32571,2}, {0xD495,32573,3}, {0xD496,32576,3}, {0xD497,32579,3}, {0xD498,32582,3}, {0xD499,32585,3},
    {0xD49A,32588,3}, {0xD49B,32591,3}, {0xD49C,32594,3}, {0xD49D,32597,3}, {0xD49E,32600,3}, {0xD49F,32603,3},
    {0xD4A0,32606,3}, {0xD4A1,32609,3}, {0xD4A2,32612,3}, {0xD4A3,32615,3}, {0xD4A4,32618,3}, {0xD4A5,32621,3},
    {0xD4A6,32624,3}, {0xD4A7,32627,3}, {0xD4A8,32630,3}, {0xD4A9,32633,3}, {0xD4AA,32636,3}, {0xD4AB,32639,3},
    {0xD4AC,32642,3}, {0xD4AD,32645,3}, {0xD4AE,32648,3}, {0xD4AF,32651,3}, {0xD4B0,32654,2}, {0xD4B1,32656,3},
    {0xD4B2,32659,3}, {0xD4B3,32662,3}, {0xD4B4,32665,3}, {0xD4B5,32668,3}, {0xD4B6,32671,3}, {0xD4B7,32674,3},
    {0xD4B8,32677,3}, {0xD4B9,32680,3}, {0xD4BA,32683,3}, {0xD4BB,32686,3}, {0xD4BC,32689,3}, {0xD4BD,32692,3},
    {0xD4BE,32695,3}, {0xD4BF,32698,3}, {0xD4C0,32701,3}, {0xD4C1,32704,3}, {0xD4C2,32707,3}, {0xD4C3,32710,3},
    {0xD4C4,32713,3}, {0xD4C5,32716,3}, {0xD4C6,32719,3}, {0xD4C7,32722,3}, {0xD4C8,32725,3}, {0xD4C9,32728,3},
    {0xD4CA,32731,3}, {0xD4CB,32734,3}, {0xD4CC,32737,2}, {0xD4CD,32739,3}, {0xD4CE,32742,3}, {0xD4CF,32745,3},
    {0xD4D0,32748,3}, {0xD4D1,32751,3}, {0xD4D2,32754,3}, {0xD4D3,32757,3}, {0xD4D4,32760,3}, {0xD4D5,32763,3},
    {0xD4D6,32766,3}, {0xD4D7,32769,3}, {0xD4D8,32772,3}, {0xD4D9,32775,3}, {0xD4DA,32778,3}, {0xD4DB,32781,3},
    {0xD4DC,32784,3}, {0xD4DD,32787,3}, {0xD4DE,32790,3}, {0xD4DF,32793,3}, {0xD4E0,32796,3}, {0xD4E1,32799,3},
    {0xD4E2,32802,3}, {0xD4E3,32805,3}, {0xD4E4,32808,3}, {0xD4E5,32811,3}, {0xD4E6,32814,3}, {0xD4E7,32817,3},
    {0xD4E8,32820,2}, {0xD4E9,32822,3}, {0xD4EA,32825,3}, {0xD4EB,32828,3}, {0xD4EC,32831,3}, {0xD4ED,32834,3},
    {0xD4EE,32837,3}, {0xD4EF,32840,3}, {0xD4F0,32843,3}, {0xD4F1,32846,3}, {0xD4F2,32849,3}, {0xD4F3,32852,3},
    {0xD4F4,32855,3}, {0xD4F5,32858,3}, {0xD4F6,32861,3}, {0xD4F7,32864,3}, {0xD4F8,32867,3}, {0xD4F9,32870,3},
    {0xD4FA,32873,3}, {0xD4FB,32876,3}, {0xD4FC,32879,3}, {0xD4FD,32882,3}, {0xD4FE,32885,3}, {0xD4FF,32888,3},
    {0xD500,32891,3}, {0xD501,32894,3}, {0xD502,32897,3}, {0xD503,32900,3}, {0xD504,32903,2}, {0xD505,32905,3},
    {0xD506,32908,3}, {0xD507,32911,3}, {0xD508,32914,3}, {0xD509,32917,3}, {0xD50A,32920,3}, {0xD50B,32923,3},
    {0xD50C,32926,3}, {0xD50D,32929,3}, {0xD50E,32932,3}, {0xD50F,32935,3}, {0xD510,32938,3}, {0xD511,32941,3},
    {0xD512,32944,3}, {0xD513,32947,3}, {0xD514,32950,3}, {0xD515,32953,3}, {0xD516,32956,3}, {0xD517,32959,3},
    {0xD518,32962,3}, {0xD519,32965,3}, {0xD51A,32968,3}, {0xD51B,32971,3}, {0xD51C,32974,3}, {0xD51D,32977,3},
    {0xD51E,32980,3}, {0xD51F,32983,3}, {0xD520,32986,2}, {0xD521,32988,3}, {0xD522,32991,3}, {0xD523,32994,3},
    {0xD524,32997,3}, {0xD525,33000,3}, {0xD526,33003,3}, {0xD527,33006,3}, {0xD528,33009,3}, {0xD529,33012,3},
    {0xD52A,33015,3}, {0xD52B,33018,3}, {0xD52C,33021,3}, {0xD52D,33024,3}, {0xD52E,33027,3}, {0xD52F,33030,3},
    {0xD530,33033,3}, {0xD531,33036,3}, {0xD532,33039,3}, {0xD533,33042,3}, {0xD534,33045,3}, {0xD535,33048,3},
    {0xD536,33051,3}, {0xD537,33054,3}, {0xD538,33057,3}, {0xD539,33060,3}, {0xD53A,33063,3}, {0xD53B,33066,3},
    {0xD53C,33069,2}, {0xD53D,33071,3}, {0xD53E,33074,3}, {0xD53F,33077,3}, {0xD540,33080,3}, {0xD541,33083,3},
    {0xD542,33086,3}, {0xD543,33089,3}, {0xD544,33092,3}, {0xD545,33095,3}, {0xD546,33098,3}, {0xD547,33101,3},
    {0xD548,33104,3}, {0xD549,33107,3}, {0xD54A,33110,3}, {0xD54B,33113,3}, {0xD54C,33116,3}, {0xD54D,33119,3},
    {0xD54E,33122,3}, {0xD54F,33125,3}, {0xD550,33128,3}, {0xD551,33131,3}, {0xD552,33134,3}, {0xD553,33137,3},
    {0xD554,33140,3}, {0xD555,33143,3}, {0xD556,33146,3}, {0xD557,33149,3}, {0xD558,33152,2}, {0xD559,33154,3},
    {0xD55A,33157,3}, {0xD55B,33160,3}, {0xD55C,33163,3}, {0xD55D,33166,3}, {0xD55E,33169,3}, {0xD55F,33172,3},
    {0xD560,33175,3}, {0xD561,33178,3}, {0xD562,33181,3}, {0xD563,33184,3}, {0xD564,33187,3}, {0xD565,33190,3},
    {0xD566,33193,3}, {0xD567,33196,3}, {0xD568,33199,3}, {0xD569,33202,3}, {0xD56A,33205,3}, {0xD56B,33208,3},
    {0xD56C,33211,3}, {0xD56D,33214,3}, {0xD56E,33217,3}, {0xD56F,33220,3}, {0xD570,33223,3}, {0xD571,33226,3},
    {0xD572,33229,3}, {0xD573,33232,3}, {0xD574,33235,2}, {0xD575,33237,3}, {0xD576,33240,3}, {0xD577,33243,3},
    {0xD578,33246,3}, {0xD579,33249,3}, {0xD57A,33252,3}, {0xD57B,33255,3}, {0xD57C,33258,3}, {0xD57D,33261,3},
    {0xD57E,33264,3}, {0xD57F,33267,3}, {0xD580,33270,3}, {0xD581,33273,3}, {0xD582,33276,3}, {0xD583,33279,3},
    {0xD584,33282,3}, {0xD585,33285,3}, {0xD586,33288,3}, {0xD587,33291,3}, {0xD588,33294,3}, {0xD589,33297,3},
    {0xD58A,33300,3}, {0xD58B,33303,3}, {0xD58C,33306,3}, {0xD58D,33309,3}, {0xD58E,33312,3}, {0xD58F,33315,3},
    {0xD590,33318,2}, {0xD591,33320,3}, {0xD592,33323,3}, {0xD593,33326,3}, {0xD594,33329,3}, {0xD595,33332,3},
    {0xD596,33335,3}, {0xD597,33338,3}, {0xD598,33341,3}, {0xD599,33344,3}, {0xD59A,33347,3}, {0xD59B,33350,3},
    {0xD59C,33353,3}, {0xD59D,33356,3}, {0xD59E,33359,3}, {0xD59F,33362,3}, {0xD5A0,33365,3}, {0xD5A1,33368,3},
    {0xD5A2,33371,3}, {0xD5A3,33374,3}, {0xD5A4,33377,3}, {0xD5A5,33380,3}, {0xD5A6,33383,3}, {0xD5A7,33386,3},
    {0xD5A8,33389,3}, {0xD5A9,33392,3}, {0xD5AA,33395,3}, {0xD5AB,33398,3}, {0xD5AC,33401,2}, {0xD5AD,33403,3},
    {0xD5AE,33406,3}, {0xD5AF,33409,3}, {0xD5B0,33412,3}, {0xD5B1,33415,3}, {0xD5B2,33418,3}, {0xD5B3,33421,3},
    {0xD5B4,33424,3}, {0xD5B5,33427,3}, {0xD5B6,33430,3}, {0xD5B7,33433,3}, {0xD5B8,33436,3}, {0xD5B9,33439,3},
    {0xD5BA,33442,3}, {0xD5BB,33445,3}, {0xD5BC,33448,3}, {0xD5BD,33451,3}, {0xD5BE,33454,3}, {0xD5BF,33457,3},
    {0xD5C0,33460,3}, {0xD5C1,33463,3}, {0xD5C2,33466,3}, {0xD5C3,33469,3}, {0xD5C4,33472,3}, {0xD5C5,33475,3},
    {0xD5C6,33478,3}, {0xD5C7,33481,3}, {0xD5C8,33484,2}, {0xD5C9,33486,3}, {0xD5CA,33489,3}, {0xD5CB,33492,3},
    {0xD5CC,33495,3}, {0xD5CD,33498,3}, {0xD5CE,33501,3}, {0xD5CF,33504,3}, {0xD5D0,33507,3}, {0xD5D1,33510,3},
    {0xD5D2,33513,3}, {0xD5D3,33516,3}, {0xD5D4,33519,3}, {0xD5D5,33522,3}, {0xD5D6,33525,3}, {0xD5D7,33528,3},
    {0xD5D8,33531,3}, {0xD5D9,33534,3}, {0xD5DA,33537,3}, {0xD5DB,33540,3}, {0xD5DC,33543,3}, {0xD5DD,33546,3},
    {0xD5DE,33549,3}, {0xD5DF,33552,3}, {0xD5E0,33555,3}, {0xD5E1,33558,3}, {0xD5E2,33561,3}, {0xD5E3,33564,3},
    {0xD5E4,33567,2}, {0xD5E5,33569,3}, {0xD5E6,33572,3}, {0xD5E7,33575,3}, {0xD5E8,33578,3}, {0xD5E9,33581,3},
    {0xD5EA,33584,3}, {0xD5EB,33587,3}, {0xD5EC,33590,3}, {0xD5ED,33593,3}, {0xD5EE,33596,3}, {0xD5EF,33599,3},
    {0xD5F0,33602,3}, {0xD5F1,33605,3}, {0xD5F2,33608,3}, {0xD5F3,33611,3}, {0xD5F4,33614,3}, {0xD5F5,33617,3},
    {0xD5F6,33620,3}, {0xD5F7,33623,3}, {0xD5F8,33626,3}, {0xD5F9,33629,3}, {0xD5FA,33632,3}, {0xD5FB,33635,3},
    {0xD5FC,33638,3}, {0xD5FD,33641,3}, {0xD5FE,33644,3}, {0xD5FF,33647,3}, {0xD600,33650,2}, {0xD601,33652,3},
    {0xD602,33655,3}, {0xD603,33658,3}, {0xD604,33661,3}, {0xD605,33664,3}, {0xD606,33667,3}, {0xD607,33670,3},
    {0xD608,33673,3}, {0xD609,33676,3}, {0xD60A,33679,3}, {0xD60B,33682,3}, {0xD60C,33685,3}, {0xD60D,33688,3},
    {0xD60E,33691,3}, {0xD60F,33694,3}, {0xD610,33697,3}, {0xD611,33700,3}, {0xD612,33703,3}, {0xD613,33706,3},
    {0xD614,33709,3}, {0xD615,33712,3}, {0xD616,33715,3}, {0xD617,33718,3}, {0xD618,33721,3}, {0xD619,33724,3},
    {0xD61A,33727,3}, {0xD61B,33730,3}, {0xD61C,33733,2}, {0xD61D,33735,3}, {0xD61E,33738,3}, {0xD61F,33741,3},
    {0xD620,33744,3}, {0xD621,33747,3}, {0xD622,33750,3}, {0xD623,33753,3}, {0xD624,33756,3}, {0xD625,33759,3},
    {0xD626,33762,3}, {0xD627,33765,3}, {0xD628,33768,3}, {0xD629,33771,3}, {0xD62A,33774,3}, {0xD62B,33777,3},
    {0xD62C,33780,3}, {0xD62D,33783,3}, {0xD62E,33786,3}, {0xD62F,33789,3}, {0xD630,33792,3}, {0xD631,33795,3},
    {0xD632,33798,3}, {0xD633,33801,3}, {0xD634,33804,3}, {0xD635,33807,3}, {0xD636,33810,3}, {0xD637,33813,3},
    {0xD638,33816,2}, {0xD639,33818,3}, {0xD63A,33821,3}, {0xD63B,33824,3}, {0xD63C,33827,3}, {0xD63D,33830,3},
    {0xD63E,33833,3}, {0xD63F,33836,3}, {0xD640,33839,3}, {0xD641,33842,3}, {0xD642,33845,3}, {0xD643,33848,3},
    {0xD644,33851,3}, {0xD645,33854,3}, {0xD646,33857,3}, {0xD647,33860,3}, {0xD648,33863,3}, {0xD649,33866,3},
    {0xD64A,33869,3}, {0xD64B,33872,3}, {0xD64C,33875,3}, {0xD64D,33878,3}, {0xD64E,33881,3}, {0xD64F,33884,3},
    {0xD650,33887,3}, {0xD651,33890,3}, {0xD652,33893,3}, {0xD653,33896,3}, {0xD654,33899,2}, {0xD655,33901,3},
    {0xD656,33904,3}, {0xD657,33907,3}, {0xD658,33910,3}, {0xD659,33913,3}, {0xD65A,33916,3}, {0xD65B,33919,3},
    {0xD65C,33922,3}, {0xD65D,33925,3}, {0xD65E,33928,3}, {0xD65F,33931,3}, {0xD660,33934,3}, {0xD661,33937,3},
    {0xD662,33940,3}, {0xD663,33943,3}, {0xD664,33946,3}, {0xD665,33949,3}, {0xD666,33952,3}, {0xD667,33955,3},
    {0xD668,33958,3}, {0xD669,33961,3}, {0xD66A,33964,3}, {0xD66B,33967,3}, {0xD66C,33970,3}, {0xD66D,33973,3},
    {0xD66E,33976,3}, {0xD66F,33979,3}, {0xD670,33982,2}, {0xD671,33984,3}, {0xD672,33987,3}, {0xD673,33990,3},
    {0xD674,33993,3}, {0xD675,33996,3}, {0xD676,33999,3}, {0xD677,34002,3}, {0xD678,34005,3}, {0xD679,34008,3},
    {0xD67A,34011,3}, {0xD67B,34014,3}, {0xD67C,34017,3}, {0xD67D,34020,3}, {0xD67E,34023,3}, {0xD67F,34026,3},
    {0xD680,34029,3}, {0xD681,34032,3}, {0xD682,34035,3}, {0xD683,34038,3}, {0xD684,34041,3}, {0xD685,34044,3},
    {0xD686,34047,3}, {0xD687,34050,3}, {0xD688,34053,3}, {0xD689,34056,3}, {0xD68A,34059,3}, {0xD68B,34062,3},
    {0xD68C,34065,2}, {0xD68D,34067,3}, {0xD68E,34070,3}, {0xD68F,34073,3}, {0xD690,34076,3}, {0xD691,34079,3},
    {0xD692,34082,3}, {0xD693,34085,3}, {0xD694,34088,3}, {0xD695,34091,3}, {0xD696,34094,3}, {0xD697,34097,3},
    {0xD698,34100,3}, {0xD699,34103,3}, {0xD69A,34106,3}, {0xD69B,34109,3}, {0xD69C,34112,3}, {0xD69D,34115,3},
    {0xD69E,34118,3}, {0xD69F,34121,3}, {0xD6A0,34124,3}, {0xD6A1,34127,3}, {0xD6A2,34130,3}, {0xD6A3,34133,3},
    {0xD6A4,34136,3}, {0xD6A5,34139,3}, {0xD6A6,34142,3}, {0xD6A7,34145,3}, {0xD6A8,34148,2}, {0xD6A9,34150,3},
    {0xD6AA,34153,3}, {0xD6AB,34156,3}, {0xD6AC,34159,3}, {0xD6AD,34162,3}, {0xD6AE,34165,3}, {0xD6AF,34168,3},
    {0xD6B0,34171,3}, {0xD6B1,34174,3}, {0xD6B2,34177,3}, {0xD6B3,34180,3}, {0xD6B4,34183,3}, {0xD6B5,34186,3},
    {0xD6B6,34189,3}, {0xD6B7,34192,3}, {0xD6B8,34195,3}, {0xD6B9,34198,3}, {0xD6BA,34201,3}, {0xD6BB,34204,3},
    {0xD6BC,34207,3}, {0xD6BD,34210,3}, {0xD6BE,34213,3}, {0xD6BF,34216,3}, {0xD6C0,34219,3}, {0xD6C1,34222,3},
    {0xD6C2,34225,3}, {0xD6C3,34228,3}, {0xD6C4,34231,2}, {0xD6C5,34233,3}, {0xD6C6,34236,3}, {0xD6C7,34239,3},
    {0xD6C8,34242,3}, {0xD6C9,34245,3}, {0xD6CA,34248,3}, {0xD6CB,34251,3}, {0xD6CC,34254,3}, {0xD6CD,34257,3},
    {0xD6CE,34260,3}, {0xD6CF,34263,3}, {0xD6D0,34266,3}, {0xD6D1,34269,3}, {0xD6D2,34272,3}, {0xD6D3,34275,3},
    {0xD6D4,34278,3}, {0xD6D5,34281,3}, {0xD6D6,34284,3}, {0xD6D7,34287,3}, {0xD6D8,34290,3}, {0xD6D9,34293,3},
    {0xD6DA,34296,3}, {0xD6DB,34299,3}, {0xD6DC,34302,3}, {0xD6DD,34305,3}, {0xD6DE,34308,3}, {0xD6DF,34311,3},
    {0xD6E0,34314,2}, {0xD6E1,34316,3}, {0xD6E2,34319,3}, {0xD6E3,34322,3}, {0xD6E4,34325,3}, {0xD6E5,34328,3},
    {0xD6E6,34331,3}, {0xD6E7,34334,3}, {0xD6E8,34337,3}, {0xD6E9,34340,3}, {0xD6EA,34343,3}, {0xD6EB,34346,3},
    {0xD6EC,34349,3}, {0xD6ED,34352,3}, {0xD6EE,34355,3}, {0xD6EF,34358,3}, {0xD6F0,34361,3}, {0xD6F1,34364,3},
    {0xD6F2,34367,3}, {0xD6F3,34370,3}, {0xD6F4,34373,3}, {0xD6F5,34376,3}, {0xD6F6,34379,3}, {0xD6F7,34382,3},
    {0xD6F8,34385,3}, {0xD6F9,34388,3}, {0xD6FA,34391,3}, {0xD6FB,34394,3}, {0xD6FC,34397,2}, {0xD6FD,34399,3},
    {0xD6FE,34402,3}, {0xD6FF,34405,3}, {0xD700,34408,3}, {0xD701,34411,3}, {0xD702,34414,3}, {0xD703,34417,3},
    {0xD704,34420,3}, {0xD705,34423,3}, {0xD706,34426,3}, {0xD707,34429,3}, {0xD708,34432,3}, {0xD709,34435,3},
    {0xD70A,34438,3}, {0xD70B,34441,3}, {0xD70C,34444,3}, {0xD70D,34447,3}, {0xD70E,34450,3}, {0xD70F,34453,3},
    {0xD710,34456,3}, {0xD711,34459,3}, {0xD712,34462,3}, {0xD713,34465,3}, {0xD714,34468,3}, {0xD715,34471,3},
    {0xD716,34474,3}, {0xD717,34477,3}, {0xD718,34480,2}, {0xD719,34482,3}, {0xD71A,34485,3}, {0xD71B,34488,3},
    {0xD71C,34491,3}, {0xD71D,34494,3}, {0xD71E,34497,3}, {0xD71F,34500,3}, {0xD720,34503,3}, {0xD721,34506,3},
    {0xD722,34509,3}, {0xD723,34512,3}, {0xD724,34515,3}, {0xD725,34518,3}, {0xD726,34521,3}, {0xD727,34524,3},
    {0xD728,34527,3}, {0xD729,34530,3}, {0xD72A,34533,3}, {0xD72B,34536,3}, {0xD72C,34539,3}, {0xD72D,34542,3},
    {0xD72E,34545,3}, {0xD72F,34548,3}, {0xD730,34551,3}, {0xD731,34554,3}, {0xD732,34557,3}, {0xD733,34560,3},
    {0xD734,34563,2}, {0xD735,34565,3}, {0xD736,34568,3}, {0xD737,34571,3}, {0xD738,34574,3}, {0xD739,34577,3},
    {0xD73A,34580,3}, {0xD73B,34583,3}, {0xD73C,34586,3}, {0xD73D,34589,3}, {0xD73E,34592,3}, {0xD73F,34595,3},
    {0xD740,34598,3}, {0xD741,34601,3}, {0xD742,34604,3}, {0xD743,34607,3}, {0xD744,34610,3}, {0xD745,34613,3},
    {0xD746,34616,3}, {0xD747,34619,3}, {0xD748,34622,3}, {0xD749,34625,3}, {0xD74A,34628,3}, {0xD74B,34631,3},
    {0xD74C,34634,3}, {0xD74D,34637,3}, {0xD74E,34640,3}, {0xD74F,34643,3}, {0xD750,34646,2}, {0xD751,34648,3},
    {0xD752,34651,3}, {0xD753,34654,3}, {0xD754,34657,3}, {0xD755,34660,3}, {0xD756,34663,3}, {0xD757,34666,3},
    {0xD758,34669,3}, {0xD759,34672,3}, {0xD75A,34675,3}, {0xD75B,34678,3}, {0xD75C,34681,3}, {0xD75D,34684,3},
    {0xD75E,34687,3}, {0xD75F,34690,3}, {0xD760,34693,3}, {0xD761,34696,3}, {0xD762,34699,3}, {0xD763,34702,3},
    {0xD764,34705,3}, {0xD765,34708,3}, {0xD766,34711,3}, {0xD767,34714,3}, {0xD768,34717,3}, {0xD769,34720,3},
    {0xD76A,34723,3}, {0xD76B,34726,3}, {0xD76C,34729,2}, {0xD76D,34731,3}, {0xD76E,34734,3}, {0xD76F,34737,3},
    {0xD770,34740,3}, {0xD771,34743,3}, {0xD772,34746,3}, {0xD773,34749,3}, {0xD774,34752,3}, {0xD775,34755,3},
    {0xD776,34758,3}, {0xD777,34761,3}, {0xD778,34764,3}, {0xD779,34767,3}, {0xD77A,34770,3}, {0xD77B,34773,3},
    {0xD77C,34776,3}, {0xD77D,34779,3}, {0xD77E,34782,3}, {0xD77F,34785,3}, {0xD780,34788,3}, {0xD781,34791,3},
    {0xD782,34794,3}, {0xD783,34797,3}, {0xD784,34800,3}, {0xD785,34803,3}, {0xD786,34806,3}, {0xD787,34809,3},
    {0xD788,34812,2}, {0xD789,34814,3}, {0xD78A,34817,3}, {0xD78B,34820,3}, {0xD78C,34823,3}, {0xD78D,34826,3},
    {0xD78E,34829,3}, {0xD78F,34832,3}, {0xD790,34835,3}, {0xD791,34838,3}, {0xD792,34841,3}, {0xD793,34844,3},
    {0xD794,34847,3}, {0xD795,34850,3}, {0xD796,34853,3}, {0xD797,34856,3}, {0xD798,34859,3}, {0xD799,34862,3},
    {0xD79A,34865,3}, {0xD79B,34868,3}, {0xD79C,34871,3}, {0xD79D,34874,3}, {0xD79E,34877,3}, {0xD79F,34880,3},
    {0xD7A0,34883,3}, {0xD7A1,34886,3}, {0xD7A2,34889,3}, {0xD7A3,34892,3}, {0xF900,34895,1}, {0xF901,34896,1},
    {0xF902,34897,1}, {0xF903,34898,1}, {0xF904,34899,1}, {0xF905,34900,1}, {0xF906,34901,1}, {0xF907,34902,1},
    {0xF908,34903,1}, {0xF909,34904,1}, {0xF90A,34905,1}, {0xF90B,34906,1}, {0xF90C,34907,1}, {0xF90D,34908,1},
    {0xF90E,34909,1}, {0xF90F,34910,1}, {0xF910,34911,1}, {0xF911,34912,1}, {0xF912,34913,1}, {0xF913,34914,1},
    {0xF914,34915,1}, {0xF915,34916,1}, {0xF916,34917,1}, {0xF917,34918,1}, {0xF918,34919,1}, {0xF919,34920,1},
    {0xF91A,34921,1}, {0xF91B,34922,1}, {0xF91C,34923,1}, {0xF91D,34924,1}, {0xF91E,34925,1}, {0xF91F,34926,1},
    {0xF920,34927,1}, {0xF921,34928,1}, {0xF922,34929,1}, {0xF923,34930,1}, {0xF924,34931,1}, {0xF925,34932,1},
    {0xF926,34933,1}, {0xF927,34934,1}, {0xF928,34935,1}, {0xF929,34936,1}, {0xF92A,34937,1}, {0xF92B,34938,1},
    {0xF92C,34939,1}, {0xF92D,34940,1}, {0xF92E,34941,1}, {0xF92F,34942,1}, {0xF930,34943,1}, {0xF931,34944,1},
    {0xF932,34945,1}, {0xF933,34946,1}, {0xF934,34947,1}, {0xF935,34948,1}, {0xF936,34949,1}, {0xF937,34950,1},
    {0xF938,34951,1}, {0xF939,34952,1}, {0xF93A,34953,1}, {0xF93B,34954,1}, {0xF93C,34955,1}, {0xF93D,34956,1},
    {0xF93E,34957,1}, {0xF93F,34958,1}, {0xF940,34959,1}, {0xF941,34960,1}, {0xF942,34961,1}, {0xF943,34962,1},
    {0xF944,34963,1}, {0xF945,34964,1}, {0xF946,34965,1}, {0xF947,34966,1}, {0xF948,34967,1}, {0xF949,34968,1},
    {0xF94A,34969,1}, {0xF94B,34970,1}, {0xF94C,34971,1}, {0xF94D,34972,1}, {0xF94E,34973,1}, {0xF94F,34974,1},
    {0xF950,34975,1}, {0xF951,34976,1}, {0xF952,34977,1}, {0xF953,34978,1}, {0xF954,34979,1}, {0xF955,34980,1},
    {0xF956,34981,1}, {0xF957,34982,1}, {0xF958,34983,1}, {0xF959,34984,1}, {0xF95A,34985,1}, {0xF95B,34986,1},
    {0xF95C,34987,1}, {0xF95D,34988,1}, {0xF95E,34989,1}, {0xF95F,34990,1}, {0xF960,34991,1}, {0xF961,34992,1},
    {0xF962,34993,1}, {0xF963,34994,1}, {0xF964,34995,1}, {0xF965,34996,1}, {0xF966,34997,1}, {0xF967,34998,1},
    {0xF968,34999,1}, {0xF969,35000,1}, {0xF96A,35001,1}, {0xF96B,35002,1}, {0xF96C,35003,1}, {0xF96D,35004,1},
    {0xF96E,35005,1}, {0xF96F,35006,1}, {0xF970,35007,1}, {0xF971,35008,1}, {0xF972,35009,1}, {0xF973,35010,1},
    {0xF974,35011,1}, {0xF975,35012,1}, {0xF976,35013,1}, {0xF977,35014,1}, {0xF978,35015,1}, {0xF979,35016,1},
    {0xF97A,35017,1}, {0xF97B,35018,1}, {0xF97C,35019,1}, {0xF97D,35020,1}, {0xF97E,35021,1}, {0xF97F,35022,1},
    {0xF980,35023,1}, {0xF981,35024,1}, {0xF982,35025,1}, {0xF983,35026,1}, {0xF984,35027,1}, {0xF985,35028,1},
    {0xF986,35029,1}, {0xF987,35030,1}, {0xF988,35031,1}, {0xF989,35032,1}, {0xF98A,35033,1}, {0xF98B,35034,1},
    {0xF98C,35035,1}, {0xF98D,35036,1}, {0xF98E,35037,1}, {0xF98F,35038,1}, {0xF990,35039,1}, {0xF991,35040,1},
    {0xF992,35041,1}, {0xF993,35042,1}, {0xF994,35043,1}, {0xF995,35044,1}, {0xF996,35045,1}, {0xF997,35046,1},
    {0xF998,35047,1}, {0xF999,35048,1}, {0xF99A,35049,1}, {0xF99B,35050,1}, {0xF99C,35051,1}, {0xF99D,35052,1},
    {0xF99E,35053,1}, {0xF99F,35054,1}, {0xF9A0,35055,1}, {0xF9A1,35056,1}, {0xF9A2,35057,1}, {0xF9A3,35058,1},
    {0xF9A4,35059,1}, {0xF9A5,35060,1}, {0xF9A6,35061,1}, {0xF9A7,35062,1}, {0xF9A8,35063,1}, {0xF9A9,35064,1},
    {0xF9AA,35065,1}, {0xF9AB,35066,1}, {0xF9AC,35067,1}, {0xF9AD,35068,1}, {0xF9AE,35069,1}, {0xF9AF,35070,1},
    {0xF9B0,35071,1}, {0xF9B1,35072,1}, {0xF9B2,35073,1}, {0xF9B3,35074,1}, {0xF9B4,35075,1}, {0xF9B5,35076,1},
    {0xF9B6,35077,1}, {0xF9B7,35078,1}, {0xF9B8,35079,1}, {0xF9B9,35080,1}, {0xF9BA,35081,1}, {0xF9BB,35082,1},
    {0xF9BC,35083,1}, {0xF9BD,35084,1}, {0xF9BE,35085,1}, {0xF9BF,35086,1}, {0xF9C0,35087,1}, {0xF9C1,35088,1},
    {0xF9C2,35089,1}, {0xF9C3,35090,1}, {0xF9C4,35091,1}, {0xF9C5,35092,1}, {0xF9C6,35093,1}, {0xF9C7,35094,1},
    {0xF9C8,35095,1}, {0xF9C9,35096,1}, {0xF9CA,35097,1}, {0xF9CB,35098,1}, {0xF9CC,35099,1}, {0xF9CD,35100,1},
    {0xF9CE,35101,1}, {0xF9CF,35102,1}, {0xF9D0,35103,1}, {0xF9D1,35104,1}, {0xF9D2,35105,1}, {0xF9D3,35106,1},
    {0xF9D4,35107,1}, {0xF9D5,35108,1}, {0xF9D6,35109,1}, {0xF9D7,35110,1}, {0xF9D8,35111,1}, {0xF9D9,35112,1},
    {0xF9DA,35113,1}, {0xF9DB,35114,1}, {0xF9DC,35115,1}, {0xF9DD,35116,1}, {0xF9DE,35117,1}, {0xF9DF,35118,1},
    {0xF9E0,35119,1}, {0xF9E1,35120,1}, {0xF9E2,35121,1}, {0xF9E3,35122,1}, {0xF9E4,35123,1}, {0xF9E5,35124,1},
    {0xF9E6,35125,1}, {0xF9E7,35126,1}, {0xF9E8,35127,1}, {0xF9E9,35128,1}, {0xF9EA,35129,1}, {0xF9EB,35130,1},
    {0xF9EC,35131,1}, {0xF9ED,35132,1}, {0xF9EE,35133,1}, {0xF9EF,35134,1}, {0xF9F0,35135,1}, {0xF9F1,35136,1},
    {0xF9F2,35137,1}, {0xF9F3,35138,1}, {0xF9F4,35139,1}, {0xF9F5,35140,1}, {0xF9F6,35141,1}, {0xF9F7,35142,1},
    {0xF9F8,35143,1}, {0xF9F9,35144,1}, {0xF9FA,35145,1}, {0xF9FB,35146,1}, {0xF9FC,35147,1}, {0xF9FD,35148,1},
    {0xF9FE,35149,1}, {0xF9FF,35150,1}, {0xFA00,35151,1}, {0xFA01,35152,1}, {0xFA02,35153,1}, {0xFA03,35154,1},
    {0xFA04,35155,1}, {0xFA05,35156,1}, {0xFA06,35157,1}, {0xFA07,35158,1}, {0xFA08,35159,1}, {0xFA09,35160,1},
    {0xFA0A,35161,1}, {0xFA0B,35162,1}, {0xFA0C,35163,1}, {0xFA0D,35164,1}, {0xFA10,35165,1}, {0xFA12,35166,1},
    {0xFA15,35167,1}, {0xFA16,35168,1}, {0xFA17,35169,1}, {0xFA18,35170,1}, {0xFA19,35171,1}, {0xFA1A,35172,1},
    {0xFA1B,35173,1}, {0xFA1C,35174,1}, {0xFA1D,35175,1}, {0xFA1E,35176,1}, {0xFA20,35177,1}, {0xFA22,35178,1},
    {0xFA25,35179,1}, {0xFA26,35180,1}, {0xFA2A,35181,1}, {0xFA2B,35182,1}, {0xFA2C,35183,1}, {0xFA2D,35184,1},
    {0xFA2E,35185,1}, {0xFA2F,35186,1}, {0xFA30,35187,1}, {0xFA31,35188,1}, {0xFA32,35189,1}, {0xFA33,35190,1},
    {0xFA34,35191,1}, {0xFA35,35192,1}, {0xFA36,35193,1}, {0xFA37,35194,1}, {0xFA38,35195,1}, {0xFA39,35196,1},
    {0xFA3A,35197,1}, {0xFA3B,35198,1}, {0xFA3C,35199,1}, {0xFA3D,35200,1}, {0xFA3E,35201,1}, {0xFA3F,35202,1},
    {0xFA40,35203,1}, {0xFA41,35204,1}, {0xFA42,35205,1}, {0xFA43,35206,1}, {0xFA44,35207,1}, {0xFA45,35208,1},
    {0xFA46,35209,1}, {0xFA47,35210,1}, {0xFA48,35211,1}, {0xFA49,35212,1}, {0xFA4A,35213,1}, {0xFA4B,35214,1},
    {0xFA4C,35215,1}, {0xFA4D,35216,1}, {0xFA4E,35217,1}, {0xFA4F,35218,1}, {0xFA50,35219,1}, {0xFA51,35220,1},
    {0xFA52,35221,1}, {0xFA53,35222,1}, {0xFA54,35223,1}, {0xFA55,35224,1}, {0xFA56,35225,1}, {0xFA57,35226,1},
    {0xFA58,35227,1}, {0xFA59,35228,1}, {0xFA5A,35229,1}, {0xFA5B,35230,1}, {0xFA5C,35231,1}, {0xFA5D,35232,1},
    {0xFA5E,35233,1}, {0xFA5F,35234,1}, {0xFA60,35235,1}, {0xFA61,35236,1}, {0xFA62,35237,1}, {0xFA63,35238,1},
    {0xFA64,35239,1}, {0xFA65,35240,1}, {0xFA66,35241,1}, {0xFA67,35242,1}, {0xFA68,35243,1}, {0xFA69,35244,1},
    {0xFA6A,35245,1}, {0xFA6B,35246,1}, {0xFA6C,35247,1}, {0xFA6D,35248,1}, {0xFA70,35249,1}, {0xFA71,35250,1},
    {0xFA72,35251,1}, {0xFA73,35252,1}, {0xFA74,35253,1}, {0xFA75,35254,1}, {0xFA76,35255,1}, {0xFA77,35256,1},
    {0xFA78,35257,1}, {0xFA79,35258,1}, {0xFA7A,35259,1}, {0xFA7B,35260,1}, {0xFA7C,35261,1}, {0xFA7D,35262,1},
    {0xFA7E,35263,1}, {0xFA7F,35264,1}, {0xFA80,35265,1}, {0xFA81,35266,1}, {0xFA82,35267,1}, {0xFA83,35268,1},
    {0xFA84,35269,1}, {0xFA85,35270,1}, {0xFA86,35271,1}, {0xFA87,35272,1}, {0xFA88,35273,1}, {0xFA89,35274,1},
    {0xFA8A,35275,1}, {0xFA8B,35276,1}, {0xFA8C,35277,1}, {0xFA8D,35278,1}, {0xFA8E,35279,1}, {0xFA8F,35280,1},
    {0xFA90,35281,1}, {0xFA91,35282,1}, {0xFA92,35283,1}, {0xFA93,35284,1}, {0xFA94,35285,1}, {0xFA95,35286,1},
    {0xFA96,35287,1}, {0xFA97,35288,1}, {0xFA98,35289,1}, {0xFA99,35290,1}, {0xFA9A,35291,1}, {0xFA9B,35292,1},
    {0xFA9C,35293,1}, {0xFA9D,35294,1}, {0xFA9E,35295,1}, {0xFA9F,35296,1}, {0xFAA0,35297,1}, {0xFAA1,35298,1},
    {0xFAA2,35299,1}, {0xFAA3,35300,1}, {0xFAA4,35301,1}, {0xFAA5,35302,1}, {0xFAA6,35303,1}, {0xFAA7,35304,1},
    {0xFAA8,35305,1}, {0xFAA9,35306,1}, {0xFAAA,35307,1}, {0xFAAB,35308,1}, {0xFAAC,35309,1}, {0xFAAD,35310,1},
    {0xFAAE,35311,1}, {0xFAAF,35312,1}, {0xFAB0,35313,1}, {0xFAB1,35314,1}, {0xFAB2,35315,1}, {0xFAB3,35316,1},
    {0xFAB4,35317,1}, {0xFAB5,35318,1}, {0xFAB6,35319,1}, {0xFAB7,35320,1}, {0xFAB8,35321,1}, {0xFAB9,35322,1},
    {0xFABA,35323,1}, {0xFABB,35324,1}, {0xFABC,35325,1}, {0xFABD,35326,1}, {0xFABE,35327,1}, {0xFABF,35328,1},
    {0xFAC0,35329,1}, {0xFAC1,35330,1}, {0xFAC2,35331,1}, {0xFAC3,35332,1}, {0xFAC4,35333,1}, {0xFAC5,35334,1},
    {0xFAC6,35335,1}, {0xFAC7,35336,1}, {0xFAC8,35337,1}, {0xFAC9,35338,1}, {0xFACA,35339,1}, {0xFACB,35340,1},
    {0xFACC,35341,1}, {0xFACD,35342,1}, {0xFACE,35343,1}, {0xFACF,35344,1}, {0xFAD0,35345,1}, {0xFAD1,35346,1},
    {0xFAD2,35347,1}, {0xFAD3,35348,1}, {0xFAD4,35349,1}, {0xFAD5,35350,1}, {0xFAD6,35351,1}, {0xFAD7,35352,1},
    {0xFAD8,35353,1}, {0xFAD9,35354,1}, {0xFB1D,35355,1}, {0xFB1E,35356,0}, {0xFB1F,35356,1}, {0xFB2A,35357,1},
    {0xFB2B,35358,1}, {0xFB2C,35359,1}, {0xFB2D,35360,1}, {0xFB2E,35361,1}, {0xFB2F,35362,1}, {0xFB30,35363,1},
    {0xFB31,35364,1}, {0xFB32,35365,1}, {0xFB33,35366,1}, {0xFB34,35367,1}, {0xFB35,35368,1}, {0xFB36,35369,1},
    {0xFB38,35370,1}, {0xFB39,35371,1}, {0xFB3A,35372,1}, {0xFB3B,35373,1}, {0xFB3C,35374,1}, {0xFB3E,35375,1},
    {0xFB40,35376,1}, {0xFB41,35377,1}, {0xFB43,35378,1}, {0xFB44,35379,1}, {0xFB46,35380,1}, {0xFB47,35381,1},
    {0xFB48,35382,1}, {0xFB49,35383,1}, {0xFB4A,35384,1}, {0xFB4B,35385,1}, {0xFB4C,35386,1}, {0xFB4D,35387,1},
    {0xFB4E,35388,1}, {0xFE00,35389,0}, {0xFE01,35389,0}, {0xFE02,35389,0}, {0xFE03,35389,0}, {0xFE04,35389,0},
    {0xFE05,35389,0}, {0xFE06,35389,0}, {0xFE07,35389,0}, {0xFE08,35389,0}, {0xFE09,35389,0}, {0xFE0A,35389,0},
    {0xFE0B,35389,0}, {0xFE0C,35389,0}, {0xFE0D,35389,0}, {0xFE0E,35389,0}, {0xFE0F,35389,0}, {0xFE20,35389,0},
    {0xFE21,35389,0}, {0xFE22,35389,0}, {0xFE23,35389,0}, {0xFE24,35389,0}, {0xFE25,35389,0}, {0xFE26,35389,0},
    {0xFE27,35389,0}, {0xFE28,35389,0}, {0xFE29,35389,0}, {0xFE2A,35389,0}, {0xFE2B,35389,0}, {0xFE2C,35389,0},
    {0xFE2D,35389,0}, {0xFE2E,35389,0}, {0xFE2F,35389,0}, {0xFF21,35389,1}, {0xFF22,35390,1}, {0xFF23,35391,1},
    {0xFF24,35392,1}, {0xFF25,35393,1}, {0xFF26,35394,1}, {0xFF27,35395,1}, {0xFF28,35396,1}, {0xFF29,35397,1},
    {0xFF2A,35398,1}, {0xFF2B,35399,1}, {0xFF2C,35400,1}, {0xFF2D,35401,1}, {0xFF2E,35402,1}, {0xFF2F,35403,1},
    {0xFF30,35404,1}, {0xFF31,35405,1}, {0xFF32,35406,1}, {0xFF33,35407,1}, {0xFF34,35408,1}, {0xFF35,35409,1},
    {0xFF36,35410,1}, {0xFF37,35411,1}, {0xFF38,35412,1}, {0xFF39,35413,1}, {0xFF3A,35414,1}, {0x101FD,35415,0},
    {0x102E0,35415,0}, {0x10376,35415,0}, {0x10377,35415,0}, {0x10378,35415,0}, {0x10379,35415,0}, {0x1037A,35415,0},
    {0x10400,35415,1}, {0x10401,35416,1}, {0x10402,35417,1}, {0x10403,35418,1}, {0x10404,35419,1}, {0x10405,35420,1},
    {0x10406,35421,1}, {0x10407,35422,1}, {0x10408,35423,1}, {0x10409,35424,1}, {0x1040A,35425,1}, {0x1040B,35426,1},
    {0x1040C,35427,1}, {0x1040D,35428,1}, {0x1040E,35429,1}, {0x1040F,35430,1}, {0x10410,35431,1}, {0x10411,35432,1},
    {0x10412,35433,1}, {0x10413,35434,1}, {0x10414,35435,1}, {0x10415,35436,1}, {0x10416,35437,1}, {0x10417,35438,1},
    {0x10418,35439,1}, {0x10419,35440,1}, {0x1041A,35441,1}, {0x1041B,35442,1}, {0x1041C,35443,1}, {0x1041D,35444,1},
    {0x1041E,35445,1}, {0x1041F,35446,1}, {0x10420,35447,1}, {0x10421,35448,1}, {0x10422,35449,1}, {0x10423,35450,1},
    {0x10424,35451,1}, {0x10425,35452,1}, {0x10426,35453,1}, {0x10427,35454,1}, {0x104B0,35455,1}, {0x104B1,35456,1},
    {0x104B2,35457,1}, {0x104B3,35458,1}, {0x104B4,35459,1}, {0x104B5,35460,1}, {0x104B6,35461,1}, {0x104B7,35462,1},
    {0x104B8,35463,1}, {0x104B9,35464,1}, {0x104BA,35465,1}, {0x104BB,35466,1}, {0x104BC,35467,1}, {0x104BD,35468,1},
    {0x104BE,35469,1}, {0x104BF,35470,1}, {0x104C0,35471,1}, {0x104C1,35472,1}, {0x104C2,35473,1}, {0x104C3,35474,1},
    {0x104C4,35475,1}, {0x104C5,35476,1}, {0x104C6,35477,1}, {0x104C7,35478,1}, {0x104C8,35479,1}, {0x104C9,35480,1},
    {0x104CA,35481,1}, {0x104CB,35482,1}, {0x104CC,35483,1}, {0x104CD,35484,1}, {0x104CE,35485,1}, {0x104CF,35486,1},
    {0x104D0,35487,1}, {0x104D1,35488,1}, {0x104D2,35489,1}, {0x104D3,35490,1}, {0x10570,35491,1}, {0x10571,35492,1},
    {0x10572,35493,1}, {0x10573,35494,1}, {0x10574,35495,1}, {0x10575,35496,1}, {0x10576,35497,1}, {0x10577,35498,1},
    {0x10578,35499,1}, {0x10579,35500,1}, {0x1057A,35501,1}, {0x1057C,35502,1}, {0x1057D,35503,1}, {0x1057E,35504,1},
    {0x1057F,35505,1}, {0x10580,35506,1}, {0x10581,35507,1}, {0x10582,35508,1}, {0x10583,35509,1}, {0x10584,35510,1},
    {0x10585,35511,1}, {0x10586,35512,1}, {0x10587,35513,1}, {0x10588,35514,1}, {0x10589,35515,1}, {0x1058A,35516,1},
    {0x1058C,35517,1}, {0x1058D,35518,1}, {0x1058E,35519,1}, {0x1058F,35520,1}, {0x10590,35521,1}, {0x10591,35522,1},
    {0x10592,35523,1}, {0x10594,35524,1}, {0x10595,35525,1}, {0x105C9,35526,1}, {0x105E4,35527,1}, {0x10A01,35528,0},
    {0x10A02,35528,0}, {0x10A03,35528,0}, {0x10A05,35528,0}, {0x10A06,35528,0}, {0x10A0C,35528,0}, {0x10A0D,35528,0},
    {0x10A0E,35528,0}, {0x10A0F,35528,0}, {0x10A38,35528,0}, {0x10A39,35528,0}, {0x10A3A,35528,0}, {0x10A3F,35528,0},
    {0x10AE5,35528,0}, {0x10AE6,35528,0}, {0x10C80,35528,1}, {0x10C81,35529,1}, {0x10C82,35530,1}, {0x10C83,35531,1},
    {0x10C84,35532,1}, {0x10C85,35533,1}, {0x10C86,35534,1}, {0x10C87,35535,1}, {0x10C88,35536,1}, {0x10C89,35537,1},
    {0x10C8A,35538,1}, {0x10C8B,35539,1}, {0x10C8C,35540,1}, {0x10C8D,35541,1}, {0x10C8E,35542,1}, {0x10C8F,35543,1},
    {0x10C90,35544,1}, {0x10C91,35545,1}, {0x10C92,35546,1}, {0x10C93,35547,1}, {0x10C94,35548,1}, {0x10C95,35549,1},
    {0x10C96,35550,1}, {0x10C97,35551,1}, {0x10C98,35552,1}, {0x10C99,35553,1}, {0x10C9A,35554,1}, {0x10C9B,35555,1},
    {0x10C9C,35556,1}, {0x10C9D,35557,1}, {0x10C9E,35558,1}, {0x10C9F,35559,1}, {0x10CA0,35560,1}, {0x10CA1,35561,1},
    {0x10CA2,35562,1}, {0x10CA3,35563,1}, {0x10CA4,35564,1}, {0x10CA5,35565,1}, {0x10CA6,35566,1}, {0x10CA7,35567,1},
    {0x10CA8,35568,1}, {0x10CA9,35569,1}, {0x10CAA,35570,1}, {0x10CAB,35571,1}, {0x10CAC,35572,1}, {0x10CAD,35573,1},
    {0x10CAE,35574,1}, {0x10CAF,35575,1}, {0x10CB0,35576,1}, {0x10CB1,35577,1}, {0x10CB2,35578,1}, {0x10D24,35579,0},
    {0x10D25,35579,0}, {0x10D26,35579,0}, {0x10D27,35579,0}, {0x10D50,35579,1}, {0x10D51,35580,1}, {0x10D52,35581,1},
    {0x10D53,35582,1}, {0x10D54,35583,1}, {0x10D55,35584,1}, {0x10D56,35585,1}, {0x10D57,35586,1}, {0x10D58,35587,1},
    {0x10D59,35588,1}, {0x10D5A,35589,1}, {0x10D5B,35590,1}, {0x10D5C,35591,1}, {0x10D5D,35592,1}, {0x10D5E,35593,1},
    {0x10D5F,35594,1}, {0x10D60,35595,1}, {0x10D61,35596,1}, {0x10D62,35597,1}, {0x10D63,35598,1}, {0x10D64,35599,1},
    {0x10D65,35600,1}, {0x10D69,35601,0}, {0x10D6A,35601,0}, {0x10D6B,35601,0}, {0x10D6C,35601,0}, {0x10D6D,35601,0},
    {0x10EAB,35601,0}, {0x10EAC,35601,0}, {0x10EFC,35601,0}, {0x10EFD,35601,0}, {0x10EFE,35601,0}, {0x10EFF,35601,0},
    {0x10F46,35601,0}, {0x10F47,35601,0}, {0x10F48,35601,0}, {0x10F49,35601,0}, {0x10F4A,35601,0}, {0x10F4B,35601,0},
    {0x10F4C,35601,0}, {0x10F4D,35601,0}, {0x10F4E,35601,0}, {0x10F4F,35601,0}, {0x10F50,35601,0}, {0x10F82,35601,0},
    {0x10F83,35601,0}, {0x10F84,35601,0}, {0x10F85,35601,0}, {0x11001,35601,0}, {0x11038,35601,0}, {0x11039,35601,0},
    {0x1103A,35601,0}, {0x1103B,35601,0}, {0x1103C,35601,0}, {0x1103D,35601,0}, {0x1103E,35601,0}, {0x1103F,35601,0},
    {0x11040,35601,0}, {0x11041,35601,0}, {0x11042,35601,0}, {0x11043,35601,0}, {0x11044,35601,0}, {0x11045,35601,0},
    {0x11046,35601,0}, {0x11070,35601,0}, {0x11073,35601,0}, {0x11074,35601,0}, {0x1107F,35601,0}, {0x11080,35601,0},
    {0x11081,35601,0}, {0x1109A,35601,1}, {0x1109C,35602,1}, {0x110AB,35603,1}, {0x110B3,35604,0}, {0x110B4,35604,0},
    {0x110B5,35604,0}, {0x110B6,35604,0}, {0x110B9,35604,0}, {0x110BA,35604,0}, {0x110C2,35604,0}, {0x11100,35604,0},
    {0x11101,35604,0}, {0x11102,35604,0}, {0x11127,35604,0}, {0x11128,35604,0}, {0x11129,35604,0}, {0x1112A,35604,0},
    {0x1112B,35604,0}, {0x1112D,35604,0}, {0x1112E,35604,0}, {0x1112F,35604,0}, {0x11130,35604,0}, {0x11131,35604,0},
    {0x11132,35604,0}, {0x11133,35604,0}, {0x11134,35604,0}, {0x11173,35604,0}, {0x11180,35604,0}, {0x11181,35604,0},
    {0x111B6,35604,0}, {0x111B7,35604,0}, {0x111B8,35604,0}, {0x111B9,35604,0}, {0x111BA,35604,0}, {0x111BB,35604,0},
    {0x111BC,35604,0}, {0x111BD,35604,0}, {0x111BE,35604,0}, {0x111C9,35604,0}, {0x111CA,35604,0}, {0x111CB,35604,0},
    {0x111CC,35604,0}, {0x111CF,35604,0}, {0x1122F,35604,0}, {0x11230,35604,0}, {0x11231,35604,0}, {0x11234,35604,0},
    {0x11236,35604,0}, {0x11237,35604,0}, {0x1123E,35604,0}, {0x11241,35604,0}, {0x112DF,35604,0}, {0x112E3,35604,0},
    {0x112E4,35604,0}, {0x112E5,35604,0}, {0x112E6,35604,0}, {0x112E7,35604,0}, {0x112E8,35604,0}, {0x112E9,35604,0},
    {0x112EA,35604,0}, {0x11300,35604,0}, {0x11301,35604,0}, {0x1133B,35604,0}, {0x1133C,35604,0}, {0x11340,35604,0},
    {0x1134B,35604,2}, {0x1134C,35606,2}, {0x11366,35608,0}, {0x11367,35608,0}, {0x11368,35608,0}, {0x11369,35608,0},
    {0x1136A,35608,0}, {0x1136B,35608,0}, {0x1136C,35608,0}, {0x11370,35608,0}, {0x11371,35608,0}, {0x11372,35608,0},
    {0x11373,35608,0}, {0x11374,35608,0}, {0x11383,35608,2}, {0x11385,35610,1}, {0x1138E,35611,2}, {0x11391,35613,2},
    {0x113BB,35615,0}, {0x113BC,35615,0}, {0x113BD,35615,0}, {0x113BE,35615,0}, {0x113BF,35615,0}, {0x113C0,35615,0},
    {0x113C5,35615,2}, {0x113C7,35617,2}, {0x113C8,35619,2}, {0x113CE,35621,0}, {0x113D0,35621,0}, {0x113D2,35621,0},
    {0x113E1,35621,0}, {0x113E2,35621,0}, {0x11438,35621,0}, {0x11439,35621,0}, {0x1143A,35621,0}, {0x1143B,35621,0},
    {0x1143C,35621,0}, {0x1143D,35621,0}, {0x1143E,35621,0}, {0x1143F,35621,0}, {0x11442,35621,0}, {0x11443,35621,0},
    {0x11444,35621,0}, {0x11446,35621,0}, {0x1145E,35621,0}, {0x114B3,35621,0}, {0x114B4,35621,0}, {0x114B5,35621,0},
    {0x114B6,35621,0}, {0x114B7,35621,0}, {0x114B8,35621,0}, {0x114BA,35621,0}, {0x114BB,35621,1}, {0x114BC,35622,2},
    {0x114BE,35624,2}, {0x114BF,35626,0}, {0x114C0,35626,0}, {0x114C2,35626,0}, {0x114C3,35626,0}, {0x115B2,35626,0},
    {0x115B3,35626,0}, {0x115B4,35626,0}, {0x115B5,35626,0}, {0x115BA,35626,2}, {0x115BB,35628,2}, {0x115BC,35630,0},
    {0x115BD,35630,0}, {0x115BF,35630,0}, {0x115C0,35630,0}, {0x115DC,35630,0}, {0x115DD,35630,0}, {0x11633,35630,0},
    {0x11634,35630,0}, {0x11635,35630,0}, {0x11636,35630,0}, {0x11637,35630,0}, {0x11638,35630,0}, {0x11639,35630,0},
    {0x1163A,35630,0}, {0x1163D,35630,0}, {0x1163F,35630,0}, {0x11640,35630,0}, {0x116AB,35630,0}, {0x116AD,35630,0},
    {0x116B0,35630,0}, {0x116B1,35630,0}, {0x116B2,35630,0}, {0x116B3,35630,0}, {0x116B4,35630,0}, {0x116B5,35630,0},
    {0x116B7,35630,0}, {0x1171D,35630,0}, {0x1171F,35630,0}, {0x11722,35630,0}, {0x11723,35630,0}, {0x11724,35630,0},
    {0x11725,35630,0}, {0x11727,35630,0}, {0x11728,35630,0}, {0x11729,35630,0}, {0x1172A,35630,0}, {0x1172B,35630,0},
    {0x1182F,35630,0}, {0x11830,35630,0}, {0x11831,35630,0}, {0x11832,35630,0}, {0x11833,35630,0}, {0x11834,35630,0},
    {0x11835,35630,0}, {0x11836,35630,0}, {0x11837,35630,0}, {0x11839,35630,0}, {0x1183A,35630,0}, {0x118A0,35630,1},
    {0x118A1,35631,1}, {0x118A2,35632,1}, {0x118A3,35633,1}, {0x118A4,35634,1}, {0x118A5,35635,1}, {0x118A6,35636,1},
    {0x118A7,35637,1}, {0x118A8,35638,1}, {0x118A9,35639,1}, {0x118AA,35640,1}, {0x118AB,35641,1}, {0x118AC,35642,1},
    {0x118AD,35643,1}, {0x118AE,35644,1}, {0x118AF,35645,1}, {0x118B0,35646,1}, {0x118B1,35647,1}, {0x118B2,35648,1},
    {0x118B3,35649,1}, {0x118B4,35650,1}, {0x118B5,35651,1}, {0x118B6,35652,1}, {0x118B7,35653,1}, {0x118B8,35654,1},
    {0x118B9,35655,1}, {0x118BA,35656,1}, {0x118BB,35657,1}, {0x118BC,35658,1}, {0x118BD,35659,1}, {0x118BE,35660,1},
    {0x118BF,35661,1}, {0x11938,35662,2}, {0x1193B,35664,0}, {0x1193C,35664,0}, {0x1193E,35664,0}, {0x11943,35664,0},
    {0x119D4,35664,0}, {0x119D5,35664,0}, {0x119D6,35664,0}, {0x119D7,35664,0}, {0x119DA,35664,0}, {0x119DB,35664,0},
    {0x119E0,35664,0}, {0x11A01,35664,0}, {0x11A02,35664,0}, {0x11A03,35664,0}, {0x11A04,35664,0}, {0x11A05,35664,0},
    {0x11A06,35664,0}, {0x11A07,35664,0}, {0x11A08,35664,0}, {0x11A09,35664,0}, {0x11A0A,35664,0}, {0x11A33,35664,0},
    {0x11A34,35664,0}, {0x11A35,35664,0}, {0x11A36,35664,0}, {0x11A37,35664,0}, {0x11A38,35664,0}, {0x11A3B,35664,0},
    {0x11A3C,35664,0}, {0x11A3D,35664,0}, {0x11A3E,35664,0}, {0x11A47,35664,0}, {0x11A51,35664,0}, {0x11A52,35664,0},
    {0x11A53,35664,0}, {0x11A54,35664,0}, {0x11A55,35664,0}, {0x11A56,35664,0}, {0x11A59,35664,0}, {0x11A5A,35664,0},
    {0x11A5B,35664,0}, {0x11A8A,35664,0}, {0x11A8B,35664,0}, {0x11A8C,35664,0}, {0x11A8D,35664,0}, {0x11A8E,35664,0},
    {0x11A8F,35664,0}, {0x11A90,35664,0}, {0x11A91,35664,0}, {0x11A92,35664,0}, {0x11A93,35664,0}, {0x11A94,35664,0},
    {0x11A95,35664,0}, {0x11A96,35664,0}, {0x11A98,35664,0}, {0x11A99,35664,0}, {0x11C30,35664,0}, {0x11C31,35664,0},
    {0x11C32,35664,0}, {0x11C33,35664,0}, {0x11C34,35664,0}, {0x11C35,35664,0}, {0x11C36,35664,0}, {0x11C38,35664,0},
    {0x11C39,35664,0}, {0x11C3A,35664,0}, {0x11C3B,35664,0}, {0x11C3C,35664,0}, {0x11C3D,35664,0}, {0x11C3F,35664,0},
    {0x11C92,35664,0}, {0x11C93,35664,0}, {0x11C94,35664,0}, {0x11C95,35664,0}, {0x11C96,35664,0}, {0x11C97,35664,0},
    {0x11C98,35664,0}, {0x11C99,35664,0}, {0x11C9A,35664,0}, {0x11C9B,35664,0}, {0x11C9C,35664,0}, {0x11C9D,35664,0},
    {0x11C9E,35664,0}, {0x11C9F,35664,0}, {0x11CA0,35664,0}, {0x11CA1,35664,0}, {0x11CA2,35664,0}, {0x11CA3,35664,0},
    {0x11CA4,35664,0}, {0x11CA5,35664,0}, {0x11CA6,35664,0}, {0x11CA7,35664,0}, {0x11CAA,35664,0}, {0x11CAB,35664,0},
    {0x11CAC,35664,0}, {0x11CAD,35664,0}, {0x11CAE,35664,0}, {0x11CAF,35664,0}, {0x11CB0,35664,0}, {0x11CB2,35664,0},
    {0x11CB3,35664,0}, {0x11CB5,35664,0}, {0x11CB6,35664,0}, {0x11D31,35664,0}, {0x11D32,35664,0}, {0x11D33,35664,0},
    {0x11D34,35664,0}, {0x11D35,35664,0}, {0x11D36,35664,0}, {0x11D3A,35664,0}, {0x11D3C,35664,0}, {0x11D3D,35664,0},
    {0x11D3F,35664,0}, {0x11D40,35664,0}, {0x11D41,35664,0}, {0x11D42,35664,0}, {0x11D43,35664,0}, {0x11D44,35664,0},
    {0x11D45,35664,0}, {0x11D47,35664,0}, {0x11D90,35664,0}, {0x11D91,35664,0}, {0x11D95,35664,0}, {0x11D97,35664,0},
    {0x11EF3,35664,0}, {0x11EF4,35664,0}, {0x11F00,35664,0}, {0x11F01,35664,0}, {0x11F36,35664,0}, {0x11F37,35664,0},
    {0x11F38,35664,0}, {0x11F39,35664,0}, {0x11F3A,35664,0}, {0x11F40,35664,0}, {0x11F42,35664,0}, {0x11F5A,35664,0},
    {0x13440,35664,0}, {0x13447,35664,0}, {0x13448,35664,0}, {0x13449,35664,0}, {0x1344A,35664,0}, {0x1344B,35664,0},
    {0x1344C,35664,0}, {0x1344D,35664,0}, {0x1344E,35664,0}, {0x1344F,35664,0}, {0x13450,35664,0}, {0x13451,35664,0},
    {0x13452,35664,0}, {0x13453,35664,0}, {0x13454,35664,0}, {0x13455,35664,0}, {0x1611E,35664,0}, {0x1611F,35664,0},
    {0x16120,35664,0}, {0x16121,35664,0}, {0x16122,35664,0}, {0x16123,35664,0}, {0x16124,35664,0}, {0x16125,35664,0},
    {0x16126,35664,0}, {0x16127,35664,0}, {0x16128,35664,0}, {0x16129,35664,0}, {0x1612D,35664,0}, {0x1612E,35664,0},
    {0x1612F,35664,0}, {0x16AF0,35664,0}, {0x16AF1,35664,0}, {0x16AF2,35664,0}, {0x16AF3,35664,0}, {0x16AF4,35664,0},
    {0x16B30,35664,0}, {0x16B31,35664,0}, {0x16B32,35664,0}, {0x16B33,35664,0}, {0x16B34,35664,0}, {0x16B35,35664,0},
    {0x16B36,35664,0}, {0x16D68,35664,2}, {0x16D69,35666,2}, {0x16D6A,35668,3}, {0x16E40,35671,1}, {0x16E41,35672,1},
    {0x16E42,35673,1}, {0x16E43,35674,1}, {0x16E44,35675,1}, {0x16E45,35676,1}, {0x16E46,35677,1}, {0x16E47,35678,1},
    {0x16E48,35679,1}, {0x16E49,35680,1}, {0x16E4A,35681,1}, {0x16E4B,35682,1}, {0x16E4C,35683,1}, {0x16E4D,35684,1},
    {0x16E4E,35685,1}, {0x16E4F,35686,1}, {0x16E50,35687,1}, {0x16E51,35688,1}, {0x16E52,35689,1}, {0x16E53,35690,1},
    {0x16E54,35691,1}, {0x16E55,35692,1}, {0x16E56,35693,1}, {0x16E57,35694,1}, {0x16E58,35695,1}, {0x16E59,35696,1},
    {0x16E5A,35697,1}, {0x16E5B,35698,1}, {0x16E5C,35699,1}, {0x16E5D,35700,1}, {0x16E5E,35701,1}, {0x16E5F,35702,1},
    {0x16F4F,35703,0}, {0x16F8F,35703,0}, {0x16F90,35703,0}, {0x16F91,35703,0}, {0x16F92,35703,0}, {0x16FE4,35703,0},
    {0x1BC9D,35703,0}, {0x1BC9E,35703,0}, {0x1CF00,35703,0}, {0x1CF01,35703,0}, {0x1CF02,35703,0}, {0x1CF03,35703,0},
    {0x1CF04,35703,0}, {0x1CF05,35703,0}, {0x1CF06,35703,0}, {0x1CF07,35703,0}, {0x1CF08,35703,0}, {0x1CF09,35703,0},
    {0x1CF0A,35703,0}, {0x1CF0B,35703,0}, {0x1CF0C,35703,0}, {0x1CF0D,35703,0}, {0x1CF0E,35703,0}, {0x1CF0F,35703,0},
    {0x1CF10,35703,0}, {0x1CF11,35703,0}, {0x1CF12,35703,0}, {0x1CF13,35703,0}, {0x1CF14,35703,0}, {0x1CF15,35703,0},
    {0x1CF16,35703,0}, {0x1CF17,35703,0}, {0x1CF18,35703,0}, {0x1CF19,35703,0}, {0x1CF1A,35703,0}, {0x1CF1B,35703,0},
    {0x1CF1C,35703,0}, {0x1CF1D,35703,0}, {0x1CF1E,35703,0}, {0x1CF1F,35703,0}, {0x1CF20,35703,0}, {0x1CF21,35703,0},
    {0x1CF22,35703,0}, {0x1CF23,35703,0}, {0x1CF24,35703,0}, {0x1CF25,35703,0}, {0x1CF26,35703,0}, {0x1CF27,35703,0},
    {0x1CF28,35703,0}, {0x1CF29,35703,0}, {0x1CF2A,35703,0}, {0x1CF2B,35703,0}, {0x1CF2C,35703,0}, {0x1CF2D,35703,0},
    {0x1CF30,35703,0}, {0x1CF31,35703,0}, {0x1CF32,35703,0}, {0x1CF33,35703,0}, {0x1CF34,35703,0}, {0x1CF35,35703,0},
    {0x1CF36,35703,0}, {0x1CF37,35703,0}, {0x1CF38,35703,0}, {0x1CF39,35703,0}, {0x1CF3A,35703,0}, {0x1CF3B,35703,0},
    {0x1CF3C,35703,0}, {0x1CF3D,35703,0}, {0x1CF3E,35703,0}, {0x1CF3F,35703,0}, {0x1CF40,35703,0}, {0x1CF41,35703,0},
    {0x1CF42,35703,0}, {0x1CF43,35703,0}, {0x1CF44,35703,0}, {0x1CF45,35703,0}, {0x1CF46,35703,0}, {0x1D15E,35703,2},
    {0x1D15F,35705,2}, {0x1D160,35707,3}, {0x1D161,35710,3}, {0x1D162,35713,3}, {0x1D163,35716,3}, {0x1D164,35719,3},
    {0x1D167,35722,0}, {0x1D168,35722,0}, {0x1D169,35722,0}, {0x1D17B,35722,0}, {0x1D17C,35722,0}, {0x1D17D,35722,0},
    {0x1D17E,35722,0}, {0x1D17F,35722,0}, {0x1D180,35722,0}, {0x1D181,35722,0}, {0x1D182,35722,0}, {0x1D185,35722,0},
    {0x1D186,35722,0}, {0x1D187,35722,0}, {0x1D188,35722,0}, {0x1D189,35722,0}, {0x1D18A,35722,0}, {0x1D18B,35722,0},
    {0x1D1AA,35722,0}, {0x1D1AB,35722,0}, {0x1D1AC,35722,0}, {0x1D1AD,35722,0}, {0x1D1BB,35722,2}, {0x1D1BC,35724,2},
    {0x1D1BD,35726,3}, {0x1D1BE,35729,3}, {0x1D1BF,35732,3}, {0x1D1C0,35735,3}, {0x1D242,35738,0}, {0x1D243,35738,0},
    {0x1D244,35738,0}, {0x1DA00,35738,0}, {0x1DA01,35738,0}, {0x1DA02,35738,0}, {0x1DA03,35738,0}, {0x1DA04,35738,0},
    {0x1DA05,35738,0}, {0x1DA06,35738,0}, {0x1DA07,35738,0}, {0x1DA08,35738,0}, {0x1DA09,35738,0}, {0x1DA0A,35738,0},
    {0x1DA0B,35738,0}, {0x1DA0C,35738,0}, {0x1DA0D,35738,0}, {0x1DA0E,35738,0}, {0x1DA0F,35738,0}, {0x1DA10,35738,0},
    {0x1DA11,35738,0}, {0x1DA12,35738,0}, {0x1DA13,35738,0}, {0x1DA14,35738,0}, {0x1DA15,35738,0}, {0x1DA16,35738,0},
    {0x1DA17,35738,0}, {0x1DA18,35738,0}, {0x1DA19,35738,0}, {0x1DA1A,35738,0}, {0x1DA1B,35738,0}, {0x1DA1C,35738,0},
    {0x1DA1D,35738,0}, {0x1DA1E,35738,0}, {0x1DA1F,35738,0}, {0x1DA20,35738,0}, {0x1DA21,35738,0}, {0x1DA22,35738,0},
    {0x1DA23,35738,0}, {0x1DA24,35738,0}, {0x1DA25,35738,0}, {0x1DA26,35738,0}, {0x1DA27,35738,0}, {0x1DA28,35738,0},
    {0x1DA29,35738,0}, {0x1DA2A,35738,0}, {0x1DA2B,35738,0}, {0x1DA2C,35738,0}, {0x1DA2D,35738,0}, {0x1DA2E,35738,0},
    {0x1DA2F,35738,0}, {0x1DA30,35738,0}, {0x1DA31,35738,0}, {0x1DA32,35738,0}, {0x1DA33,35738,0}, {0x1DA34,35738,0},
    {0x1DA35,35738,0}, {0x1DA36,35738,0}, {0x1DA3B,35738,0}, {0x1DA3C,35738,0}, {0x1DA3D,35738,0}, {0x1DA3E,35738,0},
    {0x1DA3F,35738,0}, {0x1DA40,35738,0}, {0x1DA41,35738,0}, {0x1DA42,35738,0}, {0x1DA43,35738,0}, {0x1DA44,35738,0},
    {0x1DA45,35738,0}, {0x1DA46,35738,0}, {0x1DA47,35738,0}, {0x1DA48,35738,0}, {0x1DA49,35738,0}, {0x1DA4A,35738,0},
    {0x1DA4B,35738,0}, {0x1DA4C,35738,0}, {0x1DA4D,35738,0}, {0x1DA4E,35738,0}, {0x1DA4F,35738,0}, {0x1DA50,35738,0},
    {0x1DA51,35738,0}, {0x1DA52,35738,0}, {0x1DA53,35738,0}, {0x1DA54,35738,0}, {0x1DA55,35738,0}, {0x1DA56,35738,0},
    {0x1DA57,35738,0}, {0x1DA58,35738,0}, {0x1DA59,35738,0}, {0x1DA5A,35738,0}, {0x1DA5B,35738,0}, {0x1DA5C,35738,0},
    {0x1DA5D,35738,0}, {0x1DA5E,35738,0}, {0x1DA5F,35738,0}, {0x1DA60,35738,0}, {0x1DA61,35738,0}, {0x1DA62,35738,0},
    {0x1DA63,35738,0}, {0x1DA64,35738,0}, {0x1DA65,35738,0}, {0x1DA66,35738,0}, {0x1DA67,35738,0}, {0x1DA68,35738,0},
    {0x1DA69,35738,0}, {0x1DA6A,35738,0}, {0x1DA6B,35738,0}, {0x1DA6C,35738,0}, {0x1DA75,35738,0}, {0x1DA84,35738,0},
    {0x1DA9B,35738,0}, {0x1DA9C,35738,0}, {0x1DA9D,35738,0}, {0x1DA9E,35738,0}, {0x1DA9F,35738,0}, {0x1DAA1,35738,0},
    {0x1DAA2,35738,0}, {0x1DAA3,35738,0}, {0x1DAA4,35738,0}, {0x1DAA5,35738,0}, {0x1DAA6,35738,0}, {0x1DAA7,35738,0},
    {0x1DAA8,35738,0}, {0x1DAA9,35738,0}, {0x1DAAA,35738,0}, {0x1DAAB,35738,0}, {0x1DAAC,35738,0}, {0x1DAAD,35738,0},
    {0x1DAAE,35738,0}, {0x1DAAF,35738,0}, {0x1E000,35738,0}, {0x1E001,35738,0}, {0x1E002,35738,0}, {0x1E003,35738,0},
    {0x1E004,35738,0}, {0x1E005,35738,0}, {0x1E006,35738,0}, {0x1E008,35738,0}, {0x1E009,35738,0}, {0x1E00A,35738,0},
    {0x1E00B,35738,0}, {0x1E00C,35738,0}, {0x1E00D,35738,0}, {0x1E00E,35738,0}, {0x1E00F,35738,0}, {0x1E010,35738,0},
    {0x1E011,35738,0}, {0x1E012,35738,0}, {0x1E013,35738,0}, {0x1E014,35738,0}, {0x1E015,35738,0}, {0x1E016,35738,0},
    {0x1E017,35738,0}, {0x1E018,35738,0}, {0x1E01B,35738,0}, {0x1E01C,35738,0}, {0x1E01D,35738,0}, {0x1E01E,35738,0},
    {0x1E01F,35738,0}, {0x1E020,35738,0}, {0x1E021,35738,0}, {0x1E023,35738,0}, {0x1E024,35738,0}, {0x1E026,35738,0},
    {0x1E027,35738,0}, {0x1E028,35738,0}, {0x1E029,35738,0}, {0x1E02A,35738,0}, {0x1E08F,35738,0}, {0x1E130,35738,0},
    {0x1E131,35738,0}, {0x1E132,35738,0}, {0x1E133,35738,0}, {0x1E134,35738,0}, {0x1E135,35738,0}, {0x1E136,35738,0},
    {0x1E2AE,35738,0}, {0x1E2EC,35738,0}, {0x1E2ED,35738,0}, {0x1E2EE,35738,0}, {0x1E2EF,35738,0}, {0x1E4EC,35738,0},
    {0x1E4ED,35738,0}, {0x1E4EE,35738,0}, {0x1E4EF,35738,0}, {0x1E5EE,35738,0}, {0x1E5EF,35738,0}, {0x1E8D0,35738,0},
    {0x1E8D1,35738,0}, {0x1E8D2,35738,0}, {0x1E8D3,35738,0}, {0x1E8D4,35738,0}, {0x1E8D5,35738,0}, {0x1E8D6,35738,0},
    {0x1E900,35738,1}, {0x1E901,35739,1}, {0x1E902,35740,1}, {0x1E903,35741,1}, {0x1E904,35742,1}, {0x1E905,35743,1},
    {0x1E906,35744,1}, {0x1E907,35745,1}, {0x1E908,35746,1}, {0x1E909,35747,1}, {0x1E90A,35748,1}, {0x1E90B,35749,1},
    {0x1E90C,35750,1}, {0x1E90D,35751,1}, {0x1E90E,35752,1}, {0x1E90F,35753,1}, {0x1E910,35754,1}, {0x1E911,35755,1},
    {0x1E912,35756,1}, {0x1E913,35757,1}, {0x1E914,35758,1}, {0x1E915,35759,1}, {0x1E916,35760,1}, {0x1E917,35761,1},
    {0x1E918,35762,1}, {0x1E919,35763,1}, {0x1E91A,35764,1}, {0x1E91B,35765,1}, {0x1E91C,35766,1}, {0x1E91D,35767,1},
    {0x1E91E,35768,1}, {0x1E91F,35769,1}, {0x1E920,35770,1}, {0x1E921,35771,1}, {0x1E944,35772,0}, {0x1E945,35772,0},
    {0x1E946,35772,0}, {0x1E947,35772,0}, {0x1E948,35772,0}, {0x1E949,35772,0}, {0x1E94A,35772,0}, {0x2F800,35772,1},
    {0x2F801,35773,1}, {0x2F802,35774,1}, {0x2F803,35775,1}, {0x2F804,35776,1}, {0x2F805,35777,1}, {0x2F806,35778,1},
    {0x2F807,35779,1}, {0x2F808,35780,1}, {0x2F809,35781,1}, {0x2F80A,35782,1}, {0x2F80B,35783,1}, {0x2F80C,35784,1},
    {0x2F80D,35785,1}, {0x2F80E,35786,1}, {0x2F80F,35787,1}, {0x2F810,35788,1}, {0x2F811,35789,1}, {0x2F812,35790,1},
    {0x2F813,35791,1}, {0x2F814,35792,1}, {0x2F815,35793,1}, {0x2F816,35794,1}, {0x2F817,35795,1}, {0x2F818,35796,1},
    {0x2F819,35797,1}, {0x2F81A,35798,1}, {0x2F81B,35799,1}, {0x2F81C,35800,1}, {0x2F81D,35801,1}, {0x2F81E,35802,1},
    {0x2F81F,35803,1}, {0x2F820,35804,1}, {0x2F821,35805,1}, {0x2F822,35806,1}, {0x2F823,35807,1}, {0x2F824,35808,1},
    {0x2F825,35809,1}, {0x2F826,35810,1}, {0x2F827,35811,1}, {0x2F828,35812,1}, {0x2F829,35813,1}, {0x2F82A,35814,1},
    {0x2F82B,35815,1}, {0x2F82C,35816,1}, {0x2F82D,35817,1}, {0x2F82E,35818,1}, {0x2F82F,35819,1}, {0x2F830,35820,1},
    {0x2F831,35821,1}, {0x2F832,35822,1}, {0x2F833,35823,1}, {0x2F834,35824,1}, {0x2F835,35825,1}, {0x2F836,35826,1},
    {0x2F837,35827,1}, {0x2F838,35828,1}, {0x2F839,35829,1}, {0x2F83A,35830,1}, {0x2F83B,35831,1}, {0x2F83C,35832,1},
    {0x2F83D,35833,1}, {0x2F83E,35834,1}, {0x2F83F,35835,1}, {0x2F840,35836,1}, {0x2F841,35837,1}, {0x2F842,35838,1},
    {0x2F843,35839,1}, {0x2F844,35840,1}, {0x2F845,35841,1}, {0x2F846,35842,1}, {0x2F847,35843,1}, {0x2F848,35844,1},
    {0x2F849,35845,1}, {0x2F84A,35846,1}, {0x2F84B,35847,1}, {0x2F84C,35848,1}, {0x2F84D,35849,1}, {0x2F84E,35850,1},
    {0x2F84F,35851,1}, {0x2F850,35852,1}, {0x2F851,35853,1}, {0x2F852,35854,1}, {0x2F853,35855,1}, {0x2F854,35856,1},
    {0x2F855,35857,1}, {0x2F856,35858,1}, {0x2F857,35859,1}, {0x2F858,35860,1}, {0x2F859,35861,1}, {0x2F85A,35862,1},
    {0x2F85B,35863,1}, {0x2F85C,35864,1}, {0x2F85D,35865,1}, {0x2F85E,35866,1}, {0x2F85F,35867,1}, {0x2F860,35868,1},
    {0x2F861,35869,1}, {0x2F862,35870,1}, {0x2F863,35871,1}, {0x2F864,35872,1}, {0x2F865,35873,1}, {0x2F866,35874,1},
    {0x2F867,35875,1}, {0x2F868,35876,1}, {0x2F869,35877,1}, {0x2F86A,35878,1}, {0x2F86B,35879,1}, {0x2F86C,35880,1},
    {0x2F86D,35881,1}, {0x2F86E,35882,1}, {0x2F86F,35883,1}, {0x2F870,35884,1}, {0x2F871,35885,1}, {0x2F872,35886,1},
    {0x2F873,35887,1}, {0x2F874,35888,1}, {0x2F875,35889,1}, {0x2F876,35890,1}, {0x2F877,35891,1}, {0x2F878,35892,1},
    {0x2F879,35893,1}, {0x2F87A,35894,1}, {0x2F87B,35895,1}, {0x2F87C,35896,1}, {0x2F87D,35897,1}, {0x2F87E,35898,1},
    {0x2F87F,35899,1}, {0x2F880,35900,1}, {0x2F881,35901,1}, {0x2F882,35902,1}, {0x2F883,35903,1}, {0x2F884,35904,1},
    {0x2F885,35905,1}, {0x2F886,35906,1}, {0x2F887,35907,1}, {0x2F888,35908,1}, {0x2F889,35909,1}, {0x2F88A,35910,1},
    {0x2F88B,35911,1}, {0x2F88C,35912,1}, {0x2F88D,35913,1}, {0x2F88E,35914,1}, {0x2F88F,35915,1}, {0x2F890,35916,1},
    {0x2F891,35917,1}, {0x2F892,35918,1}, {0x2F893,35919,1}, {0x2F894,35920,1}, {0x2F895,35921,1}, {0x2F896,35922,1},
    {0x2F897,35923,1}, {0x2F898,35924,1}, {0x2F899,35925,1}, {0x2F89A,35926,1}, {0x2F89B,35927,1}, {0x2F89C,35928,1},
    {0x2F89D,35929,1}, {0x2F89E,35930,1}, {0x2F89F,35931,1}, {0x2F8A0,35932,1}, {0x2F8A1,35933,1}, {0x2F8A2,35934,1},
    {0x2F8A3,35935,1}, {0x2F8A4,35936,1}, {0x2F8A5,35937,1}, {0x2F8A6,35938,1}, {0x2F8A7,35939,1}, {0x2F8A8,35940,1},
    {0x2F8A9,35941,1}, {0x2F8AA,35942,1}, {0x2F8AB,35943,1}, {0x2F8AC,35944,1}, {0x2F8AD,35945,1}, {0x2F8AE,35946,1},
    {0x2F8AF,35947,1}, {0x2F8B0,35948,1}, {0x2F8B1,35949,1}, {0x2F8B2,35950,1}, {0x2F8B3,35951,1}, {0x2F8B4,35952,1},
    {0x2F8B5,35953,1}, {0x2F8B6,35954,1}, {0x2F8B7,35955,1}, {0x2F8B8,35956,1}, {0x2F8B9,35957,1}, {0x2F8BA,35958,1},
    {0x2F8BB,35959,1}, {0x2F8BC,35960,1}, {0x2F8BD,35961,1}, {0x2F8BE,35962,1}, {0x2F8BF,35963,1}, {0x2F8C0,35964,1},
    {0x2F8C1,35965,1}, {0x2F8C2,35966,1}, {0x2F8C3,35967,1}, {0x2F8C4,35968,1}, {0x2F8C5,35969,1}, {0x2F8C6,35970,1},
    {0x2F8C7,35971,1}, {0x2F8C8,35972,1}, {0x2F8C9,35973,1}, {0x2F8CA,35974,1}, {0x2F8CB,35975,1}, {0x2F8CC,35976,1},
    {0x2F8CD,35977,1}, {0x2F8CE,35978,1}, {0x2F8CF,35979,1}, {0x2F8D0,35980,1}, {0x2F8D1,35981,1}, {0x2F8D2,35982,1},
    {0x2F8D3,35983,1}, {0x2F8D4,35984,1}, {0x2F8D5,35985,1}, {0x2F8D6,35986,1}, {0x2F8D7,35987,1}, {0x2F8D8,35988,1},
    {0x2F8D9,35989,1}, {0x2F8DA,35990,1}, {0x2F8DB,35991,1}, {0x2F8DC,35992,1}, {0x2F8DD,35993,1}, {0x2F8DE,35994,1},
    {0x2F8DF,35995,1}, {0x2F8E0,35996,1}, {0x2F8E1,35997,1}, {0x2F8E2,35998,1}, {0x2F8E3,35999,1}, {0x2F8E4,36000,1},
    {0x2F8E5,36001,1}, {0x2F8E6,36002,1}, {0x2F8E7,36003,1}, {0x2F8E8,36004,1}, {0x2F8E9,36005,1}, {0x2F8EA,36006,1},
    {0x2F8EB,36007,1}, {0x2F8EC,36008,1}, {0x2F8ED,36009,1}, {0x2F8EE,36010,1}, {0x2F8EF,36011,1}, {0x2F8F0,36012,1},
    {0x2F8F1,36013,1}, {0x2F8F2,36014,1}, {0x2F8F3,36015,1}, {0x2F8F4,36016,1}, {0x2F8F5,36017,1}, {0x2F8F6,36018,1},
    {0x2F8F7,36019,1}, {0x2F8F8,36020,1}, {0x2F8F9,36021,1}, {0x2F8FA,36022,1}, {0x2F8FB,36023,1}, {0x2F8FC,36024,1},
    {0x2F8FD,36025,1}, {0x2F8FE,36026,1}, {0x2F8FF,36027,1}, {0x2F900,36028,1}, {0x2F901,36029,1}, {0x2F902,36030,1},
    {0x2F903,36031,1}, {0x2F904,36032,1}, {0x2F905,36033,1}, {0x2F906,36034,1}, {0x2F907,36035,1}, {0x2F908,36036,1},
    {0x2F909,36037,1}, {0x2F90A,36038,1}, {0x2F90B,36039,1}, {0x2F90C,36040,1}, {0x2F90D,36041,1}, {0x2F90E,36042,1},
    {0x2F90F,36043,1}, {0x2F910,36044,1}, {0x2F911,36045,1}, {0x2F912,36046,1}, {0x2F913,36047,1}, {0x2F914,36048,1},
    {0x2F915,36049,1}, {0x2F916,36050,1}, {0x2F917,36051,1}, {0x2F918,36052,1}, {0x2F919,36053,1}, {0x2F91A,36054,1},
    {0x2F91B,36055,1}, {0x2F91C,36056,1}, {0x2F91D,36057,1}, {0x2F91E,36058,1}, {0x2F91F,36059,1}, {0x2F920,36060,1},
    {0x2F921,36061,1}, {0x2F922,36062,1}, {0x2F923,36063,1}, {0x2F924,36064,1}, {0x2F925,36065,1}, {0x2F926,36066,1},
    {0x2F927,36067,1}, {0x2F928,36068,1}, {0x2F929,36069,1}, {0x2F92A,36070,1}, {0x2F92B,36071,1}, {0x2F92C,36072,1},
    {0x2F92D,36073,1}, {0x2F92E,36074,1}, {0x2F92F,36075,1}, {0x2F930,36076,1}, {0x2F931,36077,1}, {0x2F932,36078,1},
    {0x2F933,36079,1}, {0x2F934,36080,1}, {0x2F935,36081,1}, {0x2F936,36082,1}, {0x2F937,36083,1}, {0x2F938,36084,1},
    {0x2F939,36085,1}, {0x2F93A,36086,1}, {0x2F93B,36087,1}, {0x2F93C,36088,1}, {0x2F93D,36089,1}, {0x2F93E,36090,1},
    {0x2F93F,36091,1}, {0x2F940,36092,1}, {0x2F941,36093,1}, {0x2F942,36094,1}, {0x2F943,36095,1}, {0x2F944,36096,1},
    {0x2F945,36097,1}, {0x2F946,36098,1}, {0x2F947,36099,1}, {0x2F948,36100,1}, {0x2F949,36101,1}, {0x2F94A,36102,1},
    {0x2F94B,36103,1}, {0x2F94C,36104,1}, {0x2F94D,36105,1}, {0x2F94E,36106,1}, {0x2F94F,36107,1}, {0x2F950,36108,1},
    {0x2F951,36109,1}, {0x2F952,36110,1}, {0x2F953,36111,1}, {0x2F954,36112,1}, {0x2F955,36113,1}, {0x2F956,36114,1},
    {0x2F957,36115,1}, {0x2F958,36116,1}, {0x2F959,36117,1}, {0x2F95A,36118,1}, {0x2F95B,36119,1}, {0x2F95C,36120,1},
    {0x2F95D,36121,1}, {0x2F95E,36122,1}, {0x2F95F,36123,1}, {0x2F960,36124,1}, {0x2F961,36125,1}, {0x2F962,36126,1},
    {0x2F963,36127,1}, {0x2F964,36128,1}, {0x2F965,36129,1}, {0x2F966,36130,1}, {0x2F967,36131,1}, {0x2F968,36132,1},
    {0x2F969,36133,1}, {0x2F96A,36134,1}, {0x2F96B,36135,1}, {0x2F96C,36136,1}, {0x2F96D,36137,1}, {0x2F96E,36138,1},
    {0x2F96F,36139,1}, {0x2F970,36140,1}, {0x2F971,36141,1}, {0x2F972,36142,1}, {0x2F973,36143,1}, {0x2F974,36144,1},
    {0x2F975,36145,1}, {0x2F976,36146,1}, {0x2F977,36147,1}, {0x2F978,36148,1}, {0x2F979,36149,1}, {0x2F97A,36150,1},
    {0x2F97B,36151,1}, {0x2F97C,36152,1}, {0x2F97D,36153,1}, {0x2F97E,36154,1}, {0x2F97F,36155,1}, {0x2F980,36156,1},
    {0x2F981,36157,1}, {0x2F982,36158,1}, {0x2F983,36159,1}, {0x2F984,36160,1}, {0x2F985,36161,1}, {0x2F986,36162,1},
    {0x2F987,36163,1}, {0x2F988,36164,1}, {0x2F989,36165,1}, {0x2F98A,36166,1}, {0x2F98B,36167,1}, {0x2F98C,36168,1},
    {0x2F98D,36169,1}, {0x2F98E,36170,1}, {0x2F98F,36171,1}, {0x2F990,36172,1}, {0x2F991,36173,1}, {0x2F992,36174,1},
    {0x2F993,36175,1}, {0x2F994,36176,1}, {0x2F995,36177,1}, {0x2F996,36178,1}, {0x2F997,36179,1}, {0x2F998,36180,1},
    {0x2F999,36181,1}, {0x2F99A,36182,1}, {0x2F99B,36183,1}, {0x2F99C,36184,1}, {0x2F99D,36185,1}, {0x2F99E,36186,1},
    {0x2F99F,36187,1}, {0x2F9A0,36188,1}, {0x2F9A1,36189,1}, {0x2F9A2,36190,1}, {0x2F9A3,36191,1}, {0x2F9A4,36192,1},
    {0x2F9A5,36193,1}, {0x2F9A6,36194,1}, {0x2F9A7,36195,1}, {0x2F9A8,36196,1}, {0x2F9A9,36197,1}, {0x2F9AA,36198,1},
    {0x2F9AB,36199,1}, {0x2F9AC,36200,1}, {0x2F9AD,36201,1}, {0x2F9AE,36202,1}, {0x2F9AF,36203,1}, {0x2F9B0,36204,1},
    {0x2F9B1,36205,1}, {0x2F9B2,36206,1}, {0x2F9B3,36207,1}, {0x2F9B4,36208,1}, {0x2F9B5,36209,1}, {0x2F9B6,36210,1},
    {0x2F9B7,36211,1}, {0x2F9B8,36212,1}, {0x2F9B9,36213,1}, {0x2F9BA,36214,1}, {0x2F9BB,36215,1}, {0x2F9BC,36216,1},
    {0x2F9BD,36217,1}, {0x2F9BE,36218,1}, {0x2F9BF,36219,1}, {0x2F9C0,36220,1}, {0x2F9C1,36221,1}, {0x2F9C2,36222,1},
    {0x2F9C3,36223,1}, {0x2F9C4,36224,1}, {0x2F9C5,36225,1}, {0x2F9C6,36226,1}, {0x2F9C7,36227,1}, {0x2F9C8,36228,1},
    {0x2F9C9,36229,1}, {0x2F9CA,36230,1}, {0x2F9CB,36231,1}, {0x2F9CC,36232,1}, {0x2F9CD,36233,1}, {0x2F9CE,36234,1},
    {0x2F9CF,36235,1}, {0x2F9D0,36236,1}, {0x2F9D1,36237,1}, {0x2F9D2,36238,1}, {0x2F9D3,36239,1}, {0x2F9D4,36240,1},
    {0x2F9D5,36241,1}, {0x2F9D6,36242,1}, {0x2F9D7,36243,1}, {0x2F9D8,36244,1}, {0x2F9D9,36245,1}, {0x2F9DA,36246,1},
    {0x2F9DB,36247,1}, {0x2F9DC,36248,1}, {0x2F9DD,36249,1}, {0x2F9DE,36250,1}, {0x2F9DF,36251,1}, {0x2F9E0,36252,1},
    {0x2F9E1,36253,1}, {0x2F9E2,36254,1}, {0x2F9E3,36255,1}, {0x2F9E4,36256,1}, {0x2F9E5,36257,1}, {0x2F9E6,36258,1},
    {0x2F9E7,36259,1}, {0x2F9E8,36260,1}, {0x2F9E9,36261,1}, {0x2F9EA,36262,1}, {0x2F9EB,36263,1}, {0x2F9EC,36264,1},
    {0x2F9ED,36265,1}, {0x2F9EE,36266,1}, {0x2F9EF,36267,1}, {0x2F9F0,36268,1}, {0x2F9F1,36269,1}, {0x2F9F2,36270,1},
    {0x2F9F3,36271,1}, {0x2F9F4,36272,1}, {0x2F9F5,36273,1}, {0x2F9F6,36274,1}, {0x2F9F7,36275,1}, {0x2F9F8,36276,1},
    {0x2F9F9,36277,1}, {0x2F9FA,36278,1}, {0x2F9FB,36279,1}, {0x2F9FC,36280,1}, {0x2F9FD,36281,1}, {0x2F9FE,36282,1},
    {0x2F9FF,36283,1}, {0x2FA00,36284,1}, {0x2FA01,36285,1}, {0x2FA02,36286,1}, {0x2FA03,36287,1}, {0x2FA04,36288,1},
    {0x2FA05,36289,1}, {0x2FA06,36290,1}, {0x2FA07,36291,1}, {0x2FA08,36292,1}, {0x2FA09,36293,1}, {0x2FA0A,36294,1},
    {0x2FA0B,36295,1}, {0x2FA0C,36296,1}, {0x2FA0D,36297,1}, {0x2FA0E,36298,1}, {0x2FA0F,36299,1}, {0x2FA10,36300,1},
    {0x2FA11,36301,1}, {0x2FA12,36302,1}, {0x2FA13,36303,1}, {0x2FA14,36304,1}, {0x2FA15,36305,1}, {0x2FA16,36306,1},
    {0x2FA17,36307,1}, {0x2FA18,36308,1}, {0x2FA19,36309,1}, {0x2FA1A,36310,1}, {0x2FA1B,36311,1}, {0x2FA1C,36312,1},
    {0x2FA1D,36313,1}, {0xE0100,36314,0}, {0xE0101,36314,0}, {0xE0102,36314,0}, {0xE0103,36314,0}, {0xE0104,36314,0},
    {0xE0105,36314,0}, {0xE0106,36314,0}, {0xE0107,36314,0}, {0xE0108,36314,0}, {0xE0109,36314,0}, {0xE010A,36314,0},
    {0xE010B,36314,0}, {0xE010C,36314,0}, {0xE010D,36314,0}, {0xE010E,36314,0}, {0xE010F,36314,0}, {0xE0110,36314,0},
    {0xE0111,36314,0}, {0xE0112,36314,0}, {0xE0113,36314,0}, {0xE0114,36314,0}, {0xE0115,36314,0}, {0xE0116,36314,0},
    {0xE0117,36314,0}, {0xE0118,36314,0}, {0xE0119,36314,0}, {0xE011A,36314,0}, {0xE011B,36314,0}, {0xE011C,36314,0},
    {0xE011D,36314,0}, {0xE011E,36314,0}, {0xE011F,36314,0}, {0xE0120,36314,0}, {0xE0121,36314,0}, {0xE0122,36314,0},
    {0xE0123,36314,0}, {0xE0124,36314,0}, {0xE0125,36314,0}, {0xE0126,36314,0}, {0xE0127,36314,0}, {0xE0128,36314,0},
    {0xE0129,36314,0}, {0xE012A,36314,0}, {0xE012B,36314,0}, {0xE012C,36314,0}, {0xE012D,36314,0}, {0xE012E,36314,0},
    {0xE012F,36314,0}, {0xE0130,36314,0}, {0xE0131,36314,0}, {0xE0132,36314,0}, {0xE0133,36314,0}, {0xE0134,36314,0},
    {0xE0135,36314,0}, {0xE0136,36314,0}, {0xE0137,36314,0}, {0xE0138,36314,0}, {0xE0139,36314,0}, {0xE013A,36314,0},
    {0xE013B,36314,0}, {0xE013C,36314,0}, {0xE013D,36314,0}, {0xE013E,36314,0}, {0xE013F,36314,0}, {0xE0140,36314,0},
    {0xE0141,36314,0}, {0xE0142,36314,0}, {0xE0143,36314,0}, {0xE0144,36314,0}, {0xE0145,36314,0}, {0xE0146,36314,0},
    {0xE0147,36314,0}, {0xE0148,36314,0}, {0xE0149,36314,0}, {0xE014A,36314,0}, {0xE014B,36314,0}, {0xE014C,36314,0},
    {0xE014D,36314,0}, {0xE014E,36314,0}, {0xE014F,36314,0}, {0xE0150,36314,0}, {0xE0151,36314,0}, {0xE0152,36314,0},
    {0xE0153,36314,0}, {0xE0154,36314,0}, {0xE0155,36314,0}, {0xE0156,36314,0}, {0xE0157,36314,0}, {0xE0158,36314,0},
    {0xE0159,36314,0}, {0xE015A,36314,0}, {0xE015B,36314,0}, {0xE015C,36314,0}, {0xE015D,36314,0}, {0xE015E,36314,0},
    {0xE015F,36314,0}, {0xE0160,36314,0}, {0xE0161,36314,0}, {0xE0162,36314,0}, {0xE0163,36314,0}, {0xE0164,36314,0},
    {0xE0165,36314,0}, {0xE0166,36314,0}, {0xE0167,36314,0}, {0xE0168,36314,0}, {0xE0169,36314,0}, {0xE016A,36314,0},
    {0xE016B,36314,0}, {0xE016C,36314,0}, {0xE016D,36314,0}, {0xE016E,36314,0}, {0xE016F,36314,0}, {0xE0170,36314,0},
    {0xE0171,36314,0}, {0xE0172,36314,0}, {0xE0173,36314,0}, {0xE0174,36314,0}, {0xE0175,36314,0}, {0xE0176,36314,0},
    {0xE0177,36314,0}, {0xE0178,36314,0}, {0xE0179,36314,0}, {0xE017A,36314,0}, {0xE017B,36314,0}, {0xE017C,36314,0},
    {0xE017D,36314,0}, {0xE017E,36314,0}, {0xE017F,36314,0}, {0xE0180,36314,0}, {0xE0181,36314,0}, {0xE0182,36314,0},
    {0xE0183,36314,0}, {0xE0184,36314,0}, {0xE0185,36314,0}, {0xE0186,36314,0}, {0xE0187,36314,0}, {0xE0188,36314,0},
    {0xE0189,36314,0}, {0xE018A,36314,0}, {0xE018B,36314,0}, {0xE018C,36314,0}, {0xE018D,36314,0}, {0xE018E,36314,0},
    {0xE018F,36314,0}, {0xE0190,36314,0}, {0xE0191,36314,0}, {0xE0192,36314,0}, {0xE0193,36314,0}, {0xE0194,36314,0},
    {0xE0195,36314,0}, {0xE0196,36314,0}, {0xE0197,36314,0}, {0xE0198,36314,0}, {0xE0199,36314,0}, {0xE019A,36314,0},
    {0xE019B,36314,0}, {0xE019C,36314,0}, {0xE019D,36314,0}, {0xE019E,36314,0}, {0xE019F,36314,0}, {0xE01A0,36314,0},
    {0xE01A1,36314,0}, {0xE01A2,36314,0}, {0xE01A3,36314,0}, {0xE01A4,36314,0}, {0xE01A5,36314,0}, {0xE01A6,36314,0},
    {0xE01A7,36314,0}, {0xE01A8,36314,0}, {0xE01A9,36314,0}, {0xE01AA,36314,0}, {0xE01AB,36314,0}, {0xE01AC,36314,0},
    {0xE01AD,36314,0}, {0xE01AE,36314,0}, {0xE01AF,36314,0}, {0xE01B0,36314,0}, {0xE01B1,36314,0}, {0xE01B2,36314,0},
    {0xE01B3,36314,0}, {0xE01B4,36314,0}, {0xE01B5,36314,0}, {0xE01B6,36314,0}, {0xE01B7,36314,0}, {0xE01B8,36314,0},
    {0xE01B9,36314,0}, {0xE01BA,36314,0}, {0xE01BB,36314,0}, {0xE01BC,36314,0}, {0xE01BD,36314,0}, {0xE01BE,36314,0},
    {0xE01BF,36314,0}, {0xE01C0,36314,0}, {0xE01C1,36314,0}, {0xE01C2,36314,0}, {0xE01C3,36314,0}, {0xE01C4,36314,0},
    {0xE01C5,36314,0}, {0xE01C6,36314,0}, {0xE01C7,36314,0}, {0xE01C8,36314,0}, {0xE01C9,36314,0}, {0xE01CA,36314,0},
    {0xE01CB,36314,0}, {0xE01CC,36314,0}, {0xE01CD,36314,0}, {0xE01CE,36314,0}, {0xE01CF,36314,0}, {0xE01D0,36314,0},
    {0xE01D1,36314,0}, {0xE01D2,36314,0}, {0xE01D3,36314,0}, {0xE01D4,36314,0}, {0xE01D5,36314,0}, {0xE01D6,36314,0},
    {0xE01D7,36314,0}, {0xE01D8,36314,0}, {0xE01D9,36314,0}, {0xE01DA,36314,0}, {0xE01DB,36314,0}, {0xE01DC,36314,0},
    {0xE01DD,36314,0}, {0xE01DE,36314,0}, {0xE01DF,36314,0}, {0xE01E0,36314,0}, {0xE01E1,36314,0}, {0xE01E2,36314,0},
    {0xE01E3,36314,0}, {0xE01E4,36314,0}, {0xE01E5,36314,0}, {0xE01E6,36314,0}, {0xE01E7,36314,0}, {0xE01E8,36314,0},
    {0xE01E9,36314,0}, {0xE01EA,36314,0}, {0xE01EB,36314,0}, {0xE01EC,36314,0}, {0xE01ED,36314,0}, {0xE01EE,36314,0},
    {0xE01EF,36314,0}
};
inline constexpr int kFold_n = 16327;

inline constexpr CpRange kPunct[] = {
    {0x21, 0x2F}, {0x3A, 0x40}, {0x5B, 0x60}, {0x7B, 0x7E},
    {0xA1, 0xA1}, {0xA7, 0xA7}, {0xAB, 0xAB}, {0xB6, 0xB7},
    {0xBB, 0xBB}, {0xBF, 0xBF}, {0x37E, 0x37E}, {0x387, 0x387},
    {0x55A, 0x55F}, {0x589, 0x58A}, {0x5BE, 0x5BE}, {0x5C0, 0x5C0},
    {0x5C3, 0x5C3}, {0x5C6, 0x5C6}, {0x5F3, 0x5F4}, {0x609, 0x60A},
    {0x60C, 0x60D}, {0x61B, 0x61B}, {0x61D, 0x61F}, {0x66A, 0x66D},
    {0x6D4, 0x6D4}, {0x700, 0x70D}, {0x7F7, 0x7F9}, {0x830, 0x83E},
    {0x85E, 0x85E}, {0x964, 0x965}, {0x970, 0x970}, {0x9FD, 0x9FD},
    {0xA76, 0xA76}, {0xAF0, 0xAF0}, {0xC77, 0xC77}, {0xC84, 0xC84},
    {0xDF4, 0xDF4}, {0xE4F, 0xE4F}, {0xE5A, 0xE5B}, {0xF04, 0xF12},
    {0xF14, 0xF14}, {0xF3A, 0xF3D}, {0xF85, 0xF85}, {0xFD0, 0xFD4},
    {0xFD9, 0xFDA}, {0x104A, 0x104F}, {0x10FB, 0x10FB}, {0x1360, 0x1368},
    {0x1400, 0x1400}, {0x166E, 0x166E}, {0x169B, 0x169C}, {0x16EB, 0x16ED},
    {0x1735, 0x1736}, {0x17D4, 0x17D6}, {0x17D8, 0x17DA}, {0x1800, 0x180A},
    {0x1944, 0x1945}, {0x1A1E, 0x1A1F}, {0x1AA0, 0x1AA6}, {0x1AA8, 0x1AAD},
    {0x1B4E, 0x1B4F}, {0x1B5A, 0x1B60}, {0x1B7D, 0x1B7F}, {0x1BFC, 0x1BFF},
    {0x1C3B, 0x1C3F}, {0x1C7E, 0x1C7F}, {0x1CC0, 0x1CC7}, {0x1CD3, 0x1CD3},
    {0x2010, 0x2027}, {0x2030, 0x2043}, {0x2045, 0x2051}, {0x2053, 0x205E},
    {0x207D, 0x207E}, {0x208D, 0x208E}, {0x2308, 0x230B}, {0x2329, 0x232A},
    {0x2768, 0x2775}, {0x27C5, 0x27C6}, {0x27E6, 0x27EF}, {0x2983, 0x2998},
    {0x29D8, 0x29DB}, {0x29FC, 0x29FD}, {0x2CF9, 0x2CFC}, {0x2CFE, 0x2CFF},
    {0x2D70, 0x2D70}, {0x2E00, 0x2E2E}, {0x2E30, 0x2E4F}, {0x2E52, 0x2E5D},
    {0x3001, 0x3003}, {0x3008, 0x3011}, {0x3014, 0x301F}, {0x3030, 0x3030},
    {0x303D, 0x303D}, {0x30A0, 0x30A0}, {0x30FB, 0x30FB}, {0xA4FE, 0xA4FF},
    {0xA60D, 0xA60F}, {0xA673, 0xA673}, {0xA67E, 0xA67E}, {0xA6F2, 0xA6F7},
    {0xA874, 0xA877}, {0xA8CE, 0xA8CF}, {0xA8F8, 0xA8FA}, {0xA8FC, 0xA8FC},
    {0xA92E, 0xA92F}, {0xA95F, 0xA95F}, {0xA9C1, 0xA9CD}, {0xA9DE, 0xA9DF},
    {0xAA5C, 0xAA5F}, {0xAADE, 0xAADF}, {0xAAF0, 0xAAF1}, {0xABEB, 0xABEB},
    {0xFD3E, 0xFD3F}, {0xFE10, 0xFE19}, {0xFE30, 0xFE52}, {0xFE54, 0xFE61},
    {0xFE63, 0xFE63}, {0xFE68, 0xFE68}, {0xFE6A, 0xFE6B}, {0xFF01, 0xFF03},
    {0xFF05, 0xFF0A}, {0xFF0C, 0xFF0F}, {0xFF1A, 0xFF1B}, {0xFF1F, 0xFF20},
    {0xFF3B, 0xFF3D}, {0xFF3F, 0xFF3F}, {0xFF5B, 0xFF5B}, {0xFF5D, 0xFF5D},
    {0xFF5F, 0xFF65}, {0x10100, 0x10102}, {0x1039F, 0x1039F}, {0x103D0, 0x103D0},
    {0x1056F, 0x1056F}, {0x10857, 0x10857}, {0x1091F, 0x1091F}, {0x1093F, 0x1093F},
    {0x10A50, 0x10A58}, {0x10A7F, 0x10A7F}, {0x10AF0, 0x10AF6}, {0x10B39, 0x10B3F},
    {0x10B99, 0x10B9C}, {0x10D6E, 0x10D6E}, {0x10EAD, 0x10EAD}, {0x10F55, 0x10F59},
    {0x10F86, 0x10F89}, {0x11047, 0x1104D}, {0x110BB, 0x110BC}, {0x110BE, 0x110C1},
    {0x11140, 0x11143}, {0x11174, 0x11175}, {0x111C5, 0x111C8}, {0x111CD, 0x111CD},
    {0x111DB, 0x111DB}, {0x111DD, 0x111DF}, {0x11238, 0x1123D}, {0x112A9, 0x112A9},
    {0x113D4, 0x113D5}, {0x113D7, 0x113D8}, {0x1144B, 0x1144F}, {0x1145A, 0x1145B},
    {0x1145D, 0x1145D}, {0x114C6, 0x114C6}, {0x115C1, 0x115D7}, {0x11641, 0x11643},
    {0x11660, 0x1166C}, {0x116B9, 0x116B9}, {0x1173C, 0x1173E}, {0x1183B, 0x1183B},
    {0x11944, 0x11946}, {0x119E2, 0x119E2}, {0x11A3F, 0x11A46}, {0x11A9A, 0x11A9C},
    {0x11A9E, 0x11AA2}, {0x11B00, 0x11B09}, {0x11BE1, 0x11BE1}, {0x11C41, 0x11C45},
    {0x11C70, 0x11C71}, {0x11EF7, 0x11EF8}, {0x11F43, 0x11F4F}, {0x11FFF, 0x11FFF},
    {0x12470, 0x12474}, {0x12FF1, 0x12FF2}, {0x16A6E, 0x16A6F}, {0x16AF5, 0x16AF5},
    {0x16B37, 0x16B3B}, {0x16B44, 0x16B44}, {0x16D6D, 0x16D6F}, {0x16E97, 0x16E9A},
    {0x16FE2, 0x16FE2}, {0x1BC9F, 0x1BC9F}, {0x1DA87, 0x1DA8B}, {0x1E5FF, 0x1E5FF},
    {0x1E95E, 0x1E95F}
};
inline constexpr int kPunct_n = 193;

inline constexpr CpRange kControl[] = {
    {0x0, 0x8}, {0xB, 0xC}, {0xE, 0x1F}, {0x7F, 0x9F},
    {0xAD, 0xAD}, {0x378, 0x379}, {0x380, 0x383}, {0x38B, 0x38B},
    {0x38D, 0x38D}, {0x3A2, 0x3A2}, {0x530, 0x530}, {0x557, 0x558},
    {0x58B, 0x58C}, {0x590, 0x590}, {0x5C8, 0x5CF}, {0x5EB, 0x5EE},
    {0x5F5, 0x605}, {0x61C, 0x61C}, {0x6DD, 0x6DD}, {0x70E, 0x70F},
    {0x74B, 0x74C}, {0x7B2, 0x7BF}, {0x7FB, 0x7FC}, {0x82E, 0x82F},
    {0x83F, 0x83F}, {0x85C, 0x85D}, {0x85F, 0x85F}, {0x86B, 0x86F},
    {0x88F, 0x896}, {0x8E2, 0x8E2}, {0x984, 0x984}, {0x98D, 0x98E},
    {0x991, 0x992}, {0x9A9, 0x9A9}, {0x9B1, 0x9B1}, {0x9B3, 0x9B5},
    {0x9BA, 0x9BB}, {0x9C5, 0x9C6}, {0x9C9, 0x9CA}, {0x9CF, 0x9D6},
    {0x9D8, 0x9DB}, {0x9DE, 0x9DE}, {0x9E4, 0x9E5}, {0x9FF, 0xA00},
    {0xA04, 0xA04}, {0xA0B, 0xA0E}, {0xA11, 0xA12}, {0xA29, 0xA29},
    {0xA31, 0xA31}, {0xA34, 0xA34}, {0xA37, 0xA37}, {0xA3A, 0xA3B},
    {0xA3D, 0xA3D}, {0xA43, 0xA46}, {0xA49, 0xA4A}, {0xA4E, 0xA50},
    {0xA52, 0xA58}, {0xA5D, 0xA5D}, {0xA5F, 0xA65}, {0xA77, 0xA80},
    {0xA84, 0xA84}, {0xA8E, 0xA8E}, {0xA92, 0xA92}, {0xAA9, 0xAA9},
    {0xAB1, 0xAB1}, {0xAB4, 0xAB4}, {0xABA, 0xABB}, {0xAC6, 0xAC6},
    {0xACA, 0xACA}, {0xACE, 0xACF}, {0xAD1, 0xADF}, {0xAE4, 0xAE5},
    {0xAF2, 0xAF8}, {0xB00, 0xB00}, {0xB04, 0xB04}, {0xB0D, 0xB0E},
    {0xB11, 0xB12}, {0xB29, 0xB29}, {0xB31, 0xB31}, {0xB34, 0xB34},
    {0xB3A, 0xB3B}, {0xB45, 0xB46}, {0xB49, 0xB4A}, {0xB4E, 0xB54},
    {0xB58, 0xB5B}, {0xB5E, 0xB5E}, {0xB64, 0xB65}, {0xB78, 0xB81},
    {0xB84, 0xB84}, {0xB8B, 0xB8D}, {0xB91, 0xB91}, {0xB96, 0xB98},
    {0xB9B, 0xB9B}, {0xB9D, 0xB9D}, {0xBA0, 0xBA2}, {0xBA5, 0xBA7},
    {0xBAB, 0xBAD}, {0xBBA, 0xBBD}, {0xBC3, 0xBC5}, {0xBC9, 0xBC9},
    {0xBCE, 0xBCF}, {0xBD1, 0xBD6}, {0xBD8, 0xBE5}, {0xBFB, 0xBFF},
    {0xC0D, 0xC0D}, {0xC11, 0xC11}, {0xC29, 0xC29}, {0xC3A, 0xC3B},
    {0xC45, 0xC45}, {0xC49, 0xC49}, {0xC4E, 0xC54}, {0xC57, 0xC57},
    {0xC5B, 0xC5C}, {0xC5E, 0xC5F}, {0xC64, 0xC65}, {0xC70, 0xC76},
    {0xC8D, 0xC8D}, {0xC91, 0xC91}, {0xCA9, 0xCA9}, {0xCB4, 0xCB4},
    {0xCBA, 0xCBB}, {0xCC5, 0xCC5}, {0xCC9, 0xCC9}, {0xCCE, 0xCD4},
    {0xCD7, 0xCDC}, {0xCDF, 0xCDF}, {0xCE4, 0xCE5}, {0xCF0, 0xCF0},
    {0xCF4, 0xCFF}, {0xD0D, 0xD0D}, {0xD11, 0xD11}, {0xD45, 0xD45},
    {0xD49, 0xD49}, {0xD50, 0xD53}, {0xD64, 0xD65}, {0xD80, 0xD80},
    {0xD84, 0xD84}, {0xD97, 0xD99}, {0xDB2, 0xDB2}, {0xDBC, 0xDBC},
    {0xDBE, 0xDBF}, {0xDC7, 0xDC9}, {0xDCB, 0xDCE}, {0xDD5, 0xDD5},
    {0xDD7, 0xDD7}, {0xDE0, 0xDE5}, {0xDF0, 0xDF1}, {0xDF5, 0xE00},
    {0xE3B, 0xE3E}, {0xE5C, 0xE80}, {0xE83, 0xE83}, {0xE85, 0xE85},
    {0xE8B, 0xE8B}, {0xEA4, 0xEA4}, {0xEA6, 0xEA6}, {0xEBE, 0xEBF},
    {0xEC5, 0xEC5}, {0xEC7, 0xEC7}, {0xECF, 0xECF}, {0xEDA, 0xEDB},
    {0xEE0, 0xEFF}, {0xF48, 0xF48}, {0xF6D, 0xF70}, {0xF98, 0xF98},
    {0xFBD, 0xFBD}, {0xFCD, 0xFCD}, {0xFDB, 0xFFF}, {0x10C6, 0x10C6},
    {0x10C8, 0x10CC}, {0x10CE, 0x10CF}, {0x1249, 0x1249}, {0x124E, 0x124F},
    {0x1257, 0x1257}, {0x1259, 0x1259}, {0x125E, 0x125F}, {0x1289, 0x1289},
    {0x128E, 0x128F}, {0x12B1, 0x12B1}, {0x12B6, 0x12B7}, {0x12BF, 0x12BF},
    {0x12C1, 0x12C1}, {0x12C6, 0x12C7}, {0x12D7, 0x12D7}, {0x1311, 0x1311},
    {0x1316, 0x1317}, {0x135B, 0x135C}, {0x137D, 0x137F}, {0x139A, 0x139F},
    {0x13F6, 0x13F7}, {0x13FE, 0x13FF}, {0x169D, 0x169F}, {0x16F9, 0x16FF},
    {0x1716, 0x171E}, {0x1737, 0x173F}, {0x1754, 0x175F}, {0x176D, 0x176D},
    {0x1771, 0x1771}, {0x1774, 0x177F}, {0x17DE, 0x17DF}, {0x17EA, 0x17EF},
    {0x17FA, 0x17FF}, {0x180E, 0x180E}, {0x181A, 0x181F}, {0x1879, 0x187F},
    {0x18AB, 0x18AF}, {0x18F6, 0x18FF}, {0x191F, 0x191F}, {0x192C, 0x192F},
    {0x193C, 0x193F}, {0x1941, 0x1943}, {0x196E, 0x196F}, {0x1975, 0x197F},
    {0x19AC, 0x19AF}, {0x19CA, 0x19CF}, {0x19DB, 0x19DD}, {0x1A1C, 0x1A1D},
    {0x1A5F, 0x1A5F}, {0x1A7D, 0x1A7E}, {0x1A8A, 0x1A8F}, {0x1A9A, 0x1A9F},
    {0x1AAE, 0x1AAF}, {0x1ACF, 0x1AFF}, {0x1B4D, 0x1B4D}, {0x1BF4, 0x1BFB},
    {0x1C38, 0x1C3A}, {0x1C4A, 0x1C4C}, {0x1C8B, 0x1C8F}, {0x1CBB, 0x1CBC},
    {0x1CC8, 0x1CCF}, {0x1CFB, 0x1CFF}, {0x1F16, 0x1F17}, {0x1F1E, 0x1F1F},
    {0x1F46, 0x1F47}, {0x1F4E, 0x1F4F}, {0x1F58, 0x1F58}, {0x1F5A, 0x1F5A},
    {0x1F5C, 0x1F5C}, {0x1F5E, 0x1F5E}, {0x1F7E, 0x1F7F}, {0x1FB5, 0x1FB5},
    {0x1FC5, 0x1FC5}, {0x1FD4, 0x1FD5}, {0x1FDC, 0x1FDC}, {0x1FF0, 0x1FF1},
    {0x1FF5, 0x1FF5}, {0x1FFF, 0x1FFF}, {0x200B, 0x200F}, {0x202A, 0x202E},
    {0x2060, 0x206F}, {0x2072, 0x2073}, {0x208F, 0x208F}, {0x209D, 0x209F},
    {0x20C1, 0x20CF}, {0x20F1, 0x20FF}, {0x218C, 0x218F}, {0x242A, 0x243F},
    {0x244B, 0x245F}, {0x2B74, 0x2B75}, {0x2B96, 0x2B96}, {0x2CF4, 0x2CF8},
    {0x2D26, 0x2D26}, {0x2D28, 0x2D2C}, {0x2D2E, 0x2D2F}, {0x2D68, 0x2D6E},
    {0x2D71, 0x2D7E}, {0x2D97, 0x2D9F}, {0x2DA7, 0x2DA7}, {0x2DAF, 0x2DAF},
    {0x2DB7, 0x2DB7}, {0x2DBF, 0x2DBF}, {0x2DC7, 0x2DC7}, {0x2DCF, 0x2DCF},
    {0x2DD7, 0x2DD7}, {0x2DDF, 0x2DDF}, {0x2E5E, 0x2E7F}, {0x2E9A, 0x2E9A},
    {0x2EF4, 0x2EFF}, {0x2FD6, 0x2FEF}, {0x3040, 0x3040}, {0x3097, 0x3098},
    {0x3100, 0x3104}, {0x3130, 0x3130}, {0x318F, 0x318F}, {0x31E6, 0x31EE},
    {0x321F, 0x321F}, {0xA48D, 0xA48F}, {0xA4C7, 0xA4CF}, {0xA62C, 0xA63F},
    {0xA6F8, 0xA6FF}, {0xA7CE, 0xA7CF}, {0xA7D2, 0xA7D2}, {0xA7D4, 0xA7D4},
    {0xA7DD, 0xA7F1}, {0xA82D, 0xA82F}, {0xA83A, 0xA83F}, {0xA878, 0xA87F},
    {0xA8C6, 0xA8CD}, {0xA8DA, 0xA8DF}, {0xA954, 0xA95E}, {0xA97D, 0xA97F},
    {0xA9CE, 0xA9CE}, {0xA9DA, 0xA9DD}, {0xA9FF, 0xA9FF}, {0xAA37, 0xAA3F},
    {0xAA4E, 0xAA4F}, {0xAA5A, 0xAA5B}, {0xAAC3, 0xAADA}, {0xAAF7, 0xAB00},
    {0xAB07, 0xAB08}, {0xAB0F, 0xAB10}, {0xAB17, 0xAB1F}, {0xAB27, 0xAB27},
    {0xAB2F, 0xAB2F}, {0xAB6C, 0xAB6F}, {0xABEE, 0xABEF}, {0xABFA, 0xABFF},
    {0xD7A4, 0xD7AF}, {0xD7C7, 0xD7CA}, {0xD7FC, 0xF8FF}, {0xFA6E, 0xFA6F},
    {0xFADA, 0xFAFF}, {0xFB07, 0xFB12}, {0xFB18, 0xFB1C}, {0xFB37, 0xFB37},
    {0xFB3D, 0xFB3D}, {0xFB3F, 0xFB3F}, {0xFB42, 0xFB42}, {0xFB45, 0xFB45},
    {0xFBC3, 0xFBD2}, {0xFD90, 0xFD91}, {0xFDC8, 0xFDCE}, {0xFDD0, 0xFDEF},
    {0xFE1A, 0xFE1F}, {0xFE53, 0xFE53}, {0xFE67, 0xFE67}, {0xFE6C, 0xFE6F},
    {0xFE75, 0xFE75}, {0xFEFD, 0xFF00}, {0xFFBF, 0xFFC1}, {0xFFC8, 0xFFC9},
    {0xFFD0, 0xFFD1}, {0xFFD8, 0xFFD9}, {0xFFDD, 0xFFDF}, {0xFFE7, 0xFFE7},
    {0xFFEF, 0xFFFB}, {0xFFFE, 0xFFFF}, {0x1000C, 0x1000C}, {0x10027, 0x10027},
    {0x1003B, 0x1003B}, {0x1003E, 0x1003E}, {0x1004E, 0x1004F}, {0x1005E, 0x1007F},
    {0x100FB, 0x100FF}, {0x10103, 0x10106}, {0x10134, 0x10136}, {0x1018F, 0x1018F},
    {0x1019D, 0x1019F}, {0x101A1, 0x101CF}, {0x101FE, 0x1027F}, {0x1029D, 0x1029F},
    {0x102D1, 0x102DF}, {0x102FC, 0x102FF}, {0x10324, 0x1032C}, {0x1034B, 0x1034F},
    {0x1037B, 0x1037F}, {0x1039E, 0x1039E}, {0x103C4, 0x103C7}, {0x103D6, 0x103FF},
    {0x1049E, 0x1049F}, {0x104AA, 0x104AF}, {0x104D4, 0x104D7}, {0x104FC, 0x104FF},
    {0x10528, 0x1052F}, {0x10564, 0x1056E}, {0x1057B, 0x1057B}, {0x1058B, 0x1058B},
    {0x10593, 0x10593}, {0x10596, 0x10596}, {0x105A2, 0x105A2}, {0x105B2, 0x105B2},
    {0x105BA, 0x105BA}, {0x105BD, 0x105BF}, {0x105F4, 0x105FF}, {0x10737, 0x1073F},
    {0x10756, 0x1075F}, {0x10768, 0x1077F}, {0x10786, 0x10786}, {0x107B1, 0x107B1},
    {0x107BB, 0x107FF}, {0x10806, 0x10807}, {0x10809, 0x10809}, {0x10836, 0x10836},
    {0x10839, 0x1083B}, {0x1083D, 0x1083E}, {0x10856, 0x10856}, {0x1089F, 0x108A6},
    {0x108B0, 0x108DF}, {0x108F3, 0x108F3}, {0x108F6, 0x108FA}, {0x1091C, 0x1091E},
    {0x1093A, 0x1093E}, {0x10940, 0x1097F}, {0x109B8, 0x109BB}, {0x109D0, 0x109D1},
    {0x10A04, 0x10A04}, {0x10A07, 0x10A0B}, {0x10A14, 0x10A14}, {0x10A18, 0x10A18},
    {0x10A36, 0x10A37}, {0x10A3B, 0x10A3E}, {0x10A49, 0x10A4F}, {0x10A59, 0x10A5F},
    {0x10AA0, 0x10ABF}, {0x10AE7, 0x10AEA}, {0x10AF7, 0x10AFF}, {0x10B36, 0x10B38},
    {0x10B56, 0x10B57}, {0x10B73, 0x10B77}, {0x10B92, 0x10B98}, {0x10B9D, 0x10BA8},
    {0x10BB0, 0x10BFF}, {0x10C49, 0x10C7F}, {0x10CB3, 0x10CBF}, {0x10CF3, 0x10CF9},
    {0x10D28, 0x10D2F}, {0x10D3A, 0x10D3F}, {0x10D66, 0x10D68}, {0x10D86, 0x10D8D},
    {0x10D90, 0x10E5F}, {0x10E7F, 0x10E7F}, {0x10EAA, 0x10EAA}, {0x10EAE, 0x10EAF},
    {0x10EB2, 0x10EC1}, {0x10EC5, 0x10EFB}, {0x10F28, 0x10F2F}, {0x10F5A, 0x10F6F},
    {0x10F8A, 0x10FAF}, {0x10FCC, 0x10FDF}, {0x10FF7, 0x10FFF}, {0x1104E, 0x11051},
    {0x11076, 0x1107E}, {0x110BD, 0x110BD}, {0x110C3, 0x110CF}, {0x110E9, 0x110EF},
    {0x110FA, 0x110FF}, {0x11135, 0x11135}, {0x11148, 0x1114F}, {0x11177, 0x1117F},
    {0x111E0, 0x111E0}, {0x111F5, 0x111FF}, {0x11212, 0x11212}, {0x11242, 0x1127F},
    {0x11287, 0x11287}, {0x11289, 0x11289}, {0x1128E, 0x1128E}, {0x1129E, 0x1129E},
    {0x112AA, 0x112AF}, {0x112EB, 0x112EF}, {0x112FA, 0x112FF}, {0x11304, 0x11304},
    {0x1130D, 0x1130E}, {0x11311, 0x11312}, {0x11329, 0x11329}, {0x11331, 0x11331},
    {0x11334, 0x11334}, {0x1133A, 0x1133A}, {0x11345, 0x11346}, {0x11349, 0x1134A},
    {0x1134E, 0x1134F}, {0x11351, 0x11356}, {0x11358, 0x1135C}, {0x11364, 0x11365},
    {0x1136D, 0x1136F}, {0x11375, 0x1137F}, {0x1138A, 0x1138A}, {0x1138C, 0x1138D},
    {0x1138F, 0x1138F}, {0x113B6, 0x113B6}, {0x113C1, 0x113C1}, {0x113C3, 0x113C4},
    {0x113C6, 0x113C6}, {0x113CB, 0x113CB}, {0x113D6, 0x113D6}, {0x113D9, 0x113E0},
    {0x113E3, 0x113FF}, {0x1145C, 0x1145C}, {0x11462, 0x1147F}, {0x114C8, 0x114CF},
    {0x114DA, 0x1157F}, {0x115B6, 0x115B7}, {0x115DE, 0x115FF}, {0x11645, 0x1164F},
    {0x1165A, 0x1165F}, {0x1166D, 0x1167F}, {0x116BA, 0x116BF}, {0x116CA, 0x116CF},
    {0x116E4, 0x116FF}, {0x1171B, 0x1171C}, {0x1172C, 0x1172F}, {0x11747, 0x117FF},
    {0x1183C, 0x1189F}, {0x118F3, 0x118FE}, {0x11907, 0x11908}, {0x1190A, 0x1190B},
    {0x11914, 0x11914}, {0x11917, 0x11917}, {0x11936, 0x11936}, {0x11939, 0x1193A},
    {0x11947, 0x1194F}, {0x1195A, 0x1199F}, {0x119A8, 0x119A9}, {0x119D8, 0x119D9},
    {0x119E5, 0x119FF}, {0x11A48, 0x11A4F}, {0x11AA3, 0x11AAF}, {0x11AF9, 0x11AFF},
    {0x11B0A, 0x11BBF}, {0x11BE2, 0x11BEF}, {0x11BFA, 0x11BFF}, {0x11C09, 0x11C09},
    {0x11C37, 0x11C37}, {0x11C46, 0x11C4F}, {0x11C6D, 0x11C6F}, {0x11C90, 0x11C91},
    {0x11CA8, 0x11CA8}, {0x11CB7, 0x11CFF}, {0x11D07, 0x11D07}, {0x11D0A, 0x11D0A},
    {0x11D37, 0x11D39}, {0x11D3B, 0x11D3B}, {0x11D3E, 0x11D3E}, {0x11D48, 0x11D4F},
    {0x11D5A, 0x11D5F}, {0x11D66, 0x11D66}, {0x11D69, 0x11D69}, {0x11D8F, 0x11D8F},
    {0x11D92, 0x11D92}, {0x11D99, 0x11D9F}, {0x11DAA, 0x11EDF}, {0x11EF9, 0x11EFF},
    {0x11F11, 0x11F11}, {0x11F3B, 0x11F3D}, {0x11F5B, 0x11FAF}, {0x11FB1, 0x11FBF},
    {0x11FF2, 0x11FFE}, {0x1239A, 0x123FF}, {0x1246F, 0x1246F}, {0x12475, 0x1247F},
    {0x12544, 0x12F8F}, {0x12FF3, 0x12FFF}, {0x13430, 0x1343F}, {0x13456, 0x1345F},
    {0x143FB, 0x143FF}, {0x14647, 0x160FF}, {0x1613A, 0x167FF}, {0x16A39, 0x16A3F},
    {0x16A5F, 0x16A5F}, {0x16A6A, 0x16A6D}, {0x16ABF, 0x16ABF}, {0x16ACA, 0x16ACF},
    {0x16AEE, 0x16AEF}, {0x16AF6, 0x16AFF}, {0x16B46, 0x16B4F}, {0x16B5A, 0x16B5A},
    {0x16B62, 0x16B62}, {0x16B78, 0x16B7C}, {0x16B90, 0x16D3F}, {0x16D7A, 0x16E3F},
    {0x16E9B, 0x16EFF}, {0x16F4B, 0x16F4E}, {0x16F88, 0x16F8E}, {0x16FA0, 0x16FDF},
    {0x16FE5, 0x16FEF}, {0x16FF2, 0x16FFF}, {0x187F8, 0x187FF}, {0x18CD6, 0x18CFE},
    {0x18D09, 0x1AFEF}, {0x1AFF4, 0x1AFF4}, {0x1AFFC, 0x1AFFC}, {0x1AFFF, 0x1AFFF},
    {0x1B123, 0x1B131}, {0x1B133, 0x1B14F}, {0x1B153, 0x1B154}, {0x1B156, 0x1B163},
    {0x1B168, 0x1B16F}, {0x1B2FC, 0x1BBFF}, {0x1BC6B, 0x1BC6F}, {0x1BC7D, 0x1BC7F},
    {0x1BC89, 0x1BC8F}, {0x1BC9A, 0x1BC9B}, {0x1BCA0, 0x1CBFF}, {0x1CCFA, 0x1CCFF},
    {0x1CEB4, 0x1CEFF}, {0x1CF2E, 0x1CF2F}, {0x1CF47, 0x1CF4F}, {0x1CFC4, 0x1CFFF},
    {0x1D0F6, 0x1D0FF}, {0x1D127, 0x1D128}, {0x1D173, 0x1D17A}, {0x1D1EB, 0x1D1FF},
    {0x1D246, 0x1D2BF}, {0x1D2D4, 0x1D2DF}, {0x1D2F4, 0x1D2FF}, {0x1D357, 0x1D35F},
    {0x1D379, 0x1D3FF}, {0x1D455, 0x1D455}, {0x1D49D, 0x1D49D}, {0x1D4A0, 0x1D4A1},
    {0x1D4A3, 0x1D4A4}, {0x1D4A7, 0x1D4A8}, {0x1D4AD, 0x1D4AD}, {0x1D4BA, 0x1D4BA},
    {0x1D4BC, 0x1D4BC}, {0x1D4C4, 0x1D4C4}, {0x1D506, 0x1D506}, {0x1D50B, 0x1D50C},
    {0x1D515, 0x1D515}, {0x1D51D, 0x1D51D}, {0x1D53A, 0x1D53A}, {0x1D53F, 0x1D53F},
    {0x1D545, 0x1D545}, {0x1D547, 0x1D549}, {0x1D551, 0x1D551}, {0x1D6A6, 0x1D6A7},
    {0x1D7CC, 0x1D7CD}, {0x1DA8C, 0x1DA9A}, {0x1DAA0, 0x1DAA0}, {0x1DAB0, 0x1DEFF},
    {0x1DF1F, 0x1DF24}, {0x1DF2B, 0x1DFFF}, {0x1E007, 0x1E007}, {0x1E019, 0x1E01A},
    {0x1E022, 0x1E022}, {0x1E025, 0x1E025}, {0x1E02B, 0x1E02F}, {0x1E06E, 0x1E08E},
    {0x1E090, 0x1E0FF}, {0x1E12D, 0x1E12F}, {0x1E13E, 0x1E13F}, {0x1E14A, 0x1E14D},
    {0x1E150, 0x1E28F}, {0x1E2AF, 0x1E2BF}, {0x1E2FA, 0x1E2FE}, {0x1E300, 0x1E4CF},
    {0x1E4FA, 0x1E5CF}, {0x1E5FB, 0x1E5FE}, {0x1E600, 0x1E7DF}, {0x1E7E7, 0x1E7E7},
    {0x1E7EC, 0x1E7EC}, {0x1E7EF, 0x1E7EF}, {0x1E7FF, 0x1E7FF}, {0x1E8C5, 0x1E8C6},
    {0x1E8D7, 0x1E8FF}, {0x1E94C, 0x1E94F}, {0x1E95A, 0x1E95D}, {0x1E960, 0x1EC70},
    {0x1ECB5, 0x1ED00}, {0x1ED3E, 0x1EDFF}, {0x1EE04, 0x1EE04}, {0x1EE20, 0x1EE20},
    {0x1EE23, 0x1EE23}, {0x1EE25, 0x1EE26}, {0x1EE28, 0x1EE28}, {0x1EE33, 0x1EE33},
    {0x1EE38, 0x1EE38}, {0x1EE3A, 0x1EE3A}, {0x1EE3C, 0x1EE41}, {0x1EE43, 0x1EE46},
    {0x1EE48, 0x1EE48}, {0x1EE4A, 0x1EE4A}, {0x1EE4C, 0x1EE4C}, {0x1EE50, 0x1EE50},
    {0x1EE53, 0x1EE53}, {0x1EE55, 0x1EE56}, {0x1EE58, 0x1EE58}, {0x1EE5A, 0x1EE5A},
    {0x1EE5C, 0x1EE5C}, {0x1EE5E, 0x1EE5E}, {0x1EE60, 0x1EE60}, {0x1EE63, 0x1EE63},
    {0x1EE65, 0x1EE66}, {0x1EE6B, 0x1EE6B}, {0x1EE73, 0x1EE73}, {0x1EE78, 0x1EE78},
    {0x1EE7D, 0x1EE7D}, {0x1EE7F, 0x1EE7F}, {0x1EE8A, 0x1EE8A}, {0x1EE9C, 0x1EEA0},
    {0x1EEA4, 0x1EEA4}, {0x1EEAA, 0x1EEAA}, {0x1EEBC, 0x1EEEF}, {0x1EEF2, 0x1EFFF},
    {0x1F02C, 0x1F02F}, {0x1F094, 0x1F09F}, {0x1F0AF, 0x1F0B0}, {0x1F0C0, 0x1F0C0},
    {0x1F0D0, 0x1F0D0}, {0x1F0F6, 0x1F0FF}, {0x1F1AE, 0x1F1E5}, {0x1F203, 0x1F20F},
    {0x1F23C, 0x1F23F}, {0x1F249, 0x1F24F}, {0x1F252, 0x1F25F}, {0x1F266, 0x1F2FF},
    {0x1F6D8, 0x1F6DB}, {0x1F6ED, 0x1F6EF}, {0x1F6FD, 0x1F6FF}, {0x1F777, 0x1F77A},
    {0x1F7DA, 0x1F7DF}, {0x1F7EC, 0x1F7EF}, {0x1F7F1, 0x1F7FF}, {0x1F80C, 0x1F80F},
    {0x1F848, 0x1F84F}, {0x1F85A, 0x1F85F}, {0x1F888, 0x1F88F}, {0x1F8AE, 0x1F8AF},
    {0x1F8BC, 0x1F8BF}, {0x1F8C2, 0x1F8FF}, {0x1FA54, 0x1FA5F}, {0x1FA6E, 0x1FA6F},
    {0x1FA7D, 0x1FA7F}, {0x1FA8A, 0x1FA8E}, {0x1FAC7, 0x1FACD}, {0x1FADD, 0x1FADE},
    {0x1FAEA, 0x1FAEF}, {0x1FAF9, 0x1FAFF}, {0x1FB93, 0x1FB93}, {0x1FBFA, 0x1FFFF},
    {0x2A6E0, 0x2A6FF}, {0x2B73A, 0x2B73F}, {0x2B81E, 0x2B81F}, {0x2CEA2, 0x2CEAF},
    {0x2EBE1, 0x2EBEF}, {0x2EE5E, 0x2F7FF}, {0x2FA1E, 0x2FFFF}, {0x3134B, 0x3134F},
    {0x323B0, 0xE00FF}, {0xE01F0, 0x10FFFF}
};
inline constexpr int kControl_n = 738;

inline constexpr CpRange kSpace[] = {
    {0x9, 0xA}, {0xD, 0xD}, {0x20, 0x20}, {0xA0, 0xA0},
    {0x1680, 0x1680}, {0x2000, 0x200A}, {0x202F, 0x202F}, {0x205F, 0x205F},
    {0x3000, 0x3000}
};
inline constexpr int kSpace_n = 9;

}  // namespace bert_uni
