skipping stages: mteb, energy
power: no battery device reported (desktop, or the class is empty)
cpu: 2.2% mean over the sampling window

############ all-MiniLM-L6-v2 ############
-- accuracy (golden check)
--- command: "C:\Users\vegar\Documents\GitHub\NpuEmbeddings\runtime\build\npuembed.exe" 
C:\Users\vegar\Documents\GitHub\NpuEmbeddings --model all-MiniLM-L6-v2 --artifacts artifacts_minilm_bfp16 --threads 16
NpuEmbeddings C++ runtime -- full encode
  bo-mode    host_only (data-buffer allocation)
  model      all-MiniLM-L6-v2: 78 tensors, 69.00 MB, checkpoint 53aa51172d142c89
  shape      sentence-transformers/all-MiniLM-L6-v2: 6 layers, hidden 384, 12 heads x 32, ffn 1536, mean pooling
  designs    ONE xclbin, 16 streams (4 batch tiers), one hw_context
  datapath   bfp16-emulated MMAC, C as bf16
  toolchain  mlir_aie 1.4.2.dev16+g7e00b57, peano 21.0.0.2026080301+c9c5ecb7, mlir-aie HEAD 
7e00b57955e108fe9d8e9419f5828a0c7e650858
  shape      batch 128 x seq 64  (M = 8192)
  tiers      4, 16, 32, 128  (requests are right-sized, not padded)
  gelu       on the HOST (fp32) -- 6 fewer NPU dispatches
  softmax    on the HOST (fp32) -- 6 fewer NPU dispatches
  layernorm  on the HOST (fp32) -- 13 fewer NPU dispatches
  bo-align   last data buffer aligned to 65536 B
  weights    21.23 MB staged on the device once, not per call

  embedding rel_fro vs HF golden           2.430e-02
  worst 1 - cos vs HuggingFace             3.406e-04  (all 128 rows, 4 distinct sentences rotated across tile copies)

PASS -- tolerance 2e-03 on 1-cos, no Python in this process
-- throughput (4 lanes, contention guard ON)
--- command: "C:\Users\vegar\Documents\GitHub\NpuEmbeddings\runtime\build\npuembed.exe" 
C:\Users\vegar\Documents\GitHub\NpuEmbeddings --model all-MiniLM-L6-v2 --artifacts artifacts_minilm_bfp16 --threads 24 
--pipeline 4 --bench 5
NpuEmbeddings C++ runtime -- full encode
  bo-mode    host_only (data-buffer allocation)
  model      all-MiniLM-L6-v2: 78 tensors, 69.00 MB, checkpoint 53aa51172d142c89
  shape      sentence-transformers/all-MiniLM-L6-v2: 6 layers, hidden 384, 12 heads x 32, ffn 1536, mean pooling
  designs    ONE xclbin, 16 streams (4 batch tiers), one hw_context
  datapath   bfp16-emulated MMAC, C as bf16
  toolchain  mlir_aie 1.4.2.dev16+g7e00b57, peano 21.0.0.2026080301+c9c5ecb7, mlir-aie HEAD 
7e00b57955e108fe9d8e9419f5828a0c7e650858
  shape      batch 128 x seq 64  (M = 8192)
  tiers      4, 16, 32, 128  (requests are right-sized, not padded)
  gelu       on the HOST (fp32) -- 6 fewer NPU dispatches
  softmax    on the HOST (fp32) -- 6 fewer NPU dispatches
  layernorm  on the HOST (fp32) -- 13 fewer NPU dispatches
  bo-align   last data buffer aligned to 65536 B
  weights    21.23 MB staged on the device once, not per call
  pipeline   4 concurrent encodes of 128, one NPU mutex, 6 host threads per lane
  npu        exclusive -- 8 hw_context(s), none Active but ours (C:\Windows\System32\AMD\xrt-smi.exe)

  5 pipelined groups of 4 x 128 sequences at seq 64
    wall   351.96 ms   ->    1454.7 seq/s
    cpu   3187.50 ms   ->      9.06 cores busy
    NPU dispatch+wait (serialized)   215.09 ms   61.1%   96 dispatches/group
    p1 host work                  226.18 ms   64.3%   (conv 9.0  bias 94.5  attn 75.2  elt 47.5)
    p2 host work                  225.89 ms   64.2%   (conv 9.5  bias 92.2  attn 76.0  elt 48.2)
    p3 host work                  224.21 ms   63.7%   (conv 8.3  bias 96.3  attn 74.7  elt 44.9)
    p4 host work                  223.52 ms   63.5%   (conv 7.8  bias 91.4  attn 78.3  elt 46.0)
--- command: "C:\Users\vegar\Documents\GitHub\NpuEmbeddings\runtime\build\npuembed.exe" 
C:\Users\vegar\Documents\GitHub\NpuEmbeddings --model all-MiniLM-L6-v2 --artifacts artifacts_minilm_bfp16 --threads 24 
--pipeline 4 --bench 5
NpuEmbeddings C++ runtime -- full encode
  bo-mode    host_only (data-buffer allocation)
  model      all-MiniLM-L6-v2: 78 tensors, 69.00 MB, checkpoint 53aa51172d142c89
  shape      sentence-transformers/all-MiniLM-L6-v2: 6 layers, hidden 384, 12 heads x 32, ffn 1536, mean pooling
  designs    ONE xclbin, 16 streams (4 batch tiers), one hw_context
  datapath   bfp16-emulated MMAC, C as bf16
  toolchain  mlir_aie 1.4.2.dev16+g7e00b57, peano 21.0.0.2026080301+c9c5ecb7, mlir-aie HEAD 
7e00b57955e108fe9d8e9419f5828a0c7e650858
  shape      batch 128 x seq 64  (M = 8192)
  tiers      4, 16, 32, 128  (requests are right-sized, not padded)
  gelu       on the HOST (fp32) -- 6 fewer NPU dispatches
  softmax    on the HOST (fp32) -- 6 fewer NPU dispatches
  layernorm  on the HOST (fp32) -- 13 fewer NPU dispatches
  bo-align   last data buffer aligned to 65536 B
  weights    21.23 MB staged on the device once, not per call
  pipeline   4 concurrent encodes of 128, one NPU mutex, 6 host threads per lane
  npu        exclusive -- 8 hw_context(s), none Active but ours (C:\Windows\System32\AMD\xrt-smi.exe)

  5 pipelined groups of 4 x 128 sequences at seq 64
    wall   353.54 ms   ->    1448.2 seq/s
    cpu   3175.00 ms   ->      8.98 cores busy
    NPU dispatch+wait (serialized)   215.63 ms   61.0%   96 dispatches/group
    p1 host work                  223.04 ms   63.1%   (conv 9.0  bias 91.1  attn 78.6  elt 44.4)
    p2 host work                  225.37 ms   63.7%   (conv 8.6  bias 93.1  attn 74.2  elt 49.5)
    p3 host work                  225.92 ms   63.9%   (conv 8.7  bias 95.8  attn 74.9  elt 46.4)
    p4 host work                  229.88 ms   65.0%   (conv 9.2  bias 92.8  attn 79.9  elt 48.0)
--- command: "C:\Users\vegar\Documents\GitHub\NpuEmbeddings\runtime\build\npuembed.exe" 
C:\Users\vegar\Documents\GitHub\NpuEmbeddings --model all-MiniLM-L6-v2 --artifacts artifacts_minilm_bfp16 --threads 24 
--pipeline 4 --bench 5
NpuEmbeddings C++ runtime -- full encode
  bo-mode    host_only (data-buffer allocation)
  model      all-MiniLM-L6-v2: 78 tensors, 69.00 MB, checkpoint 53aa51172d142c89
  shape      sentence-transformers/all-MiniLM-L6-v2: 6 layers, hidden 384, 12 heads x 32, ffn 1536, mean pooling
  designs    ONE xclbin, 16 streams (4 batch tiers), one hw_context
  datapath   bfp16-emulated MMAC, C as bf16
  toolchain  mlir_aie 1.4.2.dev16+g7e00b57, peano 21.0.0.2026080301+c9c5ecb7, mlir-aie HEAD 
7e00b57955e108fe9d8e9419f5828a0c7e650858
  shape      batch 128 x seq 64  (M = 8192)
  tiers      4, 16, 32, 128  (requests are right-sized, not padded)
  gelu       on the HOST (fp32) -- 6 fewer NPU dispatches
  softmax    on the HOST (fp32) -- 6 fewer NPU dispatches
  layernorm  on the HOST (fp32) -- 13 fewer NPU dispatches
  bo-align   last data buffer aligned to 524288 B
  weights    21.23 MB staged on the device once, not per call
  pipeline   4 concurrent encodes of 128, one NPU mutex, 6 host threads per lane
  npu        exclusive -- 8 hw_context(s), none Active but ours (C:\Windows\System32\AMD\xrt-smi.exe)

  5 pipelined groups of 4 x 128 sequences at seq 64
    wall   350.70 ms   ->    1460.0 seq/s
    cpu   2781.25 ms   ->      7.93 cores busy
    NPU dispatch+wait (serialized)   215.60 ms   61.5%   96 dispatches/group
    p1 host work                  227.03 ms   64.7%   (conv 9.3  bias 94.2  attn 79.4  elt 44.0)
    p2 host work                  229.36 ms   65.4%   (conv 8.0  bias 100.1  attn 73.8  elt 47.5)
    p3 host work                  231.27 ms   65.9%   (conv 8.6  bias 97.5  attn 79.3  elt 45.9)
    p4 host work                  223.76 ms   63.8%   (conv 8.7  bias 91.5  attn 75.5  elt 48.0)
-- interleaved CPU ratio (8 rounds)
--- command: "C:\Users\vegar\Documents\GitHub\NpuEmbeddings\.venv-ref\Scripts\python.exe" -u 
C:\Users\vegar\Documents\GitHub\NpuEmbeddings\experiments\m8-npu-vs-cpu\compare_three.py --model all-MiniLM-L6-v2 
--artifacts artifacts_minilm_bfp16 --rounds 8 --threads 24 --pipeline 4 --out 
C:\Users\vegar\Documents\GitHub\NpuEmbeddings\tasks\0119-release-sweep-040\interleaved-all-MiniLM-L6-v2.json

Loading weights:   0%|          | 0/103 [00:00<?, ?it/s]
Loading weights: 100%|â–ˆâ–ˆâ–ˆâ–ˆâ–ˆâ–ˆâ–ˆâ–ˆâ–ˆâ–ˆ| 103/103 [00:00<00:00, 17623.84it/s]
model all-MiniLM-L6-v2, batch 128, seq 64, mean pooling
  machine: Online / NoSystemBattery / Power Scheme GUID: 381b4222-f694-41f0-9685-ff5bb260df2e  (Balanced)
  torch threads 12, ORT intra_op 12, NPU 24 threads / 4 lanes
  interleaved, 8 rounds, MEAN reported on every side

  round 1:  torch   703.3   ort   307.7   npu  1456.9 seq/s
  round 2:  torch   761.5   ort   305.6   npu  1438.8 seq/s
  round 3:  torch   788.8   ort   311.2   npu  1450.5 seq/s
  round 4:  torch   704.3   ort   300.9   npu  1442.9 seq/s
  round 5:  torch   711.3   ort   298.2   npu  1452.8 seq/s
  round 6:  torch   759.5   ort   300.3   npu  1456.3 seq/s
  round 7:  torch   743.6   ort   323.0   npu  1443.6 seq/s
  round 8:  torch   778.4   ort   301.9   npu  1451.0 seq/s

  torch        all   743.8   steady(last 4)   748.2   range   703.3-  788.8 seq/s
  onnxruntime  all   306.1   steady(last 4)   305.8   range   298.2-  323.0 seq/s
  npu          all  1449.1   steady(last 4)  1450.9   range  1438.8- 1456.9 seq/s

  strongest CPU baseline: torch at 748.2 seq/s
  NPU / strongest CPU   : 1.939x  (steady state, both sides)
wrote tasks\0119-release-sweep-040\interleaved-all-MiniLM-L6-v2.json

############ bge-small-en-v1.5 ############
-- accuracy (golden check)
--- command: "C:\Users\vegar\Documents\GitHub\NpuEmbeddings\runtime\build\npuembed.exe" 
C:\Users\vegar\Documents\GitHub\NpuEmbeddings --model bge-small-en-v1.5 --artifacts artifacts_small_bf16 --threads 16
NpuEmbeddings C++ runtime -- full encode
  bo-mode    host_only (data-buffer allocation)
  model      bge-small-en-v1.5: 150 tensors, 90.48 MB, checkpoint 3c9f31665447c891
  shape      BAAI/bge-small-en-v1.5: 12 layers, hidden 384, 12 heads x 32, ffn 1536, CLS pooling
  designs    ONE xclbin, 16 streams (4 batch tiers), one hw_context
  datapath   bf16 MMAC, C as fp32
  toolchain  mlir_aie 1.4.2.dev16+g7e00b57, peano 21.0.0.2026080301+c9c5ecb7, mlir-aie HEAD 
7e00b57955e108fe9d8e9419f5828a0c7e650858
  shape      batch 128 x seq 64  (M = 8192)
  tiers      4, 16, 32, 128  (requests are right-sized, not padded)
  gelu       on the HOST (fp32) -- 12 fewer NPU dispatches
  softmax    on the HOST (fp32) -- 12 fewer NPU dispatches
  layernorm  on the HOST (fp32) -- 25 fewer NPU dispatches
  bo-align   last data buffer aligned to 32768 B
  weights    42.47 MB staged on the device once, not per call

  embedding rel_fro vs HF golden           3.789e-03
  worst 1 - cos vs HuggingFace             8.348e-06  (all 128 rows, 4 distinct sentences rotated across tile copies)

PASS -- tolerance 2e-03 on 1-cos, no Python in this process
-- throughput (4 lanes, contention guard ON)
--- command: "C:\Users\vegar\Documents\GitHub\NpuEmbeddings\runtime\build\npuembed.exe" 
C:\Users\vegar\Documents\GitHub\NpuEmbeddings --model bge-small-en-v1.5 --artifacts artifacts_small_bf16 --threads 24 
--pipeline 4 --bench 5
NpuEmbeddings C++ runtime -- full encode
  bo-mode    host_only (data-buffer allocation)
  model      bge-small-en-v1.5: 150 tensors, 90.48 MB, checkpoint 3c9f31665447c891
  shape      BAAI/bge-small-en-v1.5: 12 layers, hidden 384, 12 heads x 32, ffn 1536, CLS pooling
  designs    ONE xclbin, 16 streams (4 batch tiers), one hw_context
  datapath   bf16 MMAC, C as fp32
  toolchain  mlir_aie 1.4.2.dev16+g7e00b57, peano 21.0.0.2026080301+c9c5ecb7, mlir-aie HEAD 
7e00b57955e108fe9d8e9419f5828a0c7e650858
  shape      batch 128 x seq 64  (M = 8192)
  tiers      4, 16, 32, 128  (requests are right-sized, not padded)
  gelu       on the HOST (fp32) -- 12 fewer NPU dispatches
  softmax    on the HOST (fp32) -- 12 fewer NPU dispatches
  layernorm  on the HOST (fp32) -- 25 fewer NPU dispatches
  bo-align   last data buffer aligned to 32768 B
  weights    42.47 MB staged on the device once, not per call
  pipeline   4 concurrent encodes of 128, one NPU mutex, 6 host threads per lane
  npu        exclusive -- 8 hw_context(s), none Active but ours (C:\Windows\System32\AMD\xrt-smi.exe)

  5 pipelined groups of 4 x 128 sequences at seq 64
    wall   810.54 ms   ->     631.7 seq/s
    cpu   4831.25 ms   ->      5.96 cores busy
    NPU dispatch+wait (serialized)   650.59 ms   80.3%   192 dispatches/group
    p1 host work                  349.45 ms   43.1%   (conv 13.7  bias 145.8  attn 111.8  elt 78.2)
    p2 host work                  340.39 ms   42.0%   (conv 12.6  bias 146.1  attn 106.0  elt 75.7)
    p3 host work                  348.90 ms   43.0%   (conv 11.8  bias 151.6  attn 109.8  elt 75.6)
    p4 host work                  345.00 ms   42.6%   (conv 12.0  bias 147.8  attn 107.9  elt 77.3)
--- command: "C:\Users\vegar\Documents\GitHub\NpuEmbeddings\runtime\build\npuembed.exe" 
C:\Users\vegar\Documents\GitHub\NpuEmbeddings --model bge-small-en-v1.5 --artifacts artifacts_small_bf16 --threads 24 
--pipeline 4 --bench 5
NpuEmbeddings C++ runtime -- full encode
  bo-mode    host_only (data-buffer allocation)
  model      bge-small-en-v1.5: 150 tensors, 90.48 MB, checkpoint 3c9f31665447c891
  shape      BAAI/bge-small-en-v1.5: 12 layers, hidden 384, 12 heads x 32, ffn 1536, CLS pooling
  designs    ONE xclbin, 16 streams (4 batch tiers), one hw_context
  datapath   bf16 MMAC, C as fp32
  toolchain  mlir_aie 1.4.2.dev16+g7e00b57, peano 21.0.0.2026080301+c9c5ecb7, mlir-aie HEAD 
7e00b57955e108fe9d8e9419f5828a0c7e650858
  shape      batch 128 x seq 64  (M = 8192)
  tiers      4, 16, 32, 128  (requests are right-sized, not padded)
  gelu       on the HOST (fp32) -- 12 fewer NPU dispatches
  softmax    on the HOST (fp32) -- 12 fewer NPU dispatches
  layernorm  on the HOST (fp32) -- 25 fewer NPU dispatches
  bo-align   last data buffer aligned to 32768 B
  weights    42.47 MB staged on the device once, not per call
  pipeline   4 concurrent encodes of 128, one NPU mutex, 6 host threads per lane
  npu        exclusive -- 8 hw_context(s), none Active but ours (C:\Windows\System32\AMD\xrt-smi.exe)

  5 pipelined groups of 4 x 128 sequences at seq 64
    wall   810.11 ms   ->     632.0 seq/s
    cpu   5000.00 ms   ->      6.17 cores busy
    NPU dispatch+wait (serialized)   652.14 ms   80.5%   192 dispatches/group
    p1 host work                  344.50 ms   42.5%   (conv 12.7  bias 146.2  attn 109.4  elt 76.2)
    p2 host work                  344.31 ms   42.5%   (conv 12.6  bias 142.6  attn 112.8  elt 76.4)
    p3 host work                  347.16 ms   42.9%   (conv 13.1  bias 144.2  attn 111.1  elt 78.8)
    p4 host work                  339.87 ms   42.0%   (conv 11.4  bias 143.2  attn 111.2  elt 74.1)
--- command: "C:\Users\vegar\Documents\GitHub\NpuEmbeddings\runtime\build\npuembed.exe" 
C:\Users\vegar\Documents\GitHub\NpuEmbeddings --model bge-small-en-v1.5 --artifacts artifacts_small_bf16 --threads 24 
--pipeline 4 --bench 5
NpuEmbeddings C++ runtime -- full encode
  bo-mode    host_only (data-buffer allocation)
  model      bge-small-en-v1.5: 150 tensors, 90.48 MB, checkpoint 3c9f31665447c891
  shape      BAAI/bge-small-en-v1.5: 12 layers, hidden 384, 12 heads x 32, ffn 1536, CLS pooling
  designs    ONE xclbin, 16 streams (4 batch tiers), one hw_context
  datapath   bf16 MMAC, C as fp32
  toolchain  mlir_aie 1.4.2.dev16+g7e00b57, peano 21.0.0.2026080301+c9c5ecb7, mlir-aie HEAD 
7e00b57955e108fe9d8e9419f5828a0c7e650858
  shape      batch 128 x seq 64  (M = 8192)
  tiers      4, 16, 32, 128  (requests are right-sized, not padded)
  gelu       on the HOST (fp32) -- 12 fewer NPU dispatches
  softmax    on the HOST (fp32) -- 12 fewer NPU dispatches
  layernorm  on the HOST (fp32) -- 25 fewer NPU dispatches
  bo-align   last data buffer aligned to 32768 B
  weights    42.47 MB staged on the device once, not per call
  pipeline   4 concurrent encodes of 128, one NPU mutex, 6 host threads per lane
  npu        exclusive -- 8 hw_context(s), none Active but ours (C:\Windows\System32\AMD\xrt-smi.exe)

  5 pipelined groups of 4 x 128 sequences at seq 64
    wall   814.67 ms   ->     628.5 seq/s
    cpu   4956.25 ms   ->      6.08 cores busy
    NPU dispatch+wait (serialized)   657.17 ms   80.7%   192 dispatches/group
    p1 host work                  342.52 ms   42.0%   (conv 13.0  bias 141.0  attn 110.8  elt 77.7)
    p2 host work                  339.13 ms   41.6%   (conv 13.2  bias 138.3  attn 109.6  elt 78.1)
    p3 host work                  342.21 ms   42.0%   (conv 14.5  bias 138.3  attn 112.9  elt 76.6)
    p4 host work                  337.25 ms   41.4%   (conv 12.2  bias 140.8  attn 107.9  elt 76.3)
-- interleaved CPU ratio (8 rounds)
--- command: "C:\Users\vegar\Documents\GitHub\NpuEmbeddings\.venv-ref\Scripts\python.exe" -u 
C:\Users\vegar\Documents\GitHub\NpuEmbeddings\experiments\m8-npu-vs-cpu\compare_three.py --model bge-small-en-v1.5 
--artifacts artifacts_small_bf16 --rounds 8 --threads 24 --pipeline 4 --out 
C:\Users\vegar\Documents\GitHub\NpuEmbeddings\tasks\0119-release-sweep-040\interleaved-bge-small-en-v1.5.json

Loading weights:   0%|          | 0/199 [00:00<?, ?it/s]
Loading weights: 100%|â–ˆâ–ˆâ–ˆâ–ˆâ–ˆâ–ˆâ–ˆâ–ˆâ–ˆâ–ˆ| 199/199 [00:00<00:00, 4600.82it/s]
model bge-small-en-v1.5, batch 128, seq 64, cls pooling
  machine: Online / NoSystemBattery / Power Scheme GUID: 381b4222-f694-41f0-9685-ff5bb260df2e  (Balanced)
  torch threads 12, ORT intra_op 12, NPU 24 threads / 4 lanes
  interleaved, 8 rounds, MEAN reported on every side

  round 1:  torch   393.0   ort   165.5   npu   628.9 seq/s
  round 2:  torch   401.4   ort   168.1   npu   628.9 seq/s
  round 3:  torch   400.6   ort   170.4   npu   627.3 seq/s
  round 4:  torch   409.9   ort   171.4   npu   631.8 seq/s
  round 5:  torch   406.7   ort   169.1   npu   632.2 seq/s
  round 6:  torch   403.6   ort   175.9   npu   629.1 seq/s
  round 7:  torch   391.5   ort   172.6   npu   629.0 seq/s
  round 8:  torch   391.5   ort   172.8   npu   629.9 seq/s

  torch        all   399.8   steady(last 4)   398.3   range   391.5-  409.9 seq/s
  onnxruntime  all   170.7   steady(last 4)   172.6   range   165.5-  175.9 seq/s
  npu          all   629.6   steady(last 4)   630.0   range   627.3-  632.2 seq/s

  strongest CPU baseline: torch at 398.3 seq/s
  NPU / strongest CPU   : 1.582x  (steady state, both sides)
wrote tasks\0119-release-sweep-040\interleaved-bge-small-en-v1.5.json

############ bge-base-en-v1.5 ############
-- accuracy (golden check)
--- command: "C:\Users\vegar\Documents\GitHub\NpuEmbeddings\runtime\build\npuembed.exe" 
C:\Users\vegar\Documents\GitHub\NpuEmbeddings --model bge-base-en-v1.5 --artifacts artifacts_base_bfp16 --threads 16
NpuEmbeddings C++ runtime -- full encode
  bo-mode    host_only (data-buffer allocation)
  model      bge-base-en-v1.5: 150 tensors, 265.26 MB, checkpoint c7c1988aae201f80
  shape      BAAI/bge-base-en-v1.5: 12 layers, hidden 768, 12 heads x 64, ffn 3072, CLS pooling
  designs    ONE xclbin, 16 streams (4 batch tiers), one hw_context
  datapath   bfp16-emulated MMAC, C as bf16
  toolchain  mlir_aie 1.4.2.dev16+g7e00b57, peano 21.0.0.2026080301+c9c5ecb7, mlir-aie HEAD 
7e00b57955e108fe9d8e9419f5828a0c7e650858
  shape      batch 128 x seq 64  (M = 8192)
  tiers      4, 16, 32, 128  (requests are right-sized, not padded)
  gelu       on the HOST (fp32) -- 12 fewer NPU dispatches
  softmax    on the HOST (fp32) -- 12 fewer NPU dispatches
  layernorm  on the HOST (fp32) -- 25 fewer NPU dispatches
  bo-align   last data buffer aligned to 131072 B
  weights    169.87 MB staged on the device once, not per call

  embedding rel_fro vs HF golden           1.941e-02
  worst 1 - cos vs HuggingFace             2.284e-04  (all 128 rows, 4 distinct sentences rotated across tile copies)

PASS -- tolerance 2e-03 on 1-cos, no Python in this process
-- throughput (4 lanes, contention guard ON)
--- command: "C:\Users\vegar\Documents\GitHub\NpuEmbeddings\runtime\build\npuembed.exe" 
C:\Users\vegar\Documents\GitHub\NpuEmbeddings --model bge-base-en-v1.5 --artifacts artifacts_base_bfp16 --threads 24 
--pipeline 4 --bench 5
NpuEmbeddings C++ runtime -- full encode
  bo-mode    host_only (data-buffer allocation)
  model      bge-base-en-v1.5: 150 tensors, 265.26 MB, checkpoint c7c1988aae201f80
  shape      BAAI/bge-base-en-v1.5: 12 layers, hidden 768, 12 heads x 64, ffn 3072, CLS pooling
  designs    ONE xclbin, 16 streams (4 batch tiers), one hw_context
  datapath   bfp16-emulated MMAC, C as bf16
  toolchain  mlir_aie 1.4.2.dev16+g7e00b57, peano 21.0.0.2026080301+c9c5ecb7, mlir-aie HEAD 
7e00b57955e108fe9d8e9419f5828a0c7e650858
  shape      batch 128 x seq 64  (M = 8192)
  tiers      4, 16, 32, 128  (requests are right-sized, not padded)
  gelu       on the HOST (fp32) -- 12 fewer NPU dispatches
  softmax    on the HOST (fp32) -- 12 fewer NPU dispatches
  layernorm  on the HOST (fp32) -- 25 fewer NPU dispatches
  bo-align   last data buffer aligned to 131072 B
  weights    169.87 MB staged on the device once, not per call
  pipeline   4 concurrent encodes of 128, one NPU mutex, 6 host threads per lane
  npu        exclusive -- 8 hw_context(s), none Active but ours (C:\Windows\System32\AMD\xrt-smi.exe)

  5 pipelined groups of 4 x 128 sequences at seq 64
    wall  1580.20 ms   ->     324.0 seq/s
    cpu  12893.75 ms   ->      8.16 cores busy
    NPU dispatch+wait (serialized)  1229.93 ms   77.8%   192 dispatches/group
    p1 host work                  979.17 ms   62.0%   (conv 36.3  bias 505.9  attn 253.2  elt 183.8)
    p2 host work                  960.86 ms   60.8%   (conv 34.9  bias 498.7  attn 238.7  elt 188.5)
    p3 host work                  975.70 ms   61.7%   (conv 34.0  bias 511.4  attn 247.4  elt 182.9)
    p4 host work                  964.03 ms   61.0%   (conv 34.9  bias 497.9  attn 245.1  elt 186.2)
--- command: "C:\Users\vegar\Documents\GitHub\NpuEmbeddings\runtime\build\npuembed.exe" 
C:\Users\vegar\Documents\GitHub\NpuEmbeddings --model bge-base-en-v1.5 --artifacts artifacts_base_bfp16 --threads 24 
--pipeline 4 --bench 5
NpuEmbeddings C++ runtime -- full encode
  bo-mode    host_only (data-buffer allocation)
  model      bge-base-en-v1.5: 150 tensors, 265.26 MB, checkpoint c7c1988aae201f80
  shape      BAAI/bge-base-en-v1.5: 12 layers, hidden 768, 12 heads x 64, ffn 3072, CLS pooling
  designs    ONE xclbin, 16 streams (4 batch tiers), one hw_context
  datapath   bfp16-emulated MMAC, C as bf16
  toolchain  mlir_aie 1.4.2.dev16+g7e00b57, peano 21.0.0.2026080301+c9c5ecb7, mlir-aie HEAD 
7e00b57955e108fe9d8e9419f5828a0c7e650858
  shape      batch 128 x seq 64  (M = 8192)
  tiers      4, 16, 32, 128  (requests are right-sized, not padded)
  gelu       on the HOST (fp32) -- 12 fewer NPU dispatches
  softmax    on the HOST (fp32) -- 12 fewer NPU dispatches
  layernorm  on the HOST (fp32) -- 25 fewer NPU dispatches
  bo-align   last data buffer aligned to 131072 B
  weights    169.87 MB staged on the device once, not per call
  pipeline   4 concurrent encodes of 128, one NPU mutex, 6 host threads per lane
  npu        exclusive -- 8 hw_context(s), none Active but ours (C:\Windows\System32\AMD\xrt-smi.exe)

  5 pipelined groups of 4 x 128 sequences at seq 64
    wall  1578.21 ms   ->     324.4 seq/s
    cpu  12771.88 ms   ->      8.09 cores busy
    NPU dispatch+wait (serialized)  1230.74 ms   78.0%   192 dispatches/group
    p1 host work                  993.56 ms   63.0%   (conv 34.3  bias 527.7  attn 251.1  elt 180.4)
    p2 host work                  987.01 ms   62.5%   (conv 34.2  bias 526.6  attn 235.6  elt 190.6)
    p3 host work                  993.81 ms   63.0%   (conv 36.0  bias 531.1  attn 234.7  elt 192.0)
    p4 host work                  985.83 ms   62.5%   (conv 31.9  bias 532.1  attn 235.0  elt 186.8)
--- command: "C:\Users\vegar\Documents\GitHub\NpuEmbeddings\runtime\build\npuembed.exe" 
C:\Users\vegar\Documents\GitHub\NpuEmbeddings --model bge-base-en-v1.5 --artifacts artifacts_base_bfp16 --threads 24 
--pipeline 4 --bench 5
NpuEmbeddings C++ runtime -- full encode
  bo-mode    host_only (data-buffer allocation)
  model      bge-base-en-v1.5: 150 tensors, 265.26 MB, checkpoint c7c1988aae201f80
  shape      BAAI/bge-base-en-v1.5: 12 layers, hidden 768, 12 heads x 64, ffn 3072, CLS pooling
  designs    ONE xclbin, 16 streams (4 batch tiers), one hw_context
  datapath   bfp16-emulated MMAC, C as bf16
  toolchain  mlir_aie 1.4.2.dev16+g7e00b57, peano 21.0.0.2026080301+c9c5ecb7, mlir-aie HEAD 
7e00b57955e108fe9d8e9419f5828a0c7e650858
  shape      batch 128 x seq 64  (M = 8192)
  tiers      4, 16, 32, 128  (requests are right-sized, not padded)
  gelu       on the HOST (fp32) -- 12 fewer NPU dispatches
  softmax    on the HOST (fp32) -- 12 fewer NPU dispatches
  layernorm  on the HOST (fp32) -- 25 fewer NPU dispatches
  bo-align   last data buffer aligned to 65536 B
  weights    169.87 MB staged on the device once, not per call
  pipeline   4 concurrent encodes of 128, one NPU mutex, 6 host threads per lane
  npu        exclusive -- 8 hw_context(s), none Active but ours (C:\Windows\System32\AMD\xrt-smi.exe)

  5 pipelined groups of 4 x 128 sequences at seq 64
    wall  1578.27 ms   ->     324.4 seq/s
    cpu  12375.00 ms   ->      7.84 cores busy
    NPU dispatch+wait (serialized)  1233.77 ms   78.2%   192 dispatches/group
    p1 host work                  991.43 ms   62.8%   (conv 35.7  bias 529.4  attn 231.5  elt 194.9)
    p2 host work                  992.93 ms   62.9%   (conv 38.2  bias 532.9  attn 229.4  elt 192.5)
    p3 host work                  988.30 ms   62.6%   (conv 37.7  bias 527.3  attn 231.3  elt 191.9)
    p4 host work                  983.79 ms   62.3%   (conv 33.1  bias 535.9  attn 228.9  elt 185.9)
-- interleaved CPU ratio (8 rounds)
--- command: "C:\Users\vegar\Documents\GitHub\NpuEmbeddings\.venv-ref\Scripts\python.exe" -u 
C:\Users\vegar\Documents\GitHub\NpuEmbeddings\experiments\m8-npu-vs-cpu\compare_three.py --model bge-base-en-v1.5 
--artifacts artifacts_base_bfp16 --rounds 8 --threads 24 --pipeline 4 --out 
C:\Users\vegar\Documents\GitHub\NpuEmbeddings\tasks\0119-release-sweep-040\interleaved-bge-base-en-v1.5.json

Loading weights:   0%|          | 0/199 [00:00<?, ?it/s]
Loading weights: 100%|â–ˆâ–ˆâ–ˆâ–ˆâ–ˆâ–ˆâ–ˆâ–ˆâ–ˆâ–ˆ| 199/199 [00:00<00:00, 4107.43it/s]
model bge-base-en-v1.5, batch 128, seq 64, cls pooling
  machine: Online / NoSystemBattery / Power Scheme GUID: 381b4222-f694-41f0-9685-ff5bb260df2e  (Balanced)
  torch threads 12, ORT intra_op 12, NPU 24 threads / 4 lanes
  interleaved, 8 rounds, MEAN reported on every side

  round 1:  torch   118.1   ort    60.6   npu   322.0 seq/s
  round 2:  torch   120.6   ort    61.2   npu   321.5 seq/s
  round 3:  torch   125.4   ort    62.6   npu   322.1 seq/s
  round 4:  torch   119.5   ort    62.3   npu   321.7 seq/s
  round 5:  torch   123.3   ort    60.0   npu   321.5 seq/s
  round 6:  torch   122.2   ort    60.1   npu   321.6 seq/s
  round 7:  torch   123.1   ort    61.2   npu   321.8 seq/s
  round 8:  torch   124.2   ort    60.8   npu   320.7 seq/s

  torch        all   122.0   steady(last 4)   123.2   range   118.1-  125.4 seq/s
  onnxruntime  all    61.1   steady(last 4)    60.5   range    60.0-   62.6 seq/s
  npu          all   321.6   steady(last 4)   321.4   range   320.7-  322.1 seq/s

  strongest CPU baseline: torch at 123.2 seq/s
  NPU / strongest CPU   : 2.609x  (steady state, both sides)
wrote tasks\0119-release-sweep-040\interleaved-bge-base-en-v1.5.json

############ bge-large-en-v1.5 ############
-- accuracy (golden check)
--- command: "C:\Users\vegar\Documents\GitHub\NpuEmbeddings\runtime\build\npuembed.exe" 
C:\Users\vegar\Documents\GitHub\NpuEmbeddings --model bge-large-en-v1.5 --artifacts artifacts_large_bfp16 --threads 16
NpuEmbeddings C++ runtime -- full encode
  bo-mode    host_only (data-buffer allocation)
  model      bge-large-en-v1.5: 294 tensors, 731.57 MB, checkpoint 45e1954914e29bd7
  shape      BAAI/bge-large-en-v1.5: 24 layers, hidden 1024, 16 heads x 64, ffn 4096, CLS pooling
  designs    ONE xclbin, 4 streams (1 batch tiers), one hw_context
  datapath   bfp16-emulated MMAC, C as bf16
  toolchain  mlir_aie 1.4.2.dev16+g7e00b57, peano 21.0.0.2026080301+c9c5ecb7, mlir-aie HEAD 
7e00b57955e108fe9d8e9419f5828a0c7e650858
  shape      batch 128 x seq 64  (M = 8192)
  tiers      128  (requests are right-sized, not padded)
  gelu       on the HOST (fp32) -- 24 fewer NPU dispatches
  softmax    on the HOST (fp32) -- 24 fewer NPU dispatches
  layernorm  on the HOST (fp32) -- 49 fewer NPU dispatches
  bo-align   last data buffer aligned to 131072 B
  weights    603.98 MB staged on the device once, not per call

  embedding rel_fro vs HF golden           1.973e-02
  worst 1 - cos vs HuggingFace             2.626e-04  (all 128 rows, 4 distinct sentences rotated across tile copies)

PASS -- tolerance 2e-03 on 1-cos, no Python in this process
-- throughput (4 lanes, contention guard ON)
--- command: "C:\Users\vegar\Documents\GitHub\NpuEmbeddings\runtime\build\npuembed.exe" 
C:\Users\vegar\Documents\GitHub\NpuEmbeddings --model bge-large-en-v1.5 --artifacts artifacts_large_bfp16 --threads 24 
--pipeline 4 --bench 5
NpuEmbeddings C++ runtime -- full encode
  bo-mode    host_only (data-buffer allocation)
  model      bge-large-en-v1.5: 294 tensors, 731.57 MB, checkpoint 45e1954914e29bd7
  shape      BAAI/bge-large-en-v1.5: 24 layers, hidden 1024, 16 heads x 64, ffn 4096, CLS pooling
  designs    ONE xclbin, 4 streams (1 batch tiers), one hw_context
  datapath   bfp16-emulated MMAC, C as bf16
  toolchain  mlir_aie 1.4.2.dev16+g7e00b57, peano 21.0.0.2026080301+c9c5ecb7, mlir-aie HEAD 
7e00b57955e108fe9d8e9419f5828a0c7e650858
  shape      batch 128 x seq 64  (M = 8192)
  tiers      128  (requests are right-sized, not padded)
  gelu       on the HOST (fp32) -- 24 fewer NPU dispatches
  softmax    on the HOST (fp32) -- 24 fewer NPU dispatches
  layernorm  on the HOST (fp32) -- 49 fewer NPU dispatches
  bo-align   last data buffer aligned to 1048576 B
  weights    603.98 MB staged on the device once, not per call
  pipeline   4 concurrent encodes of 128, one NPU mutex, 6 host threads per lane
  npu        exclusive -- 8 hw_context(s), none Active but ours (C:\Windows\System32\AMD\xrt-smi.exe)

  5 pipelined groups of 4 x 128 sequences at seq 64
    wall  5392.74 ms   ->      94.9 seq/s
    cpu  50259.38 ms   ->      9.32 cores busy
    NPU dispatch+wait (serialized)  4707.20 ms   87.3%   384 dispatches/group
    p1 host work                 3565.75 ms   66.1%   (conv 120.1  bias 1697.3  attn 1131.9  elt 616.4)
    p2 host work                 3531.55 ms   65.5%   (conv 123.3  bias 1683.2  attn 1099.6  elt 625.5)
    p3 host work                 3545.21 ms   65.7%   (conv 116.0  bias 1672.7  attn 1146.4  elt 610.1)
    p4 host work                 3532.89 ms   65.5%   (conv 119.0  bias 1670.8  attn 1122.7  elt 620.4)
--- command: "C:\Users\vegar\Documents\GitHub\NpuEmbeddings\runtime\build\npuembed.exe" 
C:\Users\vegar\Documents\GitHub\NpuEmbeddings --model bge-large-en-v1.5 --artifacts artifacts_large_bfp16 --threads 24 
--pipeline 4 --bench 5
NpuEmbeddings C++ runtime -- full encode
  bo-mode    host_only (data-buffer allocation)
  model      bge-large-en-v1.5: 294 tensors, 731.57 MB, checkpoint 45e1954914e29bd7
  shape      BAAI/bge-large-en-v1.5: 24 layers, hidden 1024, 16 heads x 64, ffn 4096, CLS pooling
  designs    ONE xclbin, 4 streams (1 batch tiers), one hw_context
  datapath   bfp16-emulated MMAC, C as bf16
  toolchain  mlir_aie 1.4.2.dev16+g7e00b57, peano 21.0.0.2026080301+c9c5ecb7, mlir-aie HEAD 
7e00b57955e108fe9d8e9419f5828a0c7e650858
  shape      batch 128 x seq 64  (M = 8192)
  tiers      128  (requests are right-sized, not padded)
  gelu       on the HOST (fp32) -- 24 fewer NPU dispatches
  softmax    on the HOST (fp32) -- 24 fewer NPU dispatches
  layernorm  on the HOST (fp32) -- 49 fewer NPU dispatches
  bo-align   last data buffer aligned to 65536 B
  weights    603.98 MB staged on the device once, not per call
  pipeline   4 concurrent encodes of 128, one NPU mutex, 6 host threads per lane
  npu        exclusive -- 8 hw_context(s), none Active but ours (C:\Windows\System32\AMD\xrt-smi.exe)

  5 pipelined groups of 4 x 128 sequences at seq 64
    wall  5387.71 ms   ->      95.0 seq/s
    cpu  50731.25 ms   ->      9.42 cores busy
    NPU dispatch+wait (serialized)  4707.28 ms   87.4%   384 dispatches/group
    p1 host work                 3573.15 ms   66.3%   (conv 122.3  bias 1712.0  attn 1123.8  elt 615.0)
    p2 host work                 3561.69 ms   66.1%   (conv 133.3  bias 1707.0  attn 1113.5  elt 608.0)
    p3 host work                 3578.39 ms   66.4%   (conv 129.9  bias 1715.3  attn 1121.6  elt 611.6)
    p4 host work                 3585.69 ms   66.6%   (conv 132.6  bias 1680.8  attn 1145.7  elt 626.6)
--- command: "C:\Users\vegar\Documents\GitHub\NpuEmbeddings\runtime\build\npuembed.exe" 
C:\Users\vegar\Documents\GitHub\NpuEmbeddings --model bge-large-en-v1.5 --artifacts artifacts_large_bfp16 --threads 24 
--pipeline 4 --bench 5
NpuEmbeddings C++ runtime -- full encode
  bo-mode    host_only (data-buffer allocation)
  model      bge-large-en-v1.5: 294 tensors, 731.57 MB, checkpoint 45e1954914e29bd7
  shape      BAAI/bge-large-en-v1.5: 24 layers, hidden 1024, 16 heads x 64, ffn 4096, CLS pooling
  designs    ONE xclbin, 4 streams (1 batch tiers), one hw_context
  datapath   bfp16-emulated MMAC, C as bf16
  toolchain  mlir_aie 1.4.2.dev16+g7e00b57, peano 21.0.0.2026080301+c9c5ecb7, mlir-aie HEAD 
7e00b57955e108fe9d8e9419f5828a0c7e650858
  shape      batch 128 x seq 64  (M = 8192)
  tiers      128  (requests are right-sized, not padded)
  gelu       on the HOST (fp32) -- 24 fewer NPU dispatches
  softmax    on the HOST (fp32) -- 24 fewer NPU dispatches
  layernorm  on the HOST (fp32) -- 49 fewer NPU dispatches
  bo-align   last data buffer aligned to 131072 B
  weights    603.98 MB staged on the device once, not per call
  pipeline   4 concurrent encodes of 128, one NPU mutex, 6 host threads per lane
  npu        exclusive -- 8 hw_context(s), none Active but ours (C:\Windows\System32\AMD\xrt-smi.exe)

  5 pipelined groups of 4 x 128 sequences at seq 64
    wall  5388.27 ms   ->      95.0 seq/s
    cpu  50262.50 ms   ->      9.33 cores busy
    NPU dispatch+wait (serialized)  4706.86 ms   87.4%   384 dispatches/group
    p1 host work                 3514.82 ms   65.2%   (conv 123.9  bias 1652.6  attn 1131.4  elt 606.9)
    p2 host work                 3533.66 ms   65.6%   (conv 125.2  bias 1663.5  attn 1120.6  elt 624.3)
    p3 host work                 3530.58 ms   65.5%   (conv 129.7  bias 1661.9  attn 1121.1  elt 617.9)
    p4 host work                 3548.79 ms   65.9%   (conv 123.4  bias 1664.7  attn 1138.4  elt 622.3)
-- interleaved CPU ratio (8 rounds)
--- command: "C:\Users\vegar\Documents\GitHub\NpuEmbeddings\.venv-ref\Scripts\python.exe" -u 
C:\Users\vegar\Documents\GitHub\NpuEmbeddings\experiments\m8-npu-vs-cpu\compare_three.py --model bge-large-en-v1.5 
--artifacts artifacts_large_bfp16 --rounds 8 --threads 24 --pipeline 4 --out 
C:\Users\vegar\Documents\GitHub\NpuEmbeddings\tasks\0119-release-sweep-040\interleaved-bge-large-en-v1.5.json

Loading weights:   0%|          | 0/391 [00:00<?, ?it/s]
Loading weights: 100%|â–ˆâ–ˆâ–ˆâ–ˆâ–ˆâ–ˆâ–ˆâ–ˆâ–ˆâ–ˆ| 391/391 [00:00<00:00, 3922.12it/s]
model bge-large-en-v1.5, batch 128, seq 64, cls pooling
  machine: Online / NoSystemBattery / Power Scheme GUID: 381b4222-f694-41f0-9685-ff5bb260df2e  (Balanced)
  torch threads 12, ORT intra_op 12, NPU 24 threads / 4 lanes
  interleaved, 8 rounds, MEAN reported on every side

  round 1:  torch    35.8   ort    18.1   npu    94.5 seq/s
  round 2:  torch    36.0   ort    18.2   npu    94.8 seq/s
  round 3:  torch    35.9   ort    17.0   npu    94.7 seq/s
  round 4:  torch    34.9   ort    18.3   npu    94.8 seq/s
  round 5:  torch    36.1   ort    18.4   npu    95.2 seq/s
  round 6:  torch    35.8   ort    18.3   npu    95.1 seq/s
  round 7:  torch    36.0   ort    18.2   npu    95.0 seq/s
  round 8:  torch    35.8   ort    18.0   npu    94.8 seq/s

  torch        all    35.8   steady(last 4)    35.9   range    34.9-   36.1 seq/s
  onnxruntime  all    18.1   steady(last 4)    18.2   range    17.0-   18.4 seq/s
  npu          all    94.9   steady(last 4)    95.0   range    94.5-   95.2 seq/s

  strongest CPU baseline: torch at 35.9 seq/s
  NPU / strongest CPU   : 2.645x  (steady state, both sides)
wrote tasks\0119-release-sweep-040\interleaved-bge-large-en-v1.5.json

############ nomic-embed-text-v1.5 ############
-- accuracy (golden check)
--- command: "C:\Users\vegar\Documents\GitHub\NpuEmbeddings\runtime\build\npuembed.exe" 
C:\Users\vegar\Documents\GitHub\NpuEmbeddings --model nomic-embed-text-v1.5 --artifacts artifacts_nomic_bfp16 
--threads 16
NpuEmbeddings C++ runtime -- full encode
  bo-mode    host_only (data-buffer allocation)
  model      nomic-embed-text-v1.5: 150 tensors, 322.05 MB, checkpoint 9e7d262b1fe5ea35
  shape      nomic-ai/nomic-embed-text-v1.5: 12 layers, hidden 768, 12 heads x 64, ffn 3072, mean pooling
  designs    ONE xclbin, 16 streams (4 batch tiers), one hw_context
  datapath   bfp16-emulated MMAC, C as bf16
  toolchain  mlir_aie 1.4.2.dev16+g7e00b57, peano 21.0.0.2026080301+c9c5ecb7, mlir-aie HEAD 
7e00b57955e108fe9d8e9419f5828a0c7e650858
  shape      batch 128 x seq 64  (M = 8192)
  tiers      4, 16, 32, 128  (requests are right-sized, not padded)
  gelu       on the HOST (fp32) -- 12 fewer NPU dispatches
  softmax    on the HOST (fp32) -- 12 fewer NPU dispatches
  layernorm  on the HOST (fp32) -- 25 fewer NPU dispatches
  bo-align   last data buffer aligned to 65536 B
  weights    226.49 MB staged on the device once, not per call

  embedding rel_fro vs HF golden           4.845e-02
  worst 1 - cos vs HuggingFace             1.402e-03  (all 128 rows, 4 distinct sentences rotated across tile copies)

PASS -- tolerance 2e-03 on 1-cos, no Python in this process
-- throughput (4 lanes, contention guard ON)
--- command: "C:\Users\vegar\Documents\GitHub\NpuEmbeddings\runtime\build\npuembed.exe" 
C:\Users\vegar\Documents\GitHub\NpuEmbeddings --model nomic-embed-text-v1.5 --artifacts artifacts_nomic_bfp16 
--threads 24 --pipeline 4 --bench 5
NpuEmbeddings C++ runtime -- full encode
  bo-mode    host_only (data-buffer allocation)
  model      nomic-embed-text-v1.5: 150 tensors, 322.05 MB, checkpoint 9e7d262b1fe5ea35
  shape      nomic-ai/nomic-embed-text-v1.5: 12 layers, hidden 768, 12 heads x 64, ffn 3072, mean pooling
  designs    ONE xclbin, 16 streams (4 batch tiers), one hw_context
  datapath   bfp16-emulated MMAC, C as bf16
  toolchain  mlir_aie 1.4.2.dev16+g7e00b57, peano 21.0.0.2026080301+c9c5ecb7, mlir-aie HEAD 
7e00b57955e108fe9d8e9419f5828a0c7e650858
  shape      batch 128 x seq 64  (M = 8192)
  tiers      4, 16, 32, 128  (requests are right-sized, not padded)
  gelu       on the HOST (fp32) -- 12 fewer NPU dispatches
  softmax    on the HOST (fp32) -- 12 fewer NPU dispatches
  layernorm  on the HOST (fp32) -- 25 fewer NPU dispatches
  bo-align   last data buffer aligned to 131072 B
  weights    226.49 MB staged on the device once, not per call
  pipeline   4 concurrent encodes of 128, one NPU mutex, 6 host threads per lane
  npu        exclusive -- 8 hw_context(s), none Active but ours (C:\Windows\System32\AMD\xrt-smi.exe)

  5 pipelined groups of 4 x 128 sequences at seq 64
    wall  1956.51 ms   ->     261.7 seq/s
    cpu  14978.12 ms   ->      7.66 cores busy
    NPU dispatch+wait (serialized)  1616.59 ms   82.6%   192 dispatches/group
    p1 host work                  948.85 ms   48.5%   (conv 38.3  bias 498.1  attn 226.3  elt 186.2)
    p2 host work                  963.95 ms   49.3%   (conv 39.9  bias 522.8  attn 214.4  elt 186.8)
    p3 host work                  964.73 ms   49.3%   (conv 37.8  bias 524.8  attn 215.7  elt 186.5)
    p4 host work                  932.01 ms   47.6%   (conv 35.5  bias 483.3  attn 220.8  elt 192.4)
--- command: "C:\Users\vegar\Documents\GitHub\NpuEmbeddings\runtime\build\npuembed.exe" 
C:\Users\vegar\Documents\GitHub\NpuEmbeddings --model nomic-embed-text-v1.5 --artifacts artifacts_nomic_bfp16 
--threads 24 --pipeline 4 --bench 5
NpuEmbeddings C++ runtime -- full encode
  bo-mode    host_only (data-buffer allocation)
  model      nomic-embed-text-v1.5: 150 tensors, 322.05 MB, checkpoint 9e7d262b1fe5ea35
  shape      nomic-ai/nomic-embed-text-v1.5: 12 layers, hidden 768, 12 heads x 64, ffn 3072, mean pooling
  designs    ONE xclbin, 16 streams (4 batch tiers), one hw_context
  datapath   bfp16-emulated MMAC, C as bf16
  toolchain  mlir_aie 1.4.2.dev16+g7e00b57, peano 21.0.0.2026080301+c9c5ecb7, mlir-aie HEAD 
7e00b57955e108fe9d8e9419f5828a0c7e650858
  shape      batch 128 x seq 64  (M = 8192)
  tiers      4, 16, 32, 128  (requests are right-sized, not padded)
  gelu       on the HOST (fp32) -- 12 fewer NPU dispatches
  softmax    on the HOST (fp32) -- 12 fewer NPU dispatches
  layernorm  on the HOST (fp32) -- 25 fewer NPU dispatches
  bo-align   last data buffer aligned to 262144 B
  weights    226.49 MB staged on the device once, not per call
  pipeline   4 concurrent encodes of 128, one NPU mutex, 6 host threads per lane
  npu        exclusive -- 8 hw_context(s), none Active but ours (C:\Windows\System32\AMD\xrt-smi.exe)

  5 pipelined groups of 4 x 128 sequences at seq 64
    wall  1957.98 ms   ->     261.5 seq/s
    cpu  15040.62 ms   ->      7.68 cores busy
    NPU dispatch+wait (serialized)  1611.33 ms   82.3%   192 dispatches/group
    p1 host work                  962.60 ms   49.2%   (conv 37.9  bias 522.6  attn 220.2  elt 181.9)
    p2 host work                  933.54 ms   47.7%   (conv 37.9  bias 495.9  attn 212.2  elt 187.6)
    p3 host work                  954.39 ms   48.7%   (conv 36.1  bias 509.5  attn 222.6  elt 186.1)
    p4 host work                  951.22 ms   48.6%   (conv 37.5  bias 514.8  attn 218.2  elt 180.7)
--- command: "C:\Users\vegar\Documents\GitHub\NpuEmbeddings\runtime\build\npuembed.exe" 
C:\Users\vegar\Documents\GitHub\NpuEmbeddings --model nomic-embed-text-v1.5 --artifacts artifacts_nomic_bfp16 
--threads 24 --pipeline 4 --bench 5
NpuEmbeddings C++ runtime -- full encode
  bo-mode    host_only (data-buffer allocation)
  model      nomic-embed-text-v1.5: 150 tensors, 322.05 MB, checkpoint 9e7d262b1fe5ea35
  shape      nomic-ai/nomic-embed-text-v1.5: 12 layers, hidden 768, 12 heads x 64, ffn 3072, mean pooling
  designs    ONE xclbin, 16 streams (4 batch tiers), one hw_context
  datapath   bfp16-emulated MMAC, C as bf16
  toolchain  mlir_aie 1.4.2.dev16+g7e00b57, peano 21.0.0.2026080301+c9c5ecb7, mlir-aie HEAD 
7e00b57955e108fe9d8e9419f5828a0c7e650858
  shape      batch 128 x seq 64  (M = 8192)
  tiers      4, 16, 32, 128  (requests are right-sized, not padded)
  gelu       on the HOST (fp32) -- 12 fewer NPU dispatches
  softmax    on the HOST (fp32) -- 12 fewer NPU dispatches
  layernorm  on the HOST (fp32) -- 25 fewer NPU dispatches
  bo-align   last data buffer aligned to 262144 B
  weights    226.49 MB staged on the device once, not per call
  pipeline   4 concurrent encodes of 128, one NPU mutex, 6 host threads per lane
  npu        exclusive -- 8 hw_context(s), none Active but ours (C:\Windows\System32\AMD\xrt-smi.exe)

  5 pipelined groups of 4 x 128 sequences at seq 64
    wall  1957.12 ms   ->     261.6 seq/s
    cpu  14434.38 ms   ->      7.38 cores busy
    NPU dispatch+wait (serialized)  1611.50 ms   82.3%   192 dispatches/group
    p1 host work                  905.50 ms   46.3%   (conv 35.9  bias 479.1  attn 207.7  elt 182.8)
    p2 host work                  944.71 ms   48.3%   (conv 36.6  bias 504.8  attn 213.2  elt 190.1)
    p3 host work                  921.93 ms   47.1%   (conv 34.9  bias 496.8  attn 211.8  elt 178.4)
    p4 host work                  935.26 ms   47.8%   (conv 35.8  bias 502.5  attn 218.8  elt 178.2)
-- interleaved CPU ratio (8 rounds)
--- command: "C:\Users\vegar\Documents\GitHub\NpuEmbeddings\.venv-ref\Scripts\python.exe" -u 
C:\Users\vegar\Documents\GitHub\NpuEmbeddings\experiments\m8-npu-vs-cpu\compare_three.py --model nomic-embed-text-v1.5 
--artifacts artifacts_nomic_bfp16 --rounds 8 --threads 24 --pipeline 4 --out 
C:\Users\vegar\Documents\GitHub\NpuEmbeddings\tasks\0119-release-sweep-040\interleaved-nomic-embed-text-v1.5.json
  task prefix (all three sides): 'search_document: '
Warning: You are sending unauthenticated requests to the HF Hub. Please set a HF_TOKEN to enable higher rate limits 
and faster downloads.
<All keys matched successfully>
model nomic-embed-text-v1.5, batch 128, seq 64, mean pooling
  machine: Online / NoSystemBattery / Power Scheme GUID: 381b4222-f694-41f0-9685-ff5bb260df2e  (Balanced)
  torch threads 12, ORT intra_op 12, NPU 24 threads / 4 lanes
  interleaved, 8 rounds, MEAN reported on every side

[transformers] Detected the usage of `get_extended_attention_mask`: This function is deprecated and will be removed in 
v5.12.0. Please use the new API in `transformers.masking_utils`
  round 1:  torch    74.7   ort    45.6   npu   261.7 seq/s
  round 2:  torch    75.3   ort    46.2   npu   261.7 seq/s
  round 3:  torch    75.3   ort    45.5   npu   261.1 seq/s
  round 4:  torch    74.0   ort    45.7   npu   261.3 seq/s
  round 5:  torch    75.5   ort    46.1   npu   261.0 seq/s
  round 6:  torch    74.6   ort    46.0   npu   260.5 seq/s
  round 7:  torch    75.9   ort    45.6   npu   260.3 seq/s
  round 8:  torch    75.8   ort    45.5   npu   260.9 seq/s

  torch        all    75.1   steady(last 4)    75.4   range    74.0-   75.9 seq/s
  onnxruntime  all    45.8   steady(last 4)    45.8   range    45.5-   46.2 seq/s
  npu          all   261.1   steady(last 4)   260.7   range   260.3-  261.7 seq/s

  strongest CPU baseline: torch at 75.4 seq/s
  NPU / strongest CPU   : 3.455x  (steady state, both sides)
wrote tasks\0119-release-sweep-040\interleaved-nomic-embed-text-v1.5.json

############ embeddinggemma-300m ############
-- accuracy (golden check)
--- command: "C:\Users\vegar\Documents\GitHub\NpuEmbeddings\runtime\build\npuembed.exe" 
C:\Users\vegar\Documents\GitHub\NpuEmbeddings --model embeddinggemma-300m --artifacts artifacts_gemma_bfp16 --embed 
C:\Users\vegar\Documents\GitHub\NpuEmbeddings\tasks\0074-m13-gemma-on-npu\corpus.txt 
C:\Users\vegar\Documents\GitHub\NpuEmbeddings\tasks\0119-release-sweep-040\accuracy-embeddinggemma-300m.f32 --threads 
24 --pipeline 4
error: this model has task prefixes and one must be named: pass --prefix with one of [BitextMining, Classification, 
Clustering, InstructionRetrieval, MultilabelClassification, PairClassification, Reranking, Retrieval, 
Retrieval-document, Retrieval-query, STS, Summarization, document, query], or --prefix "" for no prefix at all. 
Refusing to pick one for you -- a wrongly-prefixed embedding is correctly shaped and correctly normed, so nothing 
downstream can tell that the answer is wrong.
NpuEmbeddings C++ runtime -- EmbeddingGemma (arch=1)
  model      C:\Users\vegar\Documents\GitHub\NpuEmbeddings\models\embeddinggemma-300m.npue
  hidden     768, tokenizer 262144 tokens
  path       NPU -- 4 GEMMs/layer x 24 layers = 96 dispatches, ONE xclbin, one hw_context
  designs    C:\Users\vegar\Documents\GitHub\NpuEmbeddings/runtime/artifacts_gemma_bfp16  (16 streams, 4 batch tiers)
  datapath   bfp16-emulated MMAC, C as bf16
  toolchain  mlir_aie 1.4.2.dev16+g7e00b57, peano 21.0.0.2026080301+c9c5ecb7, mlir-aie HEAD 
7e00b57955e108fe9d8e9419f5828a0c7e650858
  qkv        N=1536  (q[0,768) k[768,1024) v[1024,1280), 256 zero-padded cols)
  staged     212.3 MB of tiled bf16 weights on the device
  host       RMSNorm x97, RoPE, GeGLU, MQA attention (2.3% of MACs)
--- command: "C:\Users\vegar\Documents\GitHub\NpuEmbeddings\.venv-ref\Scripts\python.exe" -u 
C:\Users\vegar\Documents\GitHub\NpuEmbeddings\tools\verify_gemma_npu_encode.py --npu 
C:\Users\vegar\Documents\GitHub\NpuEmbeddings\tasks\0119-release-sweep-040\accuracy-embeddinggemma-300m.f32 --cpu 
C:\Users\vegar\Documents\GitHub\NpuEmbeddings\tasks\0074-m13-gemma-on-npu\out_cpu.f32
Traceback (most recent call last):
  File "C:\Users\vegar\Documents\GitHub\NpuEmbeddings\tools\verify_gemma_npu_encode.py", line 113, in <module>
    sys.exit(main())
             ~~~~^^
  File "C:\Users\vegar\Documents\GitHub\NpuEmbeddings\tools\verify_gemma_npu_encode.py", line 56, in main
    a = load(args.npu, args.hidden)
  File "C:\Users\vegar\Documents\GitHub\NpuEmbeddings\tools\verify_gemma_npu_encode.py", line 37, in load
    v = np.fromfile(path, dtype=np.float32)
FileNotFoundError: [Errno 2] No such file or directory: 
'C:\\Users\\vegar\\Documents\\GitHub\\NpuEmbeddings\\tasks\\0119-release-sweep-040\\accuracy-embeddinggemma-300m.f32'
-- throughput (4 lanes, contention guard ON)
--- command: "C:\Users\vegar\Documents\GitHub\NpuEmbeddings\runtime\build\npuembed.exe" 
C:\Users\vegar\Documents\GitHub\NpuEmbeddings --model embeddinggemma-300m --artifacts artifacts_gemma_bfp16 --embed 
C:\Users\vegar\Documents\GitHub\NpuEmbeddings\tasks\0074-m13-gemma-on-npu\corpus_520.txt --threads 24 --pipeline 4 
--guard-contention
error: this model has task prefixes and one must be named: pass --prefix with one of [BitextMining, Classification, 
Clustering, InstructionRetrieval, MultilabelClassification, PairClassification, Reranking, Retrieval, 
Retrieval-document, Retrieval-query, STS, Summarization, document, query], or --prefix "" for no prefix at all. 
Refusing to pick one for you -- a wrongly-prefixed embedding is correctly shaped and correctly normed, so nothing 
downstream can tell that the answer is wrong.
NpuEmbeddings C++ runtime -- EmbeddingGemma (arch=1)
  model      C:\Users\vegar\Documents\GitHub\NpuEmbeddings\models\embeddinggemma-300m.npue
  npu        exclusive -- 7 hw_context(s), none Active but ours (C:\Windows\System32\AMD\xrt-smi.exe)
  hidden     768, tokenizer 262144 tokens
  path       NPU -- 4 GEMMs/layer x 24 layers = 96 dispatches, ONE xclbin, one hw_context
  designs    C:\Users\vegar\Documents\GitHub\NpuEmbeddings/runtime/artifacts_gemma_bfp16  (16 streams, 4 batch tiers)
  datapath   bfp16-emulated MMAC, C as bf16
  toolchain  mlir_aie 1.4.2.dev16+g7e00b57, peano 21.0.0.2026080301+c9c5ecb7, mlir-aie HEAD 
7e00b57955e108fe9d8e9419f5828a0c7e650858
  qkv        N=1536  (q[0,768) k[768,1024) v[1024,1280), 256 zero-padded cols)
  staged     212.3 MB of tiled bf16 weights on the device
  host       RMSNorm x97, RoPE, GeGLU, MQA attention (2.3% of MACs)
  REFUSED (exit 2) -- contention guard. NOT retrying with --allow-contention.
-- interleaved CPU ratio (8 rounds)
--- command: "C:\Users\vegar\Documents\GitHub\NpuEmbeddings\.venv-ref\Scripts\python.exe" -u 
C:\Users\vegar\Documents\GitHub\NpuEmbeddings\experiments\m8-npu-vs-cpu\compare_three.py --model embeddinggemma-300m 
--artifacts artifacts_gemma_bfp16 --rounds 8 --threads 24 --pipeline 4 --out 
C:\Users\vegar\Documents\GitHub\NpuEmbeddings\tasks\0119-release-sweep-040\interleaved-embeddinggemma-300m.json
  task prefix (all three sides): 'title: none | text: '  [NPU side applies it in-process]

Loading weights:   0%|          | 0/314 [00:00<?, ?it/s]
Loading weights: 100%|â–ˆâ–ˆâ–ˆâ–ˆâ–ˆâ–ˆâ–ˆâ–ˆâ–ˆâ–ˆ| 314/314 [00:00<00:00, 3270.36it/s]

Loading weights:   0%|          | 0/314 [00:00<?, ?it/s]
Loading weights: 100%|â–ˆâ–ˆâ–ˆâ–ˆâ–ˆâ–ˆâ–ˆâ–ˆâ–ˆâ–ˆ| 314/314 [00:00<00:00, 9296.79it/s]
C:\Users\vegar\Documents\GitHub\NpuEmbeddings\.venv-ref\Lib\site-packages\transformers\cache_utils.py:215: 
TracerWarning: torch.tensor results are registered as constants in the trace. You can safely ignore this warning if 
you use this function to create tensors out of constant variables that would be the same every time you call this 
function. In any other case, this might cause the trace to be incorrect.
  self._sliding_window_tensor = torch.tensor(self.sliding_window, dtype=torch.long)
C:\Users\vegar\Documents\GitHub\NpuEmbeddings\.venv-ref\Lib\site-packages\transformers\masking_utils.py:212: 
TracerWarning: Converting a tensor to a Python boolean might cause the trace to be incorrect. We can't record the data 
flow of Python values, so this value will be treated as a constant in the future. This means that the trace might not 
generalize to other inputs!
  if (padding_length := kv_length + kv_offset - attention_mask.shape[-1]) > 0:
  ONNX Runtime side UNAVAILABLE for embeddinggemma-300m: RuntimeError: invalid unordered_map<K, T> key
  -> the CPU baseline for this model is torch alone, and the ratio below says so.
model embeddinggemma-300m, batch 128, seq 64, mean pooling
  machine: Online / NoSystemBattery / Power Scheme GUID: 381b4222-f694-41f0-9685-ff5bb260df2e  (Balanced)
  torch threads 12, ORT intra_op 12, NPU 24 threads / 4 lanes
  interleaved, 8 rounds, MEAN reported on every side

  round 1:  torch    83.5   ort      --   npu   106.0 seq/s
  round 2:  torch    84.0   ort      --   npu   105.5 seq/s
  round 3:  torch    84.4   ort      --   npu   107.5 seq/s
  round 4:  torch    83.0   ort      --   npu   107.3 seq/s
  round 5:  torch    83.1   ort      --   npu   105.5 seq/s
  round 6:  torch    84.3   ort      --   npu   107.0 seq/s
  round 7:  torch    85.2   ort      --   npu   104.9 seq/s
  round 8:  torch    84.5   ort      --   npu   106.5 seq/s

  torch        all    84.0   steady(last 4)    84.3   range    83.0-   85.2 seq/s
  npu          all   106.3   steady(last 4)   106.0   range   104.9-  107.5 seq/s

  ONNX Runtime NOT measured for this model (RuntimeError: invalid unordered_map<K, T> key) -- the baseline below is 
torch alone, which tasks/0040 measured as the stronger of the two anyway.
  strongest CPU baseline: torch at 84.3 seq/s
  NPU / strongest CPU   : 1.258x  (steady state, both sides)
wrote tasks\0119-release-sweep-040\interleaved-embeddinggemma-300m.json

############ all-MiniLM-L6-v2.int8 ############
-- accuracy (golden check)
--- command: "C:\Users\vegar\Documents\GitHub\NpuEmbeddings\runtime\build\npuembed.exe" 
C:\Users\vegar\Documents\GitHub\NpuEmbeddings --model all-MiniLM-L6-v2.int8 --artifacts artifacts_int8c_mini --threads 
16
  fixtures   all-MiniLM-L6-v2 (matched by checkpoint sha, not by name)
NpuEmbeddings C++ runtime -- full encode
  bo-mode    host_only (data-buffer allocation)
  model      all-MiniLM-L6-v2.int8: 126 tensors, 58.65 MB, checkpoint 53aa51172d142c89
  shape      sentence-transformers/all-MiniLM-L6-v2: 6 layers, hidden 384, 12 heads x 32, ffn 1536, mean pooling
  designs    ONE xclbin, 16 streams (4 batch tiers), one hw_context
  datapath   UNRECORDED (design predates tasks/0104), C as bf16
  toolchain  UNRECORDED (design predates tasks/0106)
  shape      batch 128 x seq 64  (M = 8192)
  tiers      4, 16, 32, 128  (requests are right-sized, not padded)
  gelu       on the HOST (fp32) -- 6 fewer NPU dispatches
  softmax    on the HOST (fp32) -- 6 fewer NPU dispatches
  layernorm  on the HOST (fp32) -- 13 fewer NPU dispatches
  bo-align   last data buffer aligned to 65536 B
  weights    10.62 MB staged on the device once, not per call

  embedding rel_fro vs HF golden           4.587e-02
  worst 1 - cos vs HuggingFace             1.161e-03  (all 128 rows, 4 distinct sentences rotated across tile copies)

PASS -- tolerance 2e-03 on 1-cos, no Python in this process
-- throughput (4 lanes, contention guard ON)
--- command: "C:\Users\vegar\Documents\GitHub\NpuEmbeddings\runtime\build\npuembed.exe" 
C:\Users\vegar\Documents\GitHub\NpuEmbeddings --model all-MiniLM-L6-v2.int8 --artifacts artifacts_int8c_mini --threads 
24 --pipeline 4 --bench 5
  fixtures   all-MiniLM-L6-v2 (matched by checkpoint sha, not by name)
NpuEmbeddings C++ runtime -- full encode
  bo-mode    host_only (data-buffer allocation)
  model      all-MiniLM-L6-v2.int8: 126 tensors, 58.65 MB, checkpoint 53aa51172d142c89
  shape      sentence-transformers/all-MiniLM-L6-v2: 6 layers, hidden 384, 12 heads x 32, ffn 1536, mean pooling
  designs    ONE xclbin, 16 streams (4 batch tiers), one hw_context
  datapath   UNRECORDED (design predates tasks/0104), C as bf16
  toolchain  UNRECORDED (design predates tasks/0106)
  shape      batch 128 x seq 64  (M = 8192)
  tiers      4, 16, 32, 128  (requests are right-sized, not padded)
  gelu       on the HOST (fp32) -- 6 fewer NPU dispatches
  softmax    on the HOST (fp32) -- 6 fewer NPU dispatches
  layernorm  on the HOST (fp32) -- 13 fewer NPU dispatches
  bo-align   last data buffer aligned to 262144 B
  weights    10.62 MB staged on the device once, not per call
  pipeline   4 concurrent encodes of 128, one NPU mutex, 6 host threads per lane
  npu        exclusive -- 8 hw_context(s), none Active but ours (C:\Windows\System32\AMD\xrt-smi.exe)

  5 pipelined groups of 4 x 128 sequences at seq 64
    wall   301.41 ms   ->    1698.7 seq/s
    cpu   3400.00 ms   ->     11.28 cores busy
    NPU dispatch+wait (serialized)   177.03 ms   58.7%   96 dispatches/group
    p1 host work                  182.26 ms   60.5%   (conv 8.1  bias 48.2  attn 81.0  elt 45.0)
    p2 host work                  178.54 ms   59.2%   (conv 6.9  bias 47.5  attn 77.5  elt 46.6)
    p3 host work                  176.77 ms   58.6%   (conv 7.1  bias 48.8  attn 76.7  elt 44.2)
    p4 host work                  181.47 ms   60.2%   (conv 8.3  bias 46.8  attn 81.2  elt 45.2)
--- command: "C:\Users\vegar\Documents\GitHub\NpuEmbeddings\runtime\build\npuembed.exe" 
C:\Users\vegar\Documents\GitHub\NpuEmbeddings --model all-MiniLM-L6-v2.int8 --artifacts artifacts_int8c_mini --threads 
24 --pipeline 4 --bench 5
  fixtures   all-MiniLM-L6-v2 (matched by checkpoint sha, not by name)
NpuEmbeddings C++ runtime -- full encode
  bo-mode    host_only (data-buffer allocation)
  model      all-MiniLM-L6-v2.int8: 126 tensors, 58.65 MB, checkpoint 53aa51172d142c89
  shape      sentence-transformers/all-MiniLM-L6-v2: 6 layers, hidden 384, 12 heads x 32, ffn 1536, mean pooling
  designs    ONE xclbin, 16 streams (4 batch tiers), one hw_context
  datapath   UNRECORDED (design predates tasks/0104), C as bf16
  toolchain  UNRECORDED (design predates tasks/0106)
  shape      batch 128 x seq 64  (M = 8192)
  tiers      4, 16, 32, 128  (requests are right-sized, not padded)
  gelu       on the HOST (fp32) -- 6 fewer NPU dispatches
  softmax    on the HOST (fp32) -- 6 fewer NPU dispatches
  layernorm  on the HOST (fp32) -- 13 fewer NPU dispatches
  bo-align   last data buffer aligned to 65536 B
  weights    10.62 MB staged on the device once, not per call
  pipeline   4 concurrent encodes of 128, one NPU mutex, 6 host threads per lane
  npu        exclusive -- 8 hw_context(s), none Active but ours (C:\Windows\System32\AMD\xrt-smi.exe)

  5 pipelined groups of 4 x 128 sequences at seq 64
    wall   300.17 ms   ->    1705.7 seq/s
    cpu   3278.12 ms   ->     10.92 cores busy
    NPU dispatch+wait (serialized)   174.32 ms   58.1%   96 dispatches/group
    p1 host work                  178.49 ms   59.5%   (conv 7.3  bias 47.4  attn 80.0  elt 43.8)
    p2 host work                  179.50 ms   59.8%   (conv 7.4  bias 46.6  attn 81.4  elt 44.1)
    p3 host work                  174.64 ms   58.2%   (conv 7.1  bias 44.6  attn 76.2  elt 46.8)
    p4 host work                  174.59 ms   58.2%   (conv 7.3  bias 45.9  attn 75.6  elt 45.7)
--- command: "C:\Users\vegar\Documents\GitHub\NpuEmbeddings\runtime\build\npuembed.exe" 
C:\Users\vegar\Documents\GitHub\NpuEmbeddings --model all-MiniLM-L6-v2.int8 --artifacts artifacts_int8c_mini --threads 
24 --pipeline 4 --bench 5
  fixtures   all-MiniLM-L6-v2 (matched by checkpoint sha, not by name)
NpuEmbeddings C++ runtime -- full encode
  bo-mode    host_only (data-buffer allocation)
  model      all-MiniLM-L6-v2.int8: 126 tensors, 58.65 MB, checkpoint 53aa51172d142c89
  shape      sentence-transformers/all-MiniLM-L6-v2: 6 layers, hidden 384, 12 heads x 32, ffn 1536, mean pooling
  designs    ONE xclbin, 16 streams (4 batch tiers), one hw_context
  datapath   UNRECORDED (design predates tasks/0104), C as bf16
  toolchain  UNRECORDED (design predates tasks/0106)
  shape      batch 128 x seq 64  (M = 8192)
  tiers      4, 16, 32, 128  (requests are right-sized, not padded)
  gelu       on the HOST (fp32) -- 6 fewer NPU dispatches
  softmax    on the HOST (fp32) -- 6 fewer NPU dispatches
  layernorm  on the HOST (fp32) -- 13 fewer NPU dispatches
  bo-align   last data buffer aligned to 65536 B
  weights    10.62 MB staged on the device once, not per call
  pipeline   4 concurrent encodes of 128, one NPU mutex, 6 host threads per lane
  npu        exclusive -- 8 hw_context(s), none Active but ours (C:\Windows\System32\AMD\xrt-smi.exe)

  5 pipelined groups of 4 x 128 sequences at seq 64
    wall   300.59 ms   ->    1703.3 seq/s
    cpu   3115.62 ms   ->     10.37 cores busy
    NPU dispatch+wait (serialized)   172.38 ms   57.3%   96 dispatches/group
    p1 host work                  176.99 ms   58.9%   (conv 7.0  bias 45.1  attn 80.6  elt 44.2)
    p2 host work                  175.91 ms   58.5%   (conv 7.4  bias 47.6  attn 74.5  elt 46.4)
    p3 host work                  179.17 ms   59.6%   (conv 8.0  bias 47.1  attn 78.8  elt 45.2)
    p4 host work                  173.27 ms   57.6%   (conv 7.5  bias 45.1  attn 75.4  elt 45.3)
-- interleaved CPU ratio (8 rounds)
--- command: "C:\Users\vegar\Documents\GitHub\NpuEmbeddings\.venv-ref\Scripts\python.exe" -u 
C:\Users\vegar\Documents\GitHub\NpuEmbeddings\experiments\m8-npu-vs-cpu\compare_three.py --model all-MiniLM-L6-v2.int8 
--artifacts artifacts_int8c_mini --rounds 8 --threads 24 --pipeline 4 --out 
C:\Users\vegar\Documents\GitHub\NpuEmbeddings\tasks\0119-release-sweep-040\interleaved-all-MiniLM-L6-v2.int8.json
Traceback (most recent call last):
  File "C:\Users\vegar\Documents\GitHub\NpuEmbeddings\experiments\m8-npu-vs-cpu\compare_three.py", line 297, in 
<module>
    raise SystemExit(main())
                     ~~~~^^
  File "C:\Users\vegar\Documents\GitHub\NpuEmbeddings\experiments\m8-npu-vs-cpu\compare_three.py", line 83, in main
    mode = read_pooling(model_dir)
  File "C:\Users\vegar\Documents\GitHub\NpuEmbeddings\experiments\m8-npu-vs-cpu\bench_cpu_ort.py", line 47, in 
read_pooling
    c = json.loads(p.read_text(encoding="utf-8"))
                   ~~~~~~~~~~~^^^^^^^^^^^^^^^^^^
  File "C:\Users\vegar\.conda\envs\iron\Lib\pathlib\_local.py", line 546, in read_text
    return PathBase.read_text(self, encoding, errors, newline)
           ~~~~~~~~~~~~~~~~~~^^^^^^^^^^^^^^^^^^^^^^^^^^^^^^^^^
  File "C:\Users\vegar\.conda\envs\iron\Lib\pathlib\_abc.py", line 632, in read_text
    with self.open(mode='r', encoding=encoding, errors=errors, newline=newline) as f:
         ~~~~~~~~~^^^^^^^^^^^^^^^^^^^^^^^^^^^^^^^^^^^^^^^^^^^^^^^^^^^^^^^^^^^^^
  File "C:\Users\vegar\.conda\envs\iron\Lib\pathlib\_local.py", line 537, in open
    return io.open(self, mode, buffering, encoding, errors, newline)
           ~~~~~~~^^^^^^^^^^^^^^^^^^^^^^^^^^^^^^^^^^^^^^^^^^^^^^^^^^
FileNotFoundError: [Errno 2] No such file or directory: 
'C:\\Users\\vegar\\Documents\\GitHub\\NpuEmbeddings\\models\\all-MiniLM-L6-v2.int8\\1_Pooling\\config.json'

############ bge-small-en-v1.5.int8 ############
-- accuracy (golden check)
--- command: "C:\Users\vegar\Documents\GitHub\NpuEmbeddings\runtime\build\npuembed.exe" 
C:\Users\vegar\Documents\GitHub\NpuEmbeddings --model bge-small-en-v1.5.int8 --artifacts artifacts_int8c_mini 
--threads 16
  fixtures   bge-small-en-v1.5 (matched by checkpoint sha, not by name)
NpuEmbeddings C++ runtime -- full encode
  bo-mode    host_only (data-buffer allocation)
  model      bge-small-en-v1.5.int8: 246 tensors, 69.79 MB, checkpoint 3c9f31665447c891
  shape      BAAI/bge-small-en-v1.5: 12 layers, hidden 384, 12 heads x 32, ffn 1536, CLS pooling
  designs    ONE xclbin, 16 streams (4 batch tiers), one hw_context
  datapath   UNRECORDED (design predates tasks/0104), C as bf16
  toolchain  UNRECORDED (design predates tasks/0106)
  shape      batch 128 x seq 64  (M = 8192)
  tiers      4, 16, 32, 128  (requests are right-sized, not padded)
  gelu       on the HOST (fp32) -- 12 fewer NPU dispatches
  softmax    on the HOST (fp32) -- 12 fewer NPU dispatches
  layernorm  on the HOST (fp32) -- 25 fewer NPU dispatches
  bo-align   last data buffer aligned to 262144 B
  weights    21.23 MB staged on the device once, not per call

  embedding rel_fro vs HF golden           3.340e-02
  worst 1 - cos vs HuggingFace             6.385e-04  (all 128 rows, 4 distinct sentences rotated across tile copies)

PASS -- tolerance 2e-03 on 1-cos, no Python in this process
-- throughput (4 lanes, contention guard ON)
--- command: "C:\Users\vegar\Documents\GitHub\NpuEmbeddings\runtime\build\npuembed.exe" 
C:\Users\vegar\Documents\GitHub\NpuEmbeddings --model bge-small-en-v1.5.int8 --artifacts artifacts_int8c_mini 
--threads 24 --pipeline 4 --bench 5
  fixtures   bge-small-en-v1.5 (matched by checkpoint sha, not by name)
NpuEmbeddings C++ runtime -- full encode
  bo-mode    host_only (data-buffer allocation)
  model      bge-small-en-v1.5.int8: 246 tensors, 69.79 MB, checkpoint 3c9f31665447c891
  shape      BAAI/bge-small-en-v1.5: 12 layers, hidden 384, 12 heads x 32, ffn 1536, CLS pooling
  designs    ONE xclbin, 16 streams (4 batch tiers), one hw_context
  datapath   UNRECORDED (design predates tasks/0104), C as bf16
  toolchain  UNRECORDED (design predates tasks/0106)
  shape      batch 128 x seq 64  (M = 8192)
  tiers      4, 16, 32, 128  (requests are right-sized, not padded)
  gelu       on the HOST (fp32) -- 12 fewer NPU dispatches
  softmax    on the HOST (fp32) -- 12 fewer NPU dispatches
  layernorm  on the HOST (fp32) -- 25 fewer NPU dispatches
  bo-align   last data buffer aligned to 65536 B
  weights    21.23 MB staged on the device once, not per call
  pipeline   4 concurrent encodes of 128, one NPU mutex, 6 host threads per lane
  npu        exclusive -- 8 hw_context(s), none Active but ours (C:\Windows\System32\AMD\xrt-smi.exe)

  5 pipelined groups of 4 x 128 sequences at seq 64
    wall   589.54 ms   ->     868.5 seq/s
    cpu   6628.12 ms   ->     11.24 cores busy
    NPU dispatch+wait (serialized)   354.65 ms   60.2%   192 dispatches/group
    p1 host work                  369.24 ms   62.6%   (conv 15.1  bias 95.4  attn 164.3  elt 94.5)
    p2 host work                  361.78 ms   61.4%   (conv 15.9  bias 97.3  attn 158.0  elt 90.6)
    p3 host work                  363.25 ms   61.6%   (conv 15.3  bias 98.8  attn 157.2  elt 91.9)
    p4 host work                  367.06 ms   62.3%   (conv 14.6  bias 98.1  attn 157.7  elt 96.6)
--- command: "C:\Users\vegar\Documents\GitHub\NpuEmbeddings\runtime\build\npuembed.exe" 
C:\Users\vegar\Documents\GitHub\NpuEmbeddings --model bge-small-en-v1.5.int8 --artifacts artifacts_int8c_mini 
--threads 24 --pipeline 4 --bench 5
  fixtures   bge-small-en-v1.5 (matched by checkpoint sha, not by name)
NpuEmbeddings C++ runtime -- full encode
  bo-mode    host_only (data-buffer allocation)
  model      bge-small-en-v1.5.int8: 246 tensors, 69.79 MB, checkpoint 3c9f31665447c891
  shape      BAAI/bge-small-en-v1.5: 12 layers, hidden 384, 12 heads x 32, ffn 1536, CLS pooling
  designs    ONE xclbin, 16 streams (4 batch tiers), one hw_context
  datapath   UNRECORDED (design predates tasks/0104), C as bf16
  toolchain  UNRECORDED (design predates tasks/0106)
  shape      batch 128 x seq 64  (M = 8192)
  tiers      4, 16, 32, 128  (requests are right-sized, not padded)
  gelu       on the HOST (fp32) -- 12 fewer NPU dispatches
  softmax    on the HOST (fp32) -- 12 fewer NPU dispatches
  layernorm  on the HOST (fp32) -- 25 fewer NPU dispatches
  bo-align   last data buffer aligned to 65536 B
  weights    21.23 MB staged on the device once, not per call
  pipeline   4 concurrent encodes of 128, one NPU mutex, 6 host threads per lane
  npu        exclusive -- 8 hw_context(s), none Active but ours (C:\Windows\System32\AMD\xrt-smi.exe)

  5 pipelined groups of 4 x 128 sequences at seq 64
    wall   589.46 ms   ->     868.6 seq/s
    cpu   6493.75 ms   ->     11.02 cores busy
    NPU dispatch+wait (serialized)   354.22 ms   60.1%   192 dispatches/group
    p1 host work                  366.69 ms   62.2%   (conv 14.6  bias 102.1  attn 157.9  elt 92.1)
    p2 host work                  366.38 ms   62.2%   (conv 15.9  bias 101.0  attn 159.4  elt 90.1)
    p3 host work                  362.66 ms   61.5%   (conv 15.0  bias 97.5  attn 160.8  elt 89.3)
    p4 host work                  364.06 ms   61.8%   (conv 14.8  bias 100.9  attn 158.0  elt 90.3)
--- command: "C:\Users\vegar\Documents\GitHub\NpuEmbeddings\runtime\build\npuembed.exe" 
C:\Users\vegar\Documents\GitHub\NpuEmbeddings --model bge-small-en-v1.5.int8 --artifacts artifacts_int8c_mini 
--threads 24 --pipeline 4 --bench 5
  fixtures   bge-small-en-v1.5 (matched by checkpoint sha, not by name)
NpuEmbeddings C++ runtime -- full encode
  bo-mode    host_only (data-buffer allocation)
  model      bge-small-en-v1.5.int8: 246 tensors, 69.79 MB, checkpoint 3c9f31665447c891
  shape      BAAI/bge-small-en-v1.5: 12 layers, hidden 384, 12 heads x 32, ffn 1536, CLS pooling
  designs    ONE xclbin, 16 streams (4 batch tiers), one hw_context
  datapath   UNRECORDED (design predates tasks/0104), C as bf16
  toolchain  UNRECORDED (design predates tasks/0106)
  shape      batch 128 x seq 64  (M = 8192)
  tiers      4, 16, 32, 128  (requests are right-sized, not padded)
  gelu       on the HOST (fp32) -- 12 fewer NPU dispatches
  softmax    on the HOST (fp32) -- 12 fewer NPU dispatches
  layernorm  on the HOST (fp32) -- 25 fewer NPU dispatches
  bo-align   last data buffer aligned to 131072 B
  weights    21.23 MB staged on the device once, not per call
  pipeline   4 concurrent encodes of 128, one NPU mutex, 6 host threads per lane
  npu        exclusive -- 8 hw_context(s), none Active but ours (C:\Windows\System32\AMD\xrt-smi.exe)

  5 pipelined groups of 4 x 128 sequences at seq 64
    wall   589.46 ms   ->     868.6 seq/s
    cpu   6771.88 ms   ->     11.49 cores busy
    NPU dispatch+wait (serialized)   352.12 ms   59.7%   192 dispatches/group
    p1 host work                  365.24 ms   62.0%   (conv 15.7  bias 97.4  attn 160.5  elt 91.7)
    p2 host work                  366.71 ms   62.2%   (conv 15.1  bias 99.2  attn 158.3  elt 94.1)
    p3 host work                  369.14 ms   62.6%   (conv 15.0  bias 103.2  attn 160.4  elt 90.5)
    p4 host work                  359.02 ms   60.9%   (conv 13.4  bias 95.8  attn 156.1  elt 93.7)
-- interleaved CPU ratio (8 rounds)
--- command: "C:\Users\vegar\Documents\GitHub\NpuEmbeddings\.venv-ref\Scripts\python.exe" -u 
C:\Users\vegar\Documents\GitHub\NpuEmbeddings\experiments\m8-npu-vs-cpu\compare_three.py --model 
bge-small-en-v1.5.int8 --artifacts artifacts_int8c_mini --rounds 8 --threads 24 --pipeline 4 --out 
C:\Users\vegar\Documents\GitHub\NpuEmbeddings\tasks\0119-release-sweep-040\interleaved-bge-small-en-v1.5.int8.json
Traceback (most recent call last):
  File "C:\Users\vegar\Documents\GitHub\NpuEmbeddings\experiments\m8-npu-vs-cpu\compare_three.py", line 297, in 
<module>
    raise SystemExit(main())
                     ~~~~^^
  File "C:\Users\vegar\Documents\GitHub\NpuEmbeddings\experiments\m8-npu-vs-cpu\compare_three.py", line 83, in main
    mode = read_pooling(model_dir)
  File "C:\Users\vegar\Documents\GitHub\NpuEmbeddings\experiments\m8-npu-vs-cpu\bench_cpu_ort.py", line 47, in 
read_pooling
    c = json.loads(p.read_text(encoding="utf-8"))
                   ~~~~~~~~~~~^^^^^^^^^^^^^^^^^^
  File "C:\Users\vegar\.conda\envs\iron\Lib\pathlib\_local.py", line 546, in read_text
    return PathBase.read_text(self, encoding, errors, newline)
           ~~~~~~~~~~~~~~~~~~^^^^^^^^^^^^^^^^^^^^^^^^^^^^^^^^^
  File "C:\Users\vegar\.conda\envs\iron\Lib\pathlib\_abc.py", line 632, in read_text
    with self.open(mode='r', encoding=encoding, errors=errors, newline=newline) as f:
         ~~~~~~~~~^^^^^^^^^^^^^^^^^^^^^^^^^^^^^^^^^^^^^^^^^^^^^^^^^^^^^^^^^^^^^
  File "C:\Users\vegar\.conda\envs\iron\Lib\pathlib\_local.py", line 537, in open
    return io.open(self, mode, buffering, encoding, errors, newline)
           ~~~~~~~^^^^^^^^^^^^^^^^^^^^^^^^^^^^^^^^^^^^^^^^^^^^^^^^^^
FileNotFoundError: [Errno 2] No such file or directory: 
'C:\\Users\\vegar\\Documents\\GitHub\\NpuEmbeddings\\models\\bge-small-en-v1.5.int8\\1_Pooling\\config.json'

############ bge-base-en-v1.5.int8 ############
-- accuracy (golden check)
--- command: "C:\Users\vegar\Documents\GitHub\NpuEmbeddings\runtime\build\npuembed.exe" 
C:\Users\vegar\Documents\GitHub\NpuEmbeddings --model bge-base-en-v1.5.int8 --artifacts artifacts_int8c_base --threads 
16
  fixtures   bge-base-en-v1.5 (matched by checkpoint sha, not by name)
NpuEmbeddings C++ runtime -- full encode
  bo-mode    host_only (data-buffer allocation)
  model      bge-base-en-v1.5.int8: 246 tensors, 181.01 MB, checkpoint c7c1988aae201f80
  shape      BAAI/bge-base-en-v1.5: 12 layers, hidden 768, 12 heads x 64, ffn 3072, CLS pooling
  designs    ONE xclbin, 4 streams (1 batch tiers), one hw_context
  datapath   UNRECORDED (design predates tasks/0104), C as bf16
  toolchain  UNRECORDED (design predates tasks/0106)
  shape      batch 128 x seq 64  (M = 8192)
  tiers      128  (requests are right-sized, not padded)
  gelu       on the HOST (fp32) -- 12 fewer NPU dispatches
  softmax    on the HOST (fp32) -- 12 fewer NPU dispatches
  layernorm  on the HOST (fp32) -- 25 fewer NPU dispatches
  bo-align   last data buffer aligned to 2097152 B (>= 2 MB)
  weights    84.93 MB staged on the device once, not per call

  embedding rel_fro vs HF golden           5.766e-02
  worst 1 - cos vs HuggingFace             1.778e-03  (all 128 rows, 4 distinct sentences rotated across tile copies)

PASS -- tolerance 2e-03 on 1-cos, no Python in this process
-- throughput (4 lanes, contention guard ON)
--- command: "C:\Users\vegar\Documents\GitHub\NpuEmbeddings\runtime\build\npuembed.exe" 
C:\Users\vegar\Documents\GitHub\NpuEmbeddings --model bge-base-en-v1.5.int8 --artifacts artifacts_int8c_base --threads 
24 --pipeline 4 --bench 5
  fixtures   bge-base-en-v1.5 (matched by checkpoint sha, not by name)
NpuEmbeddings C++ runtime -- full encode
  bo-mode    host_only (data-buffer allocation)
  model      bge-base-en-v1.5.int8: 246 tensors, 181.01 MB, checkpoint c7c1988aae201f80
  shape      BAAI/bge-base-en-v1.5: 12 layers, hidden 768, 12 heads x 64, ffn 3072, CLS pooling
  designs    ONE xclbin, 4 streams (1 batch tiers), one hw_context
  datapath   UNRECORDED (design predates tasks/0104), C as bf16
  toolchain  UNRECORDED (design predates tasks/0106)
  shape      batch 128 x seq 64  (M = 8192)
  tiers      128  (requests are right-sized, not padded)
  gelu       on the HOST (fp32) -- 12 fewer NPU dispatches
  softmax    on the HOST (fp32) -- 12 fewer NPU dispatches
  layernorm  on the HOST (fp32) -- 25 fewer NPU dispatches
  bo-align   last data buffer aligned to 524288 B
  weights    84.93 MB staged on the device once, not per call
  pipeline   4 concurrent encodes of 128, one NPU mutex, 6 host threads per lane
  npu        exclusive -- 8 hw_context(s), none Active but ours (C:\Windows\System32\AMD\xrt-smi.exe)

  5 pipelined groups of 4 x 128 sequences at seq 64
    wall  1238.06 ms   ->     413.6 seq/s
    cpu  13906.25 ms   ->     11.23 cores busy
    NPU dispatch+wait (serialized)   882.06 ms   71.2%   192 dispatches/group
    p1 host work                  724.69 ms   58.5%   (conv 36.8  bias 238.2  attn 262.7  elt 187.0)
    p2 host work                  733.51 ms   59.2%   (conv 35.8  bias 242.7  attn 264.5  elt 190.4)
    p3 host work                  734.40 ms   59.3%   (conv 34.1  bias 245.6  attn 264.0  elt 190.7)
    p4 host work                  735.95 ms   59.4%   (conv 35.6  bias 249.8  attn 258.9  elt 191.7)
--- command: "C:\Users\vegar\Documents\GitHub\NpuEmbeddings\runtime\build\npuembed.exe" 
C:\Users\vegar\Documents\GitHub\NpuEmbeddings --model bge-base-en-v1.5.int8 --artifacts artifacts_int8c_base --threads 
24 --pipeline 4 --bench 5
  fixtures   bge-base-en-v1.5 (matched by checkpoint sha, not by name)
NpuEmbeddings C++ runtime -- full encode
  bo-mode    host_only (data-buffer allocation)
  model      bge-base-en-v1.5.int8: 246 tensors, 181.01 MB, checkpoint c7c1988aae201f80
  shape      BAAI/bge-base-en-v1.5: 12 layers, hidden 768, 12 heads x 64, ffn 3072, CLS pooling
  designs    ONE xclbin, 4 streams (1 batch tiers), one hw_context
  datapath   UNRECORDED (design predates tasks/0104), C as bf16
  toolchain  UNRECORDED (design predates tasks/0106)
  shape      batch 128 x seq 64  (M = 8192)
  tiers      128  (requests are right-sized, not padded)
  gelu       on the HOST (fp32) -- 12 fewer NPU dispatches
  softmax    on the HOST (fp32) -- 12 fewer NPU dispatches
  layernorm  on the HOST (fp32) -- 25 fewer NPU dispatches
  bo-align   last data buffer aligned to 131072 B
  weights    84.93 MB staged on the device once, not per call
  pipeline   4 concurrent encodes of 128, one NPU mutex, 6 host threads per lane
  npu        exclusive -- 8 hw_context(s), none Active but ours (C:\Windows\System32\AMD\xrt-smi.exe)

  5 pipelined groups of 4 x 128 sequences at seq 64
    wall  1242.35 ms   ->     412.1 seq/s
    cpu  14075.00 ms   ->     11.33 cores busy
    NPU dispatch+wait (serialized)   871.07 ms   70.1%   192 dispatches/group
    p1 host work                  717.22 ms   57.7%   (conv 34.4  bias 235.3  attn 264.8  elt 182.7)
    p2 host work                  716.84 ms   57.7%   (conv 34.8  bias 234.3  attn 261.1  elt 186.5)
    p3 host work                  711.31 ms   57.3%   (conv 34.8  bias 228.2  attn 263.5  elt 184.9)
    p4 host work                  718.40 ms   57.8%   (conv 33.1  bias 234.8  attn 267.2  elt 183.3)
--- command: "C:\Users\vegar\Documents\GitHub\NpuEmbeddings\runtime\build\npuembed.exe" 
C:\Users\vegar\Documents\GitHub\NpuEmbeddings --model bge-base-en-v1.5.int8 --artifacts artifacts_int8c_base --threads 
24 --pipeline 4 --bench 5
  fixtures   bge-base-en-v1.5 (matched by checkpoint sha, not by name)
NpuEmbeddings C++ runtime -- full encode
  bo-mode    host_only (data-buffer allocation)
  model      bge-base-en-v1.5.int8: 246 tensors, 181.01 MB, checkpoint c7c1988aae201f80
  shape      BAAI/bge-base-en-v1.5: 12 layers, hidden 768, 12 heads x 64, ffn 3072, CLS pooling
  designs    ONE xclbin, 4 streams (1 batch tiers), one hw_context
  datapath   UNRECORDED (design predates tasks/0104), C as bf16
  toolchain  UNRECORDED (design predates tasks/0106)
  shape      batch 128 x seq 64  (M = 8192)
  tiers      128  (requests are right-sized, not padded)
  gelu       on the HOST (fp32) -- 12 fewer NPU dispatches
  softmax    on the HOST (fp32) -- 12 fewer NPU dispatches
  layernorm  on the HOST (fp32) -- 25 fewer NPU dispatches
  bo-align   last data buffer aligned to 2097152 B (>= 2 MB)
  weights    84.93 MB staged on the device once, not per call
  pipeline   4 concurrent encodes of 128, one NPU mutex, 6 host threads per lane
  npu        exclusive -- 8 hw_context(s), none Active but ours (C:\Windows\System32\AMD\xrt-smi.exe)

  5 pipelined groups of 4 x 128 sequences at seq 64
    wall  1235.01 ms   ->     414.6 seq/s
    cpu  14240.62 ms   ->     11.53 cores busy
    NPU dispatch+wait (serialized)   880.36 ms   71.3%   192 dispatches/group
    p1 host work                  732.90 ms   59.3%   (conv 37.2  bias 247.3  attn 263.0  elt 185.3)
    p2 host work                  713.58 ms   57.8%   (conv 32.7  bias 237.8  attn 258.7  elt 184.5)
    p3 host work                  723.50 ms   58.6%   (conv 33.3  bias 235.1  attn 261.6  elt 193.5)
    p4 host work                  725.01 ms   58.7%   (conv 32.2  bias 237.7  attn 267.5  elt 187.6)
-- interleaved CPU ratio (8 rounds)
--- command: "C:\Users\vegar\Documents\GitHub\NpuEmbeddings\.venv-ref\Scripts\python.exe" -u 
C:\Users\vegar\Documents\GitHub\NpuEmbeddings\experiments\m8-npu-vs-cpu\compare_three.py --model bge-base-en-v1.5.int8 
--artifacts artifacts_int8c_base --rounds 8 --threads 24 --pipeline 4 --out 
C:\Users\vegar\Documents\GitHub\NpuEmbeddings\tasks\0119-release-sweep-040\interleaved-bge-base-en-v1.5.int8.json
Traceback (most recent call last):
  File "C:\Users\vegar\Documents\GitHub\NpuEmbeddings\experiments\m8-npu-vs-cpu\compare_three.py", line 297, in 
<module>
    raise SystemExit(main())
                     ~~~~^^
  File "C:\Users\vegar\Documents\GitHub\NpuEmbeddings\experiments\m8-npu-vs-cpu\compare_three.py", line 83, in main
    mode = read_pooling(model_dir)
  File "C:\Users\vegar\Documents\GitHub\NpuEmbeddings\experiments\m8-npu-vs-cpu\bench_cpu_ort.py", line 47, in 
read_pooling
    c = json.loads(p.read_text(encoding="utf-8"))
                   ~~~~~~~~~~~^^^^^^^^^^^^^^^^^^
  File "C:\Users\vegar\.conda\envs\iron\Lib\pathlib\_local.py", line 546, in read_text
    return PathBase.read_text(self, encoding, errors, newline)
           ~~~~~~~~~~~~~~~~~~^^^^^^^^^^^^^^^^^^^^^^^^^^^^^^^^^
  File "C:\Users\vegar\.conda\envs\iron\Lib\pathlib\_abc.py", line 632, in read_text
    with self.open(mode='r', encoding=encoding, errors=errors, newline=newline) as f:
         ~~~~~~~~~^^^^^^^^^^^^^^^^^^^^^^^^^^^^^^^^^^^^^^^^^^^^^^^^^^^^^^^^^^^^^
  File "C:\Users\vegar\.conda\envs\iron\Lib\pathlib\_local.py", line 537, in open
    return io.open(self, mode, buffering, encoding, errors, newline)
           ~~~~~~~^^^^^^^^^^^^^^^^^^^^^^^^^^^^^^^^^^^^^^^^^^^^^^^^^^
FileNotFoundError: [Errno 2] No such file or directory: 
'C:\\Users\\vegar\\Documents\\GitHub\\NpuEmbeddings\\models\\bge-base-en-v1.5.int8\\1_Pooling\\config.json'

############ bge-large-en-v1.5.int8n64 ############
-- accuracy (golden check)
--- command: "C:\Users\vegar\Documents\GitHub\NpuEmbeddings\runtime\build\npuembed.exe" 
C:\Users\vegar\Documents\GitHub\NpuEmbeddings --model bge-large-en-v1.5.int8n64 --artifacts artifacts_int8c_large_n64 
--threads 16
  fixtures   bge-large-en-v1.5 (matched by checkpoint sha, not by name)
NpuEmbeddings C++ runtime -- full encode
  bo-mode    host_only (data-buffer allocation)
  model      bge-large-en-v1.5.int8n64: 486 tensors, 431.16 MB, checkpoint 45e1954914e29bd7
  shape      BAAI/bge-large-en-v1.5: 24 layers, hidden 1024, 16 heads x 64, ffn 4096, CLS pooling
  designs    ONE xclbin, 4 streams (1 batch tiers), one hw_context
  datapath   UNRECORDED (design predates tasks/0104), C as bf16
  toolchain  UNRECORDED (design predates tasks/0106)
  shape      batch 128 x seq 64  (M = 8192)
  tiers      128  (requests are right-sized, not padded)
  gelu       on the HOST (fp32) -- 24 fewer NPU dispatches
  softmax    on the HOST (fp32) -- 24 fewer NPU dispatches
  layernorm  on the HOST (fp32) -- 49 fewer NPU dispatches
  bo-align   last data buffer aligned to 65536 B
  weights    301.99 MB staged on the device once, not per call

  embedding rel_fro vs HF golden           6.297e-02
  worst 1 - cos vs HuggingFace             2.968e-03  (all 128 rows, 4 distinct sentences rotated across tile copies)

FAIL -- tolerance 2e-03 on 1-cos, no Python in this process
-- throughput (4 lanes, contention guard ON)
--- command: "C:\Users\vegar\Documents\GitHub\NpuEmbeddings\runtime\build\npuembed.exe" 
C:\Users\vegar\Documents\GitHub\NpuEmbeddings --model bge-large-en-v1.5.int8n64 --artifacts artifacts_int8c_large_n64 
--threads 24 --pipeline 4 --bench 5
  fixtures   bge-large-en-v1.5 (matched by checkpoint sha, not by name)
NpuEmbeddings C++ runtime -- full encode
  bo-mode    host_only (data-buffer allocation)
  model      bge-large-en-v1.5.int8n64: 486 tensors, 431.16 MB, checkpoint 45e1954914e29bd7
  shape      BAAI/bge-large-en-v1.5: 24 layers, hidden 1024, 16 heads x 64, ffn 4096, CLS pooling
  designs    ONE xclbin, 4 streams (1 batch tiers), one hw_context
  datapath   UNRECORDED (design predates tasks/0104), C as bf16
  toolchain  UNRECORDED (design predates tasks/0106)
  shape      batch 128 x seq 64  (M = 8192)
  tiers      128  (requests are right-sized, not padded)
  gelu       on the HOST (fp32) -- 24 fewer NPU dispatches
  softmax    on the HOST (fp32) -- 24 fewer NPU dispatches
  layernorm  on the HOST (fp32) -- 49 fewer NPU dispatches
  bo-align   last data buffer aligned to 65536 B
  weights    301.99 MB staged on the device once, not per call
  pipeline   4 concurrent encodes of 128, one NPU mutex, 6 host threads per lane
  npu        exclusive -- 8 hw_context(s), none Active but ours (C:\Windows\System32\AMD\xrt-smi.exe)

  5 pipelined groups of 4 x 128 sequences at seq 64
    wall  3478.25 ms   ->     147.2 seq/s
    cpu  45218.75 ms   ->     13.00 cores busy
    NPU dispatch+wait (serialized)  2300.03 ms   66.1%   384 dispatches/group
    p1 host work                 2385.45 ms   68.6%   (conv 84.9  bias 721.1  attn 1060.9  elt 518.5)
    p2 host work                 2377.47 ms   68.4%   (conv 88.2  bias 709.6  attn 1052.1  elt 527.5)
    p3 host work                 2366.41 ms   68.0%   (conv 80.1  bias 704.9  attn 1047.2  elt 534.1)
    p4 host work                 2398.20 ms   68.9%   (conv 82.7  bias 688.3  attn 1106.6  elt 520.6)
--- command: "C:\Users\vegar\Documents\GitHub\NpuEmbeddings\runtime\build\npuembed.exe" 
C:\Users\vegar\Documents\GitHub\NpuEmbeddings --model bge-large-en-v1.5.int8n64 --artifacts artifacts_int8c_large_n64 
--threads 24 --pipeline 4 --bench 5
  fixtures   bge-large-en-v1.5 (matched by checkpoint sha, not by name)
NpuEmbeddings C++ runtime -- full encode
  bo-mode    host_only (data-buffer allocation)
  model      bge-large-en-v1.5.int8n64: 486 tensors, 431.16 MB, checkpoint 45e1954914e29bd7
  shape      BAAI/bge-large-en-v1.5: 24 layers, hidden 1024, 16 heads x 64, ffn 4096, CLS pooling
  designs    ONE xclbin, 4 streams (1 batch tiers), one hw_context
  datapath   UNRECORDED (design predates tasks/0104), C as bf16
  toolchain  UNRECORDED (design predates tasks/0106)
  shape      batch 128 x seq 64  (M = 8192)
  tiers      128  (requests are right-sized, not padded)
  gelu       on the HOST (fp32) -- 24 fewer NPU dispatches
  softmax    on the HOST (fp32) -- 24 fewer NPU dispatches
  layernorm  on the HOST (fp32) -- 49 fewer NPU dispatches
  bo-align   last data buffer aligned to 65536 B
  weights    301.99 MB staged on the device once, not per call
  pipeline   4 concurrent encodes of 128, one NPU mutex, 6 host threads per lane
  npu        exclusive -- 8 hw_context(s), none Active but ours (C:\Windows\System32\AMD\xrt-smi.exe)

  5 pipelined groups of 4 x 128 sequences at seq 64
    wall  3486.34 ms   ->     146.9 seq/s
    cpu  45756.25 ms   ->     13.12 cores busy
    NPU dispatch+wait (serialized)  2300.86 ms   66.0%   384 dispatches/group
    p1 host work                 2421.44 ms   69.5%   (conv 87.6  bias 715.0  attn 1093.3  elt 525.5)
    p2 host work                 2393.91 ms   68.7%   (conv 82.0  bias 711.2  attn 1071.3  elt 529.5)
    p3 host work                 2370.16 ms   68.0%   (conv 91.1  bias 717.5  attn 1049.1  elt 512.3)
    p4 host work                 2372.47 ms   68.1%   (conv 82.6  bias 701.3  attn 1064.2  elt 524.3)
--- command: "C:\Users\vegar\Documents\GitHub\NpuEmbeddings\runtime\build\npuembed.exe" 
C:\Users\vegar\Documents\GitHub\NpuEmbeddings --model bge-large-en-v1.5.int8n64 --artifacts artifacts_int8c_large_n64 
--threads 24 --pipeline 4 --bench 5
  fixtures   bge-large-en-v1.5 (matched by checkpoint sha, not by name)
NpuEmbeddings C++ runtime -- full encode
  bo-mode    host_only (data-buffer allocation)
  model      bge-large-en-v1.5.int8n64: 486 tensors, 431.16 MB, checkpoint 45e1954914e29bd7
  shape      BAAI/bge-large-en-v1.5: 24 layers, hidden 1024, 16 heads x 64, ffn 4096, CLS pooling
  designs    ONE xclbin, 4 streams (1 batch tiers), one hw_context
  datapath   UNRECORDED (design predates tasks/0104), C as bf16
  toolchain  UNRECORDED (design predates tasks/0106)
  shape      batch 128 x seq 64  (M = 8192)
  tiers      128  (requests are right-sized, not padded)
  gelu       on the HOST (fp32) -- 24 fewer NPU dispatches
  softmax    on the HOST (fp32) -- 24 fewer NPU dispatches
  layernorm  on the HOST (fp32) -- 49 fewer NPU dispatches
  bo-align   last data buffer aligned to 131072 B
  weights    301.99 MB staged on the device once, not per call
  pipeline   4 concurrent encodes of 128, one NPU mutex, 6 host threads per lane
  npu        exclusive -- 8 hw_context(s), none Active but ours (C:\Windows\System32\AMD\xrt-smi.exe)

  5 pipelined groups of 4 x 128 sequences at seq 64
    wall  3476.59 ms   ->     147.3 seq/s
    cpu  46159.38 ms   ->     13.28 cores busy
    NPU dispatch+wait (serialized)  2301.95 ms   66.2%   384 dispatches/group
    p1 host work                 2406.16 ms   69.2%   (conv 85.9  bias 711.1  attn 1073.3  elt 535.8)
    p2 host work                 2385.02 ms   68.6%   (conv 86.5  bias 713.9  attn 1062.6  elt 522.0)
    p3 host work                 2422.00 ms   69.7%   (conv 92.4  bias 724.6  attn 1084.3  elt 520.7)
    p4 host work                 2417.27 ms   69.5%   (conv 88.0  bias 730.9  attn 1083.2  elt 515.2)
-- interleaved CPU ratio (8 rounds)
--- command: "C:\Users\vegar\Documents\GitHub\NpuEmbeddings\.venv-ref\Scripts\python.exe" -u 
C:\Users\vegar\Documents\GitHub\NpuEmbeddings\experiments\m8-npu-vs-cpu\compare_three.py --model 
bge-large-en-v1.5.int8n64 --artifacts artifacts_int8c_large_n64 --rounds 8 --threads 24 --pipeline 4 --out 
C:\Users\vegar\Documents\GitHub\NpuEmbeddings\tasks\0119-release-sweep-040\interleaved-bge-large-en-v1.5.int8n64.json
Traceback (most recent call last):
  File "C:\Users\vegar\Documents\GitHub\NpuEmbeddings\experiments\m8-npu-vs-cpu\compare_three.py", line 297, in 
<module>
    raise SystemExit(main())
                     ~~~~^^
  File "C:\Users\vegar\Documents\GitHub\NpuEmbeddings\experiments\m8-npu-vs-cpu\compare_three.py", line 83, in main
    mode = read_pooling(model_dir)
  File "C:\Users\vegar\Documents\GitHub\NpuEmbeddings\experiments\m8-npu-vs-cpu\bench_cpu_ort.py", line 47, in 
read_pooling
    c = json.loads(p.read_text(encoding="utf-8"))
                   ~~~~~~~~~~~^^^^^^^^^^^^^^^^^^
  File "C:\Users\vegar\.conda\envs\iron\Lib\pathlib\_local.py", line 546, in read_text
    return PathBase.read_text(self, encoding, errors, newline)
           ~~~~~~~~~~~~~~~~~~^^^^^^^^^^^^^^^^^^^^^^^^^^^^^^^^^
  File "C:\Users\vegar\.conda\envs\iron\Lib\pathlib\_abc.py", line 632, in read_text
    with self.open(mode='r', encoding=encoding, errors=errors, newline=newline) as f:
         ~~~~~~~~~^^^^^^^^^^^^^^^^^^^^^^^^^^^^^^^^^^^^^^^^^^^^^^^^^^^^^^^^^^^^^
  File "C:\Users\vegar\.conda\envs\iron\Lib\pathlib\_local.py", line 537, in open
    return io.open(self, mode, buffering, encoding, errors, newline)
           ~~~~~~~^^^^^^^^^^^^^^^^^^^^^^^^^^^^^^^^^^^^^^^^^^^^^^^^^^
FileNotFoundError: [Errno 2] No such file or directory: 
'C:\\Users\\vegar\\Documents\\GitHub\\NpuEmbeddings\\models\\bge-large-en-v1.5.int8n64\\1_Pooling\\config.json'

############ nomic-embed-text-v1.5.int8 ############
-- accuracy (golden check)
--- command: "C:\Users\vegar\Documents\GitHub\NpuEmbeddings\runtime\build\npuembed.exe" 
C:\Users\vegar\Documents\GitHub\NpuEmbeddings --model nomic-embed-text-v1.5.int8 --artifacts artifacts_int8c_nomic 
--threads 16
  fixtures   nomic-embed-text-v1.5 (matched by checkpoint sha, not by name)
NpuEmbeddings C++ runtime -- full encode
  bo-mode    host_only (data-buffer allocation)
  model      nomic-embed-text-v1.5.int8: 246 tensors, 209.64 MB, checkpoint 9e7d262b1fe5ea35
  shape      nomic-ai/nomic-embed-text-v1.5: 12 layers, hidden 768, 12 heads x 64, ffn 3072, mean pooling
  designs    ONE xclbin, 4 streams (1 batch tiers), one hw_context
  datapath   UNRECORDED (design predates tasks/0104), C as bf16
  toolchain  UNRECORDED (design predates tasks/0106)
  shape      batch 128 x seq 64  (M = 8192)
  tiers      128  (requests are right-sized, not padded)
  gelu       on the HOST (fp32) -- 12 fewer NPU dispatches
  softmax    on the HOST (fp32) -- 12 fewer NPU dispatches
  layernorm  on the HOST (fp32) -- 25 fewer NPU dispatches
  bo-align   last data buffer aligned to 65536 B
  weights    113.25 MB staged on the device once, not per call

  embedding rel_fro vs HF golden           4.381e-02
  worst 1 - cos vs HuggingFace             1.098e-03  (all 128 rows, 4 distinct sentences rotated across tile copies)

PASS -- tolerance 2e-03 on 1-cos, no Python in this process
-- throughput (4 lanes, contention guard ON)
--- command: "C:\Users\vegar\Documents\GitHub\NpuEmbeddings\runtime\build\npuembed.exe" 
C:\Users\vegar\Documents\GitHub\NpuEmbeddings --model nomic-embed-text-v1.5.int8 --artifacts artifacts_int8c_nomic 
--threads 24 --pipeline 4 --bench 5
  fixtures   nomic-embed-text-v1.5 (matched by checkpoint sha, not by name)
NpuEmbeddings C++ runtime -- full encode
  bo-mode    host_only (data-buffer allocation)
  model      nomic-embed-text-v1.5.int8: 246 tensors, 209.64 MB, checkpoint 9e7d262b1fe5ea35
  shape      nomic-ai/nomic-embed-text-v1.5: 12 layers, hidden 768, 12 heads x 64, ffn 3072, mean pooling
  designs    ONE xclbin, 4 streams (1 batch tiers), one hw_context
  datapath   UNRECORDED (design predates tasks/0104), C as bf16
  toolchain  UNRECORDED (design predates tasks/0106)
  shape      batch 128 x seq 64  (M = 8192)
  tiers      128  (requests are right-sized, not padded)
  gelu       on the HOST (fp32) -- 12 fewer NPU dispatches
  softmax    on the HOST (fp32) -- 12 fewer NPU dispatches
  layernorm  on the HOST (fp32) -- 25 fewer NPU dispatches
  bo-align   last data buffer aligned to 65536 B
  weights    113.25 MB staged on the device once, not per call
  pipeline   4 concurrent encodes of 128, one NPU mutex, 6 host threads per lane
  npu        exclusive -- 8 hw_context(s), none Active but ours (C:\Windows\System32\AMD\xrt-smi.exe)

  5 pipelined groups of 4 x 128 sequences at seq 64
    wall  1569.13 ms   ->     326.3 seq/s
    cpu  15971.88 ms   ->     10.18 cores busy
    NPU dispatch+wait (serialized)  1117.04 ms   71.2%   192 dispatches/group
    p1 host work                  741.42 ms   47.3%   (conv 32.7  bias 272.1  attn 258.8  elt 177.8)
    p2 host work                  748.46 ms   47.7%   (conv 33.2  bias 264.3  attn 275.7  elt 175.2)
    p3 host work                  723.69 ms   46.1%   (conv 33.4  bias 252.0  attn 269.7  elt 168.6)
    p4 host work                  721.41 ms   46.0%   (conv 24.2  bias 270.8  attn 246.1  elt 180.4)
--- command: "C:\Users\vegar\Documents\GitHub\NpuEmbeddings\runtime\build\npuembed.exe" 
C:\Users\vegar\Documents\GitHub\NpuEmbeddings --model nomic-embed-text-v1.5.int8 --artifacts artifacts_int8c_nomic 
--threads 24 --pipeline 4 --bench 5
  fixtures   nomic-embed-text-v1.5 (matched by checkpoint sha, not by name)
NpuEmbeddings C++ runtime -- full encode
  bo-mode    host_only (data-buffer allocation)
  model      nomic-embed-text-v1.5.int8: 246 tensors, 209.64 MB, checkpoint 9e7d262b1fe5ea35
  shape      nomic-ai/nomic-embed-text-v1.5: 12 layers, hidden 768, 12 heads x 64, ffn 3072, mean pooling
  designs    ONE xclbin, 4 streams (1 batch tiers), one hw_context
  datapath   UNRECORDED (design predates tasks/0104), C as bf16
  toolchain  UNRECORDED (design predates tasks/0106)
  shape      batch 128 x seq 64  (M = 8192)
  tiers      128  (requests are right-sized, not padded)
  gelu       on the HOST (fp32) -- 12 fewer NPU dispatches
  softmax    on the HOST (fp32) -- 12 fewer NPU dispatches
  layernorm  on the HOST (fp32) -- 25 fewer NPU dispatches
  bo-align   last data buffer aligned to 65536 B
  weights    113.25 MB staged on the device once, not per call
  pipeline   4 concurrent encodes of 128, one NPU mutex, 6 host threads per lane
  npu        exclusive -- 8 hw_context(s), none Active but ours (C:\Windows\System32\AMD\xrt-smi.exe)

  5 pipelined groups of 4 x 128 sequences at seq 64
    wall  1580.37 ms   ->     324.0 seq/s
    cpu  15468.75 ms   ->      9.79 cores busy
    NPU dispatch+wait (serialized)  1104.26 ms   69.9%   192 dispatches/group
    p1 host work                  733.33 ms   46.4%   (conv 36.4  bias 261.5  attn 269.4  elt 166.0)
    p2 host work                  748.67 ms   47.4%   (conv 31.6  bias 272.6  attn 267.7  elt 176.8)
    p3 host work                  721.93 ms   45.7%   (conv 35.5  bias 251.8  attn 265.9  elt 168.7)
    p4 host work                  720.57 ms   45.6%   (conv 27.7  bias 260.1  attn 258.6  elt 174.2)
--- command: "C:\Users\vegar\Documents\GitHub\NpuEmbeddings\runtime\build\npuembed.exe" 
C:\Users\vegar\Documents\GitHub\NpuEmbeddings --model nomic-embed-text-v1.5.int8 --artifacts artifacts_int8c_nomic 
--threads 24 --pipeline 4 --bench 5
  fixtures   nomic-embed-text-v1.5 (matched by checkpoint sha, not by name)
NpuEmbeddings C++ runtime -- full encode
  bo-mode    host_only (data-buffer allocation)
  model      nomic-embed-text-v1.5.int8: 246 tensors, 209.64 MB, checkpoint 9e7d262b1fe5ea35
  shape      nomic-ai/nomic-embed-text-v1.5: 12 layers, hidden 768, 12 heads x 64, ffn 3072, mean pooling
  designs    ONE xclbin, 4 streams (1 batch tiers), one hw_context
  datapath   UNRECORDED (design predates tasks/0104), C as bf16
  toolchain  UNRECORDED (design predates tasks/0106)
  shape      batch 128 x seq 64  (M = 8192)
  tiers      128  (requests are right-sized, not padded)
  gelu       on the HOST (fp32) -- 12 fewer NPU dispatches
  softmax    on the HOST (fp32) -- 12 fewer NPU dispatches
  layernorm  on the HOST (fp32) -- 25 fewer NPU dispatches
  bo-align   last data buffer aligned to 65536 B
  weights    113.25 MB staged on the device once, not per call
  pipeline   4 concurrent encodes of 128, one NPU mutex, 6 host threads per lane
  npu        exclusive -- 8 hw_context(s), none Active but ours (C:\Windows\System32\AMD\xrt-smi.exe)

  5 pipelined groups of 4 x 128 sequences at seq 64
    wall  1575.16 ms   ->     325.0 seq/s
    cpu  15496.88 ms   ->      9.84 cores busy
    NPU dispatch+wait (serialized)  1111.60 ms   70.6%   192 dispatches/group
    p1 host work                  722.96 ms   45.9%   (conv 30.9  bias 260.2  attn 258.8  elt 173.2)
    p2 host work                  727.75 ms   46.2%   (conv 35.1  bias 260.9  attn 262.1  elt 169.7)
    p3 host work                  703.92 ms   44.7%   (conv 32.2  bias 241.9  attn 260.6  elt 169.2)
    p4 host work                  744.98 ms   47.3%   (conv 29.5  bias 276.2  attn 260.5  elt 178.7)
-- interleaved CPU ratio (8 rounds)
--- command: "C:\Users\vegar\Documents\GitHub\NpuEmbeddings\.venv-ref\Scripts\python.exe" -u 
C:\Users\vegar\Documents\GitHub\NpuEmbeddings\experiments\m8-npu-vs-cpu\compare_three.py --model 
nomic-embed-text-v1.5.int8 --artifacts artifacts_int8c_nomic --rounds 8 --threads 24 --pipeline 4 --out 
C:\Users\vegar\Documents\GitHub\NpuEmbeddings\tasks\0119-release-sweep-040\interleaved-nomic-embed-text-v1.5.int8.json
Traceback (most recent call last):
  File "C:\Users\vegar\Documents\GitHub\NpuEmbeddings\experiments\m8-npu-vs-cpu\compare_three.py", line 297, in 
<module>
    raise SystemExit(main())
                     ~~~~^^
  File "C:\Users\vegar\Documents\GitHub\NpuEmbeddings\experiments\m8-npu-vs-cpu\compare_three.py", line 83, in main
    mode = read_pooling(model_dir)
  File "C:\Users\vegar\Documents\GitHub\NpuEmbeddings\experiments\m8-npu-vs-cpu\bench_cpu_ort.py", line 47, in 
read_pooling
    c = json.loads(p.read_text(encoding="utf-8"))
                   ~~~~~~~~~~~^^^^^^^^^^^^^^^^^^
  File "C:\Users\vegar\.conda\envs\iron\Lib\pathlib\_local.py", line 546, in read_text
    return PathBase.read_text(self, encoding, errors, newline)
           ~~~~~~~~~~~~~~~~~~^^^^^^^^^^^^^^^^^^^^^^^^^^^^^^^^^
  File "C:\Users\vegar\.conda\envs\iron\Lib\pathlib\_abc.py", line 632, in read_text
    with self.open(mode='r', encoding=encoding, errors=errors, newline=newline) as f:
         ~~~~~~~~~^^^^^^^^^^^^^^^^^^^^^^^^^^^^^^^^^^^^^^^^^^^^^^^^^^^^^^^^^^^^^
  File "C:\Users\vegar\.conda\envs\iron\Lib\pathlib\_local.py", line 537, in open
    return io.open(self, mode, buffering, encoding, errors, newline)
           ~~~~~~~^^^^^^^^^^^^^^^^^^^^^^^^^^^^^^^^^^^^^^^^^^^^^^^^^^
FileNotFoundError: [Errno 2] No such file or directory: 
'C:\\Users\\vegar\\Documents\\GitHub\\NpuEmbeddings\\models\\nomic-embed-text-v1.5.int8\\1_Pooling\\config.json'

############ embeddinggemma-300m.int8 ############
-- accuracy (golden check)
--- command: "C:\Users\vegar\Documents\GitHub\NpuEmbeddings\runtime\build\npuembed.exe" 
C:\Users\vegar\Documents\GitHub\NpuEmbeddings --model embeddinggemma-300m.int8 --artifacts artifacts_int8c_gemma 
--embed C:\Users\vegar\Documents\GitHub\NpuEmbeddings\tasks\0074-m13-gemma-on-npu\corpus.txt 
C:\Users\vegar\Documents\GitHub\NpuEmbeddings\tasks\0119-release-sweep-040\accuracy-embeddinggemma-300m.int8.f32 
--threads 24 --pipeline 4
error: this model has task prefixes and one must be named: pass --prefix with one of [BitextMining, Classification, 
Clustering, InstructionRetrieval, MultilabelClassification, PairClassification, Reranking, Retrieval, 
Retrieval-document, Retrieval-query, STS, Summarization, document, query], or --prefix "" for no prefix at all. 
Refusing to pick one for you -- a wrongly-prefixed embedding is correctly shaped and correctly normed, so nothing 
downstream can tell that the answer is wrong.
NpuEmbeddings C++ runtime -- EmbeddingGemma (arch=1)
  model      C:\Users\vegar\Documents\GitHub\NpuEmbeddings\models\embeddinggemma-300m.int8.npue
  hidden     768, tokenizer 262144 tokens
  path       NPU -- 4 GEMMs/layer x 24 layers = 96 dispatches, ONE xclbin, one hw_context
  designs    C:\Users\vegar\Documents\GitHub\NpuEmbeddings/runtime/artifacts_int8c_gemma  (4 streams, 1 batch tiers)
  datapath   UNRECORDED (design predates tasks/0104), C as bf16
  toolchain  UNRECORDED (design predates tasks/0106)
  qkv        N=1536  (q[0,768) k[768,1024) v[1024,1280), 256 zero-padded cols)
  staged     106.2 MB of tiled int8 weights on the device
  host       RMSNorm x97, RoPE, GeGLU, MQA attention (2.3% of MACs)
--- command: "C:\Users\vegar\Documents\GitHub\NpuEmbeddings\.venv-ref\Scripts\python.exe" -u 
C:\Users\vegar\Documents\GitHub\NpuEmbeddings\tools\verify_gemma_npu_encode.py --npu 
C:\Users\vegar\Documents\GitHub\NpuEmbeddings\tasks\0119-release-sweep-040\accuracy-embeddinggemma-300m.int8.f32 --cpu 
C:\Users\vegar\Documents\GitHub\NpuEmbeddings\tasks\0074-m13-gemma-on-npu\out_cpu.f32
Traceback (most recent call last):
  File "C:\Users\vegar\Documents\GitHub\NpuEmbeddings\tools\verify_gemma_npu_encode.py", line 113, in <module>
    sys.exit(main())
             ~~~~^^
  File "C:\Users\vegar\Documents\GitHub\NpuEmbeddings\tools\verify_gemma_npu_encode.py", line 56, in main
    a = load(args.npu, args.hidden)
  File "C:\Users\vegar\Documents\GitHub\NpuEmbeddings\tools\verify_gemma_npu_encode.py", line 37, in load
    v = np.fromfile(path, dtype=np.float32)
FileNotFoundError: [Errno 2] No such file or directory: 'C:\\Users\\vegar\\Documents\\GitHub\\NpuEmbeddings\\tasks\\011
9-release-sweep-040\\accuracy-embeddinggemma-300m.int8.f32'
-- throughput (4 lanes, contention guard ON)
--- command: "C:\Users\vegar\Documents\GitHub\NpuEmbeddings\runtime\build\npuembed.exe" 
C:\Users\vegar\Documents\GitHub\NpuEmbeddings --model embeddinggemma-300m.int8 --artifacts artifacts_int8c_gemma 
--embed C:\Users\vegar\Documents\GitHub\NpuEmbeddings\tasks\0074-m13-gemma-on-npu\corpus_520.txt --threads 24 
--pipeline 4 --guard-contention
error: this model has task prefixes and one must be named: pass --prefix with one of [BitextMining, Classification, 
Clustering, InstructionRetrieval, MultilabelClassification, PairClassification, Reranking, Retrieval, 
Retrieval-document, Retrieval-query, STS, Summarization, document, query], or --prefix "" for no prefix at all. 
Refusing to pick one for you -- a wrongly-prefixed embedding is correctly shaped and correctly normed, so nothing 
downstream can tell that the answer is wrong.
NpuEmbeddings C++ runtime -- EmbeddingGemma (arch=1)
  model      C:\Users\vegar\Documents\GitHub\NpuEmbeddings\models\embeddinggemma-300m.int8.npue
  npu        exclusive -- 7 hw_context(s), none Active but ours (C:\Windows\System32\AMD\xrt-smi.exe)
  hidden     768, tokenizer 262144 tokens
  path       NPU -- 4 GEMMs/layer x 24 layers = 96 dispatches, ONE xclbin, one hw_context
  designs    C:\Users\vegar\Documents\GitHub\NpuEmbeddings/runtime/artifacts_int8c_gemma  (4 streams, 1 batch tiers)
  datapath   UNRECORDED (design predates tasks/0104), C as bf16
  toolchain  UNRECORDED (design predates tasks/0106)
  qkv        N=1536  (q[0,768) k[768,1024) v[1024,1280), 256 zero-padded cols)
  staged     106.2 MB of tiled int8 weights on the device
  host       RMSNorm x97, RoPE, GeGLU, MQA attention (2.3% of MACs)
  REFUSED (exit 2) -- contention guard. NOT retrying with --allow-contention.
-- interleaved CPU ratio (8 rounds)
--- command: "C:\Users\vegar\Documents\GitHub\NpuEmbeddings\.venv-ref\Scripts\python.exe" -u 
C:\Users\vegar\Documents\GitHub\NpuEmbeddings\experiments\m8-npu-vs-cpu\compare_three.py --model 
embeddinggemma-300m.int8 --artifacts artifacts_int8c_gemma --rounds 8 --threads 24 --pipeline 4 --out 
C:\Users\vegar\Documents\GitHub\NpuEmbeddings\tasks\0119-release-sweep-040\interleaved-embeddinggemma-300m.int8.json
Traceback (most recent call last):
  File "C:\Users\vegar\Documents\GitHub\NpuEmbeddings\experiments\m8-npu-vs-cpu\compare_three.py", line 297, in 
<module>
    raise SystemExit(main())
                     ~~~~^^
  File "C:\Users\vegar\Documents\GitHub\NpuEmbeddings\experiments\m8-npu-vs-cpu\compare_three.py", line 83, in main
    mode = read_pooling(model_dir)
  File "C:\Users\vegar\Documents\GitHub\NpuEmbeddings\experiments\m8-npu-vs-cpu\bench_cpu_ort.py", line 47, in 
read_pooling
    c = json.loads(p.read_text(encoding="utf-8"))
                   ~~~~~~~~~~~^^^^^^^^^^^^^^^^^^
  File "C:\Users\vegar\.conda\envs\iron\Lib\pathlib\_local.py", line 546, in read_text
    return PathBase.read_text(self, encoding, errors, newline)
           ~~~~~~~~~~~~~~~~~~^^^^^^^^^^^^^^^^^^^^^^^^^^^^^^^^^
  File "C:\Users\vegar\.conda\envs\iron\Lib\pathlib\_abc.py", line 632, in read_text
    with self.open(mode='r', encoding=encoding, errors=errors, newline=newline) as f:
         ~~~~~~~~~^^^^^^^^^^^^^^^^^^^^^^^^^^^^^^^^^^^^^^^^^^^^^^^^^^^^^^^^^^^^^
  File "C:\Users\vegar\.conda\envs\iron\Lib\pathlib\_local.py", line 537, in open
    return io.open(self, mode, buffering, encoding, errors, newline)
           ~~~~~~~^^^^^^^^^^^^^^^^^^^^^^^^^^^^^^^^^^^^^^^^^^^^^^^^^^
FileNotFoundError: [Errno 2] No such file or directory: 
'C:\\Users\\vegar\\Documents\\GitHub\\NpuEmbeddings\\models\\embeddinggemma-300m.int8\\1_Pooling\\config.json'

================ SWEEP DONE ================
  logs and per-model artifacts: tasks\0119-release-sweep-040
  index: C:\Users\vegar\Documents\GitHub\NpuEmbeddings\tasks\0119-release-sweep-040\sweep.json

  Every figure above is end-to-end throughput or a host-side cost.
  NONE of it is an NPU kernel performance claim -- those come from
  hardware traces or static instruction counts (CLAUDE.md rule 1).
